data_source,note,code,name,address,city,county,state,zip_code,AOR,date_of_last_use,date_of_first_use,latitude,longitude
locations.csv,"exact latitude, longitude (city)",AAORDMD,ANNE ARUNDEL COUNTY ORDNANCE ROAD CORRECTIONAL CTR,600 E. ORDNANCE ROAD,GLEN BURNIE,ANNE ARUNDEL,MD,21060,BAL,2004-11-17,30/10/2017,39.19969535,-76.59393033
sarahs research,Latitude Longitude based only on state,ABIRJVA,SW VIRGINIA REG JAIL AUTH-ABG FAC,,,,VA,,,,,37.7693,-78.17
locations.csv,"exact latitude, longitude (city)",ABQHOLD,ALBUQUERQUE HOLD ROOM,1720 RANDOLPH ROAD,ALBUQUERQUE,BERNALILLO,NM,87106,ELP,24/10/2017,26/05/2009,35.0526543,-106.6292985
locations.csv,"exact latitude, longitude (city)",ABRDNWA,ABERDEEN CITY JAIL,210 EAST MARKET ST,ABERDEEN,GRAYS HARBOR,WA,98520,SEA,20/09/2007,14/09/2007,46.97615215,-123.8173566
locations.csv,"exact latitude, longitude (city)",ABRXSPA,ABRAXAS ACADEMY DETENTION CENTER,1000 ACADEMY DRIVE,MORGANTOWN,BERKS,PA,19543,PHI,2004-11-17,23/05/2014,40.19177,-75.91592
locations.csv,"exact latitude, longitude (city)",ABTHOLD,ABILENE HOLD ROOM,12071 FM 3522,ABILENE,ABILENE,TX,79601,DAL,,,32.56212771,-99.63538265
locations.csv,"exact latitude, longitude (city)",ADACOID,ADA COUNTY JAIL,7210 BARRISTER DRIVE,BOISE,ADA,ID,83704,SLC,2007-09-10,28/09/1998,43.60675502,-116.269811
locations.csv,"exact latitude, longitude (city)",ADAMSCO,ADAMS COUNTY JAIL,1901 E BRIDGE STREET,BRIGHTON,ADAMS,CO,80601,DEN,20/03/2008,22/01/1991,39.986877,-104.799156
sarahs research,"exact latitude, longitude (city)",ADAMSMS,ADAMS COUNTY CORRECTIONAL CENTER,,Natchez,Adams,MS,,,,,31.5437,-91.3867
locations.csv,"exact latitude, longitude (city)",ADAMSPA,ADAMS COUNTY JAIL,45 MAJOR BELL LANE,GETTYSBURGH,ADAMS,PA,17325,PHI,,,39.85883,-77.15777
locations.csv,"exact latitude, longitude (city)",ADAMSWA,ADAMS COUNTY,210 W BRAODWAY,RITZVILLE,ADAMS,WA,99169,SEA,20/09/2012,2006-10-03,47.12747,-118.38267
locations.csv,"exact latitude, longitude (city)",ADDCOVT,ADDISON COUNTY JAIL,35 COURT STREET,MIDDLEBURY,ADDISON,VT,5753,BOS,30/01/2012,2009-02-04,44.0115189,-73.16354529
locations.csv,"exact latitude, longitude (city)",ADLNTCA,ADELANTO ICE PROCESSING CENTER,10250 RANCHO ROAD,ADELANTO,SAN BERNARDINO,CA,92301,LOS,2004-11-17,29/08/2011,34.55772948,-117.4418648
sarahs research,,ADVHBCA,,,,,CA,,,,,36.1162,-119.6816
sarahs research,"exact latitude, longitude (city)",ADVHCHI,,,,,HI,,,,,21.0943,-157.4983
sarahs research,"exact latitude, longitude (city)",ADVHDCA,,,,,CA,,,,,36.1162,-119.6816
locations.csv,"exact latitude, longitude (city)",AFRC,ARTESIA FAMILY RESIDENTIAL CENTER,1300 W. RICHEY AVENUE,ARTESIA,COUNTY,NM,88210,ELP,17/12/2014,27/06/2014,32.8571484,-104.4153316
locations.csv,"exact latitude, longitude (city)",AGAHOLD,AGANA HOLD,108 Herman Cortez Ave,HagÌ´tÌ±a,GUAM,GU,96910,SFR,14/11/2016,24/03/2002,13.476607,144.747679
locations.csv,"exact latitude, longitude (city)",AGC,AGUADILLA,"Maleza Baja, Aguadilla, Puerto Rico, Aguadilla 00604Puerto Rico",AGUADILLA,AGUADILLA,PR,603,MIA,2005-08-13,7/2/87,18.49428,-67.14213
locations.csv,"exact latitude, longitude (city)",AGMDCCA,ANAHEIM GLOBAL MEDICAL CENTER,1025 S ANAHEIM BLVD,ANAHEIM,ORANGE,CA,92805,LOS,2004-11-17,14/07/2015,33.8205041,-117.9096302
sarahs research,Latitude Longitude based only on state,AHGRFND,,,,,,,,,,47.5515,-101.002
locations.csv,"exact latitude, longitude (city)",AIRHOPR,AIRPORT HOTEL (SAN JUAN),LUIS MUNOZ MARIN INTR AIRPORT,ISLA VERDE,CAROLINA,PR,913,MIA,18/04/2017,24/10/1990,18.439917,-66.004817
locations.csv,"exact latitude, longitude (city)",AKCCANC,STATE CORRECTIONAL CENTER,625 C STREET,ANCHORAGE,ANCHORAGE,AK,99501,SEA,19/02/2008,24/01/1991,61.21602455,-149.884685
locations.csv,"exact latitude, longitude (city)",AKCOOKI,COOK INLET PRETRIAL (ANCHORAGE),1300 E 4TH AVENUE,ANCHORAGE,ANCHORAGE,AK,99501,SEA,25/05/2017,4/2/91,61.2185447,-149.8710002
locations.csv,"exact latitude, longitude (city)",AKFAIRB,FAIRBANKS CORRECTIONAL CENTER,1931 EAGAN STREET,FAIRBANKS,FAIRBANKS NORTH STAR,AK,99701,SEA,15/03/2017,24/02/1994,64.83457376,-147.7607932
sarahs research,Latitude Longitude based only on state,AKGSCCC,GOOSE CREEK CORRECTIONAL CENTER,,,,AK,,,,,61.3707,-152.4044
locations.csv,"exact latitude, longitude (city)",AKHIGHL,HILAND MOUNTAIN CORRECTIONAL CENTER,9101 HESTERBERG ROAD,EAGLE RIVER,ANCHORAGE,AK,99577,SEA,13/03/2014,17/12/1992,61.3039289,-149.5801753
locations.csv,"exact latitude, longitude (city)",AKKETCH,KETCHIKAN REGIONAL CC,1201 SCHOENBAR ROAD,KETCHIKAN,PRINCE OF WALES -OUTER KETCHIKAN,AK,99901,SEA,2007-01-16,27/07/1991,55.348401,-131.649562
locations.csv,"exact latitude, longitude (city)",AKLEMON,LEMON CREEK,2000 LEMON CREEK ROAD,JUNEAU,JUNEAU,AK,99801,SEA,2004-12-16,17/10/1991,58.36119563,-134.4876484
locations.csv,"exact latitude, longitude (city)",AKMATSU,MAT-SU PRETRIAL,339 E. DOGWOOD,PALMER,MATANUSKA SUSITNA,AK,99645,SEA,28/10/2008,27/11/1992,61.6013708,-149.1186543
locations.csv,"exact latitude, longitude (city)",AKMCYOU,MCLAUGHLIN YOUTH CENTER,2600 PROVIDENCE DR,ANCHORAGE,ANCHORAGE,AK,99508,SEA,2005-05-10,4/5/98,61.18796856,-149.8318704
locations.csv,"exact latitude, longitude (city)",AKPALMC,PALMER CORRECTIONAL CENTER,MILE 58 GLENN HIGHWAY,PALMER,PALMER,AK,99645,SEA,2008-06-14,11/9/94,61.5876053,-149.1269534
locations.csv,"exact latitude, longitude (city)",AKPSYNJ,ANNE KLEIN PSYCHIATRIC INSTITUTE,SULLIVAN WAY,W. TRENTON,MERCER,NJ,8628,NEW,19/04/2007,20/05/2005,40.2566566,-74.8159709
locations.csv,"exact latitude, longitude (city)",AKWILCC,WILDWOOD STATE CORRECTIONAL CENTER,#10 CHUGACH AVENUE,KENAI,KENAI PENINSULA,AK,99611,SEA,2004-08-14,31/01/1994,60.58307999,-151.3001342
locations.csv,"exact latitude, longitude (city)",AKWILPT,WILDWOOD PRETRIAL FACILITY,5 CHUGACH AVENUE,KENAI,KENAI PENINSULA,AK,99611,SEA,21/01/2014,28/01/2009,60.58308555,-151.3001341
locations.csv,"exact latitude, longitude (city)",ALAMCNC,ALAMANCE COUNTY DETENTION FACILITY,109 SOUTH MAPLE STREET,GRAHAM,ALAMANCE,NC,27253,ATL,18/09/2012,15/05/2006,36.0685551,-79.402463
sarahs research,Latitude Longitude based only on state,ALAMOTX,ALAMO POLICE DEPT.,,,,TX,,,,,31.0545,-97.5635
locations.csv,"exact latitude, longitude (city)",ALBANWY,ALBANY COUNTY JAIL,ALBANY COUNTY COURTHOUSE,LARAMIE,ALBANY,WY,82070,DEN,29/01/2008,6/2/92,41.31129205,-105.590273
locations.csv,"exact latitude, longitude (city)",ALBCONY,ALBANY COUNTY JAIL,840 ALBANY SHAKER ROAD,ALBANY,KINGS,NY,12211,BUF,2004-11-17,13/07/1988,42.75141,-73.81536
locations.csv,"exact latitude, longitude (city)",ALBEMVA,ALBEMARLE-CHARLOTTSVILLE,"160 Peregory Ln, Charlottesville, VA 22902",CHARLOTTESVILLE,ABERMARLE,VA,22901,WAS,13/08/2014,2011-12-13,38.006074,-78.494559
locations.csv,"exact latitude, longitude (city)",ALBHOLD,ALBANY HOLD ROOM,1086 TROY-SCHENECTADY RD,LATHAM,ALBANY,NY,12110,BUF,14/06/2017,25/05/2016,42.7533809,-73.769379
locations.csv,"exact latitude, longitude (city)",ALEXAVA,ALEXANDRIA CITY JAIL,2003 MILL ROAD,ALEXANDRIA,ALEXANDRIA CITY,VA,22314,WAS,31/10/2017,28/11/1989,38.79861232,-77.06731218
locations.csv,"exact latitude, longitude (city)",ALHAMCA,ALHAMBRA CITY JAIL,211 S. FIRST ST.,ALHAMBRA,LOS ANGELES,CA,91801,LOS,2008-03-16,2009-07-08,34.09197,-118.12666
locations.csv,"exact latitude, longitude (city)",ALLEGNY,ALLEGANY COUNTY JAIL,4884 STATE ROUTE 19,BELMONT,ALLEGANY,NY,14813,BUF,2004-11-17,5/11/87,42.21245,-78.01715
locations.csv,"exact latitude, longitude (city)",ALLEGPA,ALLEGHENY COUNTY JAIL,950 SECOND AVENUE,PITTSBURGH,ALLEGHENY,PA,15219,PHI,30/09/2014,2/4/87,40.43458225,-79.99369316
locations.csv,"exact latitude, longitude (city)",ALMHOLD,ALAMOSA HOLDROOM,1921 STATE STREET,ALAMOSA,ALAMOSA,CO,81101,DEN,26/10/2012,26/02/2011,37.487897,-105.8597891
locations.csv,"exact latitude, longitude (city)",AMTHOLD,AMARILLO HOLD ROOM,8601 E. AMARILLO BLVD,AMARILLO,POTTER,TX,79801,DAL,2007-05-17,21/03/2013,35.22253615,-101.7488485
locations.csv,"exact latitude, longitude (city)",ANCHOAK,ANCHORAGE CORRECTIONAL COMPLEX,1400 E. 4TH AVE,ANCHORAGE,ANCHORAGE,AK,99501,SEA,2004-11-17,10/7/88,61.2183804,-149.857649
sarahs research,"exact latitude, longitude (city)",ANCHOLD,ANCHORAGE SUB-OFFICE HOLD ROOM,,Anchorage,Anchorage,AK,,,,,61.1508,-149.1091
sarahs research,"county approximate center only (latitude, longitude)",ANDERSC,ANDERSON COUNTY DET CENTER,,,Anderson,SC,,,,,34.5211,-82.6478
locations.csv,"exact latitude, longitude (city)",ANDROME,ANDROSCOGGIN COUNTY JAIL,2 TURNER STREET,AUBURN,ANDROSCOGGIN,ME,4210,BOS,22/01/2006,23/08/1993,44.09793375,-70.22700832
locations.csv,"exact latitude, longitude (city)",ANGELTX,ANGELINA COUNTY JAIL,C.S.C. LUFKIN C.F.113 N. SECOND ST.,LUFKIN,ANGELINA,TX,75901,HOU,2007-11-04,31/03/2004,31.339888,-94.727823
locations.csv,"exact latitude, longitude (city)",ANJUVMN,ANOKA COUNTY JUVENILE,7555 4TH AVENUE,LINO LAKES,ANOKA,MN,55014,SPM,21/07/2010,28/05/1998,45.18104431,-93.12241419
sarahs research,"exact latitude, longitude (city)",ANSGHTX,,,,,TX,,,,,31.0545,-97.5635
locations.csv,"exact latitude, longitude (city)",APACHAZ,APACHE COUNTY JAIL,370 SOUTH WASHINGTON ST,ST JOHNS,APACHE,AZ,85936,PHO,2003-09-13,25/04/1993,34.50160957,-109.3644879
locations.csv,"exact latitude, longitude (city)",APIBHCA,ALVARADO PARKWAY INSTITUTE,7050 PARKWAY DR,LA MESA,SAN DIEGO,CA,91942,SND,2004-11-17,27/02/2015,32.774357,-117.0440893
locations.csv,"exact latitude, longitude (city)",APPSCLA,ALLEN PARISH PUBLIC SAFETY COMPLEX,7340 HIGHWAY 26 WEST,OBERLIN,ALLEN,LA,70655,NOL,2004-11-17,18/05/2016,30.620368,-92.756652
locations.csv,"exact latitude, longitude (city)",ARAPACO,ARAPAHOE COUNTY JAIL,3686 SOUTH COURT PLACE,LITTLETON,ARAPAHOE,CO,80120,DEN,26/05/2008,24/11/1990,39.614347,-105.0127466
locations.csv,"exact latitude, longitude (city)",ARCHUCO,ARCHULETA COUNTY JAIL,449 SAN JUAN STREET,PAGOSA SPRINGS,ARCHULETA,CO,81147,DEN,23/09/2007,2007-09-07,37.26643892,-107.0115422
locations.csv,"exact latitude, longitude (city)",ARDCTEX,ARKANSAS DEPARTMENT OF CORRECTIONS (TEXARKANA),"100 NORTH STATELINE AVENUE, BOX 21",TEXARKANA,MILLER,AR,75502,NOL,24/05/2004,14/11/2001,33.42086,-94.04316
locations.csv,"exact latitude, longitude (city)",ARLCOVA,ARLINGTON COUNTY JAIL,1435 NORTH COURTHOUSE ROAD,ARLINGTON,ARLINGTON,VA,22201,WAS,2004-01-11,11/9/91,38.89054,-77.08335
locations.csv,"exact latitude, longitude (city)",AROOSME,AROOSTOOK COUNTY JAIL,15 BROADWAY,HOULTON,AROOSTOOK,ME,4730,BOS,23/01/2012,25/09/1995,46.12455726,-67.83821384
locations.csv,"exact latitude, longitude (city)",ARRMCCA,ARROWHEAD REGIONAL MED CENTER,400 N. PEPPER AVENUE,COLTON,COUNTY,CA,92324,LOS,26/10/2017,2011-06-14,34.076434,-117.352826
locations.csv,"exact latitude, longitude (city)",ASHRSFL,ATLANTIC SHORES HOSPITAL,4545 NORTH FEDERAL HIGHWAY,FORT LAUDERDALE,BROWARD,FL,33308,MIA,2008-05-17,2001-12-10,26.122524,-80.137358
locations.csv,"exact latitude, longitude (city)",ATASCTX,ATASCOSA COUNTY JAIL,C/O JAIL ADMINISTRATOR,JOURDANTON,ATASCOSA,TX,78026,SNA,2001-02-07,21/02/1997,28.91759,-98.54523
locations.csv,"exact latitude, longitude (city)",ATCHIKS,ATCHINSON COUNTY JAIL,518 PARALLEL STREET,ATCHINSON,ATCHISON,KS,66002,CHI,28/07/2004,17/09/2000,39.56583,-95.11996
locations.csv,"exact latitude, longitude (city)",ATLANGA,ATLANTA CITY DETENTION CENTER,254 PEACHTREE STREET SOUTHWEST,ATLANTA,FULTON,GA,30303,ATL,2004-11-17,17/09/1996,33.7473132,-84.39539066
locations.csv,"exact latitude, longitude (city)",ATLHOLD,ATLANTA DISTRICT HOLD ROOM,"77 FORSYTH ST., SW.",ATLANTA,FULTON,GA,30303,ATL,2004-11-17,30/03/2000,33.7531639,-84.3931588
locations.csv,"exact latitude, longitude (city)",ATTHOLD,"ATHENS, TX HOLD ROOM",109 W CORSICANA STREET,ATHENS,HENDERSON,TX,75751,DAL,,,32.20444798,-95.85398128
locations.csv,"exact latitude, longitude (city)",AUDRNMO,AUDRAIN COUNTY JAIL,1100 LITTLEBY ROAD,MEXICO,AUDRAIN,MO,65265,CHI,17/11/2004,14/01/2003,39.168771,-91.819628
locations.csv,"exact latitude, longitude (city)",AURORCO,AURORA CITY JAIL,1500 EAST ALAMEDA DRIVE,AURORA,ARAPAHOE,CO,80017,DEN,2009-04-08,29/04/1998,39.709542,-104.789661
locations.csv,"exact latitude, longitude (city)",AUSHOLD,AUSTIN DRO HOLD ROOM,300 EAST 8TH STREET,AUSTIN,TRAVIS,TX,78701,SNA,2001-08-17,25/06/2010,30.269638,-97.738978
locations.csv,"exact latitude, longitude (city)",AVPARLA,AVOYELLES PARISH PRISON,675 GOVERNMENT STREET,MARKSVILLE,AVOYELLES,LA,71351,NOL,30/08/2001,5/10/86,31.11579343,-92.06695499
locations.csv,"exact latitude, longitude (city)",AVWOMLA,AVOYELLES WOMENS CORRECTIONAL CENTER,675 GOVERNMENT ST,MARKSVILLE,AVOYELLES,LA,71351,NOL,27/05/2004,24/08/1992,31.11579343,-92.06695499
locations.csv,"exact latitude, longitude (city)",AZDCTUC,ARIZONA DEPARTMENT OF CORRECTIONS - TUSCON,10000 SOUTH WILMOT,TUCSON,PIMA,AZ,85734,PHO,17/07/1990,17/07/1990,32.06606205,-110.858774
locations.csv,"exact latitude, longitude (city)",AZSPPER,PERRYVILLE STATE PRISON,2105 NORTH CITRUS RD,GOODYEAR,MARICOPA,AZ,85395,PHO,28/09/2016,27/12/2015,33.4632924,-112.4442216
sarahs research,Latitude Longitude based only on state,AZSVCPC,ARIZONA STATE PRISON - YUMA,,,,AZ,,,,,33.7298,-111.4312
locations.csv,"exact latitude, longitude (city)",BAILECA,GEORGE BAILEY DETENTION FACILITY,446 ALTA ROAD,SAN DIEGO,SAN DIEGO,CA,92158,SND,27/03/2017,13/09/2011,32.590244,-116.921241
locations.csv,"exact latitude, longitude (city)",BAKERFL,BAKER COUNTY SHERIFF'S OFFICE,1 SHERIFF OFFICE DRIVE,MACCLENNY,BAKER,FL,32063,MIA,2004-11-17,7/6/00,30.29596,-82.12172
locations.csv,"exact latitude, longitude (city)",BALDWAL,BALDWIN COUNTY CORRECTIONAL CENTER,200 HAND AVE.,BAY MINETTE,BALDWIN,AL,36507,NOL,2004-11-17,20/04/2011,30.88454,-87.774769
locations.csv,"exact latitude, longitude (city)",BALHOLD,BALTIMORE DD&P,1530 CATON CENTER DRIVE,BALTIMORE,BALTIMORE,MD,21227,BAL,29/10/2017,2001-07-01,39.2554234,-76.680689
sarahs research,"exact latitude, longitude (city)",BANHOAZ,BANNER UNIVERSITY MEDICAL PHOENIX,,Phoenix,,AZ,,,,,33.5722,-112.0892
locations.csv,"exact latitude, longitude (city)",BANNOID,BANNOCK COUNTY JAIL,5800 SOUTH 5TH AVE,POCATELLO,BANNOCK,ID,83204,SLC,21/09/2010,29/01/1991,42.8389531,-112.4095475
locations.csv,"exact latitude, longitude (city)",BARNSMA,BARNSTABLE COUNTY,"ROUTE 6 COURTHOUSE COMPLEX, BOX 397",BARNSTABLE,BARNSTABLE,MA,2630,BOS,22/04/2012,24/10/2006,41.69936,-70.30434
locations.csv,"exact latitude, longitude (city)",BARRECA,BARRETT HONOR CAMP,21077 LYONS VALLEY ROAD,ALPINE,PANOLA,CA,91901,SND,2002-01-01,12/5/86,32.73011,-116.69462
sarahs research,"county approximate center only (latitude, longitude)",BARTOGA,BARTOW CO JAIL,,,Bartow,GA,,,,,34.1644,-84.8009
locations.csv,"exact latitude, longitude (city)",BASCOTX,BASTROP COUNTY JAIL,C/O JAIL ADMINISTRATOR,BASTROP,BASTROP,TX,78602,SNA,18/09/2007,27/12/1990,30.10159,-97.30862
locations.csv,"exact latitude, longitude (city)",BASILLA,SOUTH LOUISIANA DETENTION CENTER,3843 STAGG AVENUE,BASILE,EVANGELINE,LA,70515,NOL,2005-01-16,31/01/1997,30.48657659,-92.58336608
locations.csv,"exact latitude, longitude (city)",BAYAMPR,BAYAMON HOSPITAL,100 LAUREL AVENUE,BAYAMON,SANTA JUANITA,PR,956,MIA,30/08/2017,27/03/2017,18.36813,-66.1545
locations.csv,"exact latitude, longitude (city)",BAYCOFL,BAY COUNTY,5600 NEHI ROAD,PANAMA CITY,BAY,FL,32404,MIA,2009-11-04,26/01/1995,30.178565,-85.566909
sarahs research,Latitude Longitude based only on state,BBCHPMI,BRONSON BATTLE CREEK HOSP,,,,MI,,,,,43.3266,-84.5361
locations.csv,"exact latitude, longitude (city)",BEACOSD,BEADLE COUNTY,"455 4th St SW, Rm #100Huron, SD 57350",HURON,BEADLE,SD,57350,SPM,13/03/2006,10/7/95,44.362115,-98.2219523
locations.csv,"exact latitude, longitude (city)",BEAURLA,BEAUREGARD PARISH JAIL,412 MAYEAUX DRIVE,DE RIDDER,BEAUREGARD,LA,70634,NOL,2004-11-04,4/2/88,30.84228,-93.28432
locations.csv,"exact latitude, longitude (city)",BEAVRPA,BEAVER COUNTY JAIL,6000 WOODLAWN BOULEVARD,ALIQUIPPA,BEAVER,PA,15001,PHI,2004-11-17,28/08/2017,40.629013,-80.239052
locations.csv,"exact latitude, longitude (city)",BEDCITX,BEDFORD MUNICIPAL DETENTION CENTER,2121 L DON DODSON DRIVE,BEDFORD,TARRANT,TX,76021,DAL,2004-11-17,6/7/99,32.84109036,-97.13309243
locations.csv,"exact latitude, longitude (city)",BEDFOOH,BEDFORD HEIGHTS CITY JAIL,5661 PERKINS ROAD,BEDFORD HTS,CUYAHOGA,OH,44146,DET,27/04/2015,31/12/1996,41.4089587,-81.4969259
locations.csv,"exact latitude, longitude (city)",BEDFOPA,BEDFORD COUNTY JAIL,204 THOMAS STREET,BEDFORD,BEDFORD,PA,15522,PHI,2007-12-09,20/03/1994,40.008089,-78.504786
locations.csv,"exact latitude, longitude (city)",BEFAMPA,BERKS COUNTY FAMILY SHELTER,1040 BERKS ROAD,LEESPORT,BERKS,PA,19533,PHI,2004-11-17,2007-01-01,40.379575,-76.019543
locations.csv,"exact latitude, longitude (city)",BEHOSNY,BELLEVUE HOSPITAL,462 1ST AVENUE,NEW YORK,NEW YORK,NY,10016,NYC,2010-04-17,2005-06-14,40.7395563,-73.976083
locations.csv,"exact latitude, longitude (city)",BEJUVPA,BERKS COUNTY,1261 COUNTY WELFARE ROAD,LEESPORT,BERKS,PA,19533,PHI,29/03/2012,2/2/94,40.382666,-76.017389
locations.csv,"exact latitude, longitude (city)",BELCOTX,BELL COUNTY JAIL,111 W. CENTRAL,BELTON,BELL,TX,76513,SNA,24/09/2007,22/05/1998,31.0463067,-97.48805383
locations.csv,"exact latitude, longitude (city)",BELJUTX,BELL COUNTY JUVENILE,4800 EAST RANCIER,KILLEEN,BELL,TX,76543,SNA,19/02/2007,21/01/1999,31.115801,-97.676738
locations.csv,"exact latitude, longitude (city)",BELKNNH,BELKNAP COUNTY JAIL,76 COUNTY DR,LACONIA,BELKNAP,NH,3246,BOS,21/10/2002,21/10/1992,43.54336614,-71.48424633
locations.csv,"exact latitude, longitude (city)",BELPDMI,BELLEVILLE POLICE DEPARTMENT (MICHIGAN),6 MAIN ST.,BELLEVILLE,WAYNE,MI,48111,DET,28/03/2004,23/03/1991,42.20504333,-83.48559846
locations.csv,"exact latitude, longitude (city)",BENTCCO,BENT COUNTY JAIL,11100 COUNTY RD GG 75,LAS ANIMAS,BENT,CO,81054,DEN,2008-10-07,2012-07-06,38.075749,-103.215199
locations.csv,"exact latitude, longitude (city)",BENTOAR,BENTON COUNTY DETENTION CENTER,1300 SW 14TH STREET,BENTONVILLE,BENTON,AR,72712,NOL,2011-06-08,30/01/2001,36.357448,-94.229937
locations.csv,"exact latitude, longitude (city)",BENTOIA,BENTON COUNTY JAIL,113 E 3RD ST,VINTON,BENTON,IA,52349,SPM,19/11/2003,4/5/98,42.16875878,-92.02400039
locations.csv,"exact latitude, longitude (city)",BENTOMN,BENTON COUNTY JAIL,581 HIGHWAY 23 NE,FOLEY,BENTON,MN,56329,SPM,2003-12-02,2/7/99,45.668487,-93.910143
locations.csv,"exact latitude, longitude (city)",BENTOWA,BENTON COUNTY JAIL,7320 W. QUINAULT,KENNEWICK,BENTON,WA,99336,SEA,22/12/2009,2009-11-05,46.22145003,-119.220502
locations.csv,"exact latitude, longitude (city)",BERGENJ,BERGEN COUNTY JAIL,160 SOUTH RIVER STREET,HACKENSACK,BERGEN,NJ,7601,NYC,2004-11-17,13/06/1989,40.87387305,-74.03904223
locations.csv,"exact latitude, longitude (city)",BERKSPA,BERKS COUNTY PRISON,1287 COUNTY WELFARE ROAD,LEESPORT,BERKS,PA,19533,PHI,2002-08-10,23/07/1986,40.38278,-76.017484
locations.csv,"exact latitude, longitude (city)",BERNANM,BERNALILLO COUNTY DETENTION CENTER,415 ROMA N.W.,ALBUQUERQUE,BERNALILLO,NM,87102,ELP,2002-04-09,25/08/1999,35.08934329,-106.6514373
locations.csv,"exact latitude, longitude (city)",BESECPA,BERKS COUNTY SECURED JUVENILE,1261 COUNTY WELFARE ROAD,LEESPORT,BERKS,PA,19533,PHI,22/05/2012,21/11/2000,40.382683,-76.017367
locations.csv,"exact latitude, longitude (city)",BEXARTX,BEXAR COUNTY JAIL,200 N Comal Street,SAN ANTONIO,BEXAR,TX,78207,SNA,22/10/2007,22/10/1983,29.428239,-98.507214
locations.csv,"exact latitude, longitude (city)",BEXJUTX,BEXAR COUNTY JUVENILE,600 MISSION ROAD,SAN ANTONIO,BRAZOS,TX,77803,SNA,30/03/2007,2/2/99,29.395084,-98.490707
locations.csv,"exact latitude, longitude (city)",BFGHITX,"BYRD'S FOSTER GROUP HOME, INC",5708 HARDY ST,HOUSTON,HARRIS,TX,77009,HOU,17/02/2016,17/02/2016,29.81131222,-95.35255014
sarahs research,Latitude Longitude based only on state,BFLHPNY,BUFFALO GENERAL HOSPITAL,,,,NY,,,,,42.1657,-74.9481
locations.csv,"exact latitude, longitude (city)",BHCALCA,ALHAMBRA BHC HOSPITAL,4619 N ROSEMEAD BLVD.,ROSEMEAD,LOS ANGELES,CA,91770,LOS,22/01/2015,2003-07-08,34.0773593,-118.0730467
locations.csv,"exact latitude, longitude (city)",BHCELLA,BHC EAST LAKE (HOSP.),5650 READ BLVD,NEW ORLEANS,ORLEANS PARISH,LA,70127,NOL,15/09/1999,4/6/99,30.03155755,-89.97302219
locations.csv,"exact latitude, longitude (city)",BHFLDMI,BRONSON HOSPITAL FIELDSTONE CENTER,165 N. WASHINGTON AVENUE,BATTLE CREEK,COUNTY,MI,49017,DET,24/01/2014,28/10/2013,42.329924,-85.19158
locations.csv,"exact latitude, longitude (city)",BHMHOLD,BIRMINGHAM HOLD ROOM,"1833 29th Ave S, Birmingham, AL 35209",HOMEWOOD,JEFFERSON,AL,35209,NOL,,,33.479539,-86.79116
sarahs research,Latitude Longitude based only on state,BIDHPMA,BETH ISRAEL DEACONESS HOSP,,,,MA,,,,,42.2302,-71.5301
locations.csv,"exact latitude, longitude (city)",BIGHOMT,BIG HORN COUNTY JAIL (MONTANA),COUNTY COURTHOUSE,HARDIN,BIG HORN,MT,59034,SLC,2009-03-11,3/4/00,45.732727,-107.608745
locations.csv,"exact latitude, longitude (city)",BIGHOWY,BIG HORN COUNTY JAIL (WYOMING),415 Murphy St,BASIN,BIG HORN,WY,82410,DEN,25/12/2007,16/05/2007,44.382788,-108.040123
sarahs research,Latitude Longitude based only on state,BIINCCO,,,,,CO,,,,,39.0598,-105.3111
locations.csv,"exact latitude, longitude (city)",BILHOLD,BILLINGS HOLD ROOM,2900 4TH AVE NORTH,BILLINGS,YELLOWSTONE,MT,59101,SLC,,,45.783884,-108.509563
sarahs research,Latitude Longitude based only on state,BIMDCAZ,BANNER IRONWOOD MED CTR,,,,AZ,,,,,33.7298,-111.4312
locations.csv,"exact latitude, longitude (city)",BINGHID,BINGHAM COUNTY JAIL,501 NORTH MAPLE,BLACKFOOT,BINGHAM,ID,83221,SLC,15/06/2008,29/01/1991,43.194573,-112.34457
locations.csv,"exact latitude, longitude (city)",BKLHOLD,BAKERFIELD HOLD,800 TRUXTUN,BAKERSFIELD,SUMMIT,CA,93301,SFR,2003-11-17,2011-02-08,35.37372,-119.01121
locations.csv,"exact latitude, longitude (city)",BLACKIA,BLACK HAWK COUNTY JAIL,225 E. 6TH STREET,WATERLOO,BLACK HAWK CO JAIL,IA,59523,SPM,2007-04-03,29/07/1996,42.497837,-92.333839
locations.csv,"exact latitude, longitude (city)",BLAINMT,BLAINE COUNTY JAIL,400 OHIO ST,CHINOOK,BLAINE,MT,59523,SLC,29/01/2003,20/12/1991,48.590912,-109.229434
locations.csv,"exact latitude, longitude (city)",BLANCTX,BLANCO COUNTY JAIL,400 S. US 28,JOHNSON CITY,BLANCO,TX,78636,SNA,24/06/2007,16/05/2006,30.288872,-98.408721
sarahs research,"exact latitude, longitude (city)",BLBNATX,BLUEBONNET DET FCLTY,,Anson,Jones,TX,,,,,32.755,-99.8963
sarahs research,"exact latitude, longitude (city)",BLGHOLD,BOWLING GREEN HOLD ROOM,,Bowling Green,Warren,KY,,,,,36.9716,-86.4378
locations.csv,"exact latitude, longitude (city)",BLHHOLD,BELLINGHAM BPS ERO HOLDROOM,1431 SUNSET AVE,FERNDALE,WHATCOM,WA,98248,SEA,2004-11-17,14/09/2017,48.82248594,-122.5611793
sarahs research,"exact latitude, longitude (city)",BLKREOK,,,,,OK,,,,,35.5653,-96.9289
locations.csv,"exact latitude, longitude (city)",BLOJVTN,BLOUNT COUNTY JUVENILE DETENTION CENTER,329 COURT ST,MARYVILLE,BLOUNT,TN,37804,NOL,25/01/2006,31/01/2003,35.755166,-83.968977
locations.csv,"exact latitude, longitude (city)",BLOUNTN,BLOUNT COUNTY JUSTICE CENTER,940 LAMAR ALEXANDER PARKWAY,MARYVILLE,BLOUNT,TN,37801,NOL,24/02/2009,9/12/99,35.74951168,-83.99067637
sarahs research,Latitude Longitude based only on state,BMCSATX,BAPTIST MEDICAL CENTER,,,,TX,,,,,31.0545,-97.5635
sarahs research,Latitude Longitude based only on state,BNMCTAZ,BANNER MEDICAL CTR TUCSON,,,,AZ,,,,,33.7298,-111.4312
locations.csv,"exact latitude, longitude (city)",BOEHOLD,EL PASO BOEING DR HOLDROOM,6451 BOEING DRIVE,EL PASO,EL PASO,TX,79925,ELP,2003-07-17,2010-07-14,31.79183661,-106.4025598
locations.csv,"exact latitude, longitude (city)",BOIHOLD,BOISE HOLDROOM,1185 S. VINNELL WAY,BOISE,ADA,ID,83709,SLC,28/05/2015,28/05/2015,43.5927664,-116.2860691
locations.csv,"exact latitude, longitude (city)",BONNEID,BONNEVILLE COUNTY,605 NORTH CAPITAL,IDAHO FALLS,BONNEVILLE,ID,83402,SLC,13/01/2013,14/01/1991,43.4949879,-112.040574
locations.csv,"exact latitude, longitude (city)",BONNRID,BONNER COUNTY DETENTION CENTER,"4001 N, BOYER AVE",SANDPOINT,BONNER,ID,83864,SLC,2011-09-07,2008-08-03,48.30672059,-116.5569062
locations.csv,"exact latitude, longitude (city)",BOONEKY,BOONE COUNTY JAIL,3020 CONRAD LANE,BURLINGTON,BOONE,KY,41005,CHI,2004-11-17,15/02/1994,39.03732571,-84.72366686
locations.csv,"exact latitude, longitude (city)",BOPALF,ALLENWOOD LOW SECURITY FEDERAL CORRECTIONAL INSTIT,"2 US-15, Allenwood, PA 17810",WHITE DEER,UNION,PA,17887,PHI,21/06/2005,23/06/1994,41.127767,-76.921971
locations.csv,"exact latitude, longitude (city)",BOPALM,ALLENWOOD (MEDICAL) FEDERAL CORRECTIONAL INSTITUTE,"2 US-15, Allenwood, PA 17810",WHITE DEER,UNION,PA,17887,PHI,18/03/2010,18/06/1991,41.127767,-76.921971
locations.csv,"exact latitude, longitude (city)",BOPALP,ALLENWOOD US PENITENTIARY,"Main Access Rd, Allenwood, PA 17810",WHITE DEER,UNION,PA,17887,PHI,14/09/2007,18/09/1991,41.132672,-76.925182
locations.csv,"exact latitude, longitude (city)",BOPASH,ASHLAND FEDERAL CORRECTIONAL INSTITUTE,ST RT 716,ASHLAND,BOYD,KY,41105,CHI,22/11/2004,14/11/1985,38.43568,-82.7025
sarahs research,"exact latitude, longitude (city)",BOPATL,ATLANTA U.S. PEN.,,Atlanta,Fulton,GA,,,,,33.7628,-84.422
locations.csv,"exact latitude, longitude (city)",BOPATW,ATWATER US PENITENTIARY,"#1 FEDERAL WAY, PO BOS 019000",ATWATER,MERCED,CA,95301,SFR,22/03/2005,2002-04-02,37.38606,-120.55857
locations.csv,"exact latitude, longitude (city)",BOPBAS,BASTROP FEDERAL CORRECTIONAL INSTITUTE,P.O. BOX 730,BASTROP,BASTROP,TX,78602,SNA,2009-08-07,19/05/1983,30.19163,-97.30764
locations.csv,"exact latitude, longitude (city)",BOPBEC,BECKLEY FEDERAL CORRECTIONAL INSTITUTE,"1600 INDUSTRIAL ROADBEAVER, WV  25813",BEAVER,RALEIGH,WV,25813,PHI,17/05/2006,5/6/92,37.785061,-81.202362
sarahs research,Latitude Longitude based only on state,BOPBER,FCI BERLIN,,,,NH,,,,,43.4525,-71.5639
locations.csv,"exact latitude, longitude (city)",BOPBIG,BIG SPRING FEDERAL CORRECTIONAL INSTITUTE,1900 SIMLER,BIG SPRING,HOWARD,TX,79720,DAL,25/03/2007,6/5/96,32.227276,-101.505591
locations.csv,"exact latitude, longitude (city)",BOPBMA,BEAUMONT FEDERAL CORRECTIONAL INSTITUTE,"5560 KNAUTH ROADBEAUMONT, TX  77705",BEAUMONT,JEFFERSON,TX,77720,HOU,22/07/2004,5/3/99,29.965166,-94.077397
locations.csv,"exact latitude, longitude (city)",BOPBML,BEAUMONT LOW SECURITY FEDERAL CORRECTIONAL CENTER,4550 HEBERT RD,BEAUMONT,JEFFERSON,TX,77720,HOU,16/10/2005,21/10/1999,29.965204,-94.076431
locations.csv,"exact latitude, longitude (city)",BOPBMM,BEAUMONT MEDIUM SECURITY FEDERAL CORRECTIONAL CENT,4550 HEBERT RD,BEAUMONT,JEFFERSON,TX,77720,HOU,16/01/2006,6/11/97,29.965204,-94.076431
locations.csv,"exact latitude, longitude (city)",BOPBMP,BEAUMONT FEDERAL,4550 HEBERT RD,BEAUMONT,JEFFERSON,TX,77720,HOU,13/03/2008,24/01/1995,29.96489,-94.07944
locations.csv,"exact latitude, longitude (city)",BOPBRO,BROOKLYN MDC,100 29TH STREET,BROOKLYN,KINGS,NY,11232,NYC,14/10/2007,14/09/2001,40.6597866,-74.00295819
locations.csv,"exact latitude, longitude (city)",BOPBUT,BUTNER FEDERAL CORRECTIONAL INSTITUTE,"3000 Old 75 Hwy, Butner, NC 27509",BUTNER,GRANVILLE,NC,27509,ATL,2006-05-10,19/08/1985,36.187179,-78.740535
locations.csv,"exact latitude, longitude (city)",BOPCAA,USP CANAAN,3057 EASTON TURNPIKE,WAYMART,WAYNE,PA,18472,PHI,22/10/2017,2002-09-09,41.564966,-75.420385
locations.csv,"exact latitude, longitude (city)",BOPCCC,CHICAGO MCC,71 W. VAN BUREN STREET,CHICAGO,COOK,IL,60605,CHI,19/11/2002,8/5/85,41.8766185,-87.63046673
locations.csv,"exact latitude, longitude (city)",BOPCNV,NASHVILLE COMMUNITY CORRECTIONS,701 BROADWAY STREET,NASHVILLE,DAVIDSON,TN,37203,NOL,21/10/2015,2003-05-13,36.226218,-86.626766
locations.csv,"exact latitude, longitude (city)",BOPCOL,COLEMAN FEDERAL CORRECTIONAL INSTITUTE,"846 NE 54th Terrace, Wildwood, FL 34785",COLEMAN,SUMTER,FL,34785,MIA,2011-04-06,19/02/1996,28.7558713,-82.013545
locations.csv,"exact latitude, longitude (city)",BOPCRW,CARSWELL FEDERAL MEDICAL CENTER,"J STREET, BUIDING 300",FORT WORTH,TARRANT,TX,76127,DAL,18/01/2006,9/5/98,32.785301,-97.419051
locations.csv,"exact latitude, longitude (city)",BOPCUM,CUMBERLAND FEDERAL CORRECTIONAL INSTITUTE,14601 BURBRIDGE ROAD SE,CUMBERLAND,ALLEGANY,MD,21502,BAL,13/04/2010,13/07/1998,39.597282,-78.754297
locations.csv,"exact latitude, longitude (city)",BOPDAL,DALBY CORRECTIONAL INSTITUTE,805 NORTH AVENUE F,POST,GARZA,TX,79356,DAL,20/06/2017,23/03/2017,33.20052812,-101.3716697
locations.csv,"exact latitude, longitude (city)",BOPDAN,DANBURY FEDERAL CORRECTIONAL INSTITUTE,"33 1/2 Pembroke Rd, Danbury, CT 06811",DANBURY,FAIRFIELD,CT,6811,BOS,21/06/1999,29/05/1986,41.4416241,-73.4729871
locations.csv,"exact latitude, longitude (city)",BOPDEV,DEVENS FEDERAL MEDICAL CENTER,ISM DEPARTMENT,AYER,MIDDLESEX,MA,1432,BOS,2006-05-08,21/01/1998,42.526207,-71.619425
locations.csv,"exact latitude, longitude (city)",BOPDUB,DUBLIN FEDERAL CORRECTION INSTITUTION,5701 8TH ST - CAMP PARKS,DUBLIN,ALAMEDA,CA,94568,SFR,2011-03-03,31/07/2001,37.717971,-121.894941
locations.csv,"exact latitude, longitude (city)",BOPEDG,EDGEFIELD FEDERAL CORRECTIONAL INSTITUTE,"501 Gary Hill Rd, Edgefield, SC 29824",EDGEFIELD,EDGEFIELD,SC,29824,ATL,27/07/2003,26/01/1998,33.757843,-81.919164
locations.csv,"exact latitude, longitude (city)",BOPELK,ELKTON FEDERAL CORRECTIONAL INSTITUTE,8730 SCROGGS ROAD,ELKTON,COLUMBIANA,OH,44415,DET,29/03/2005,2009-08-01,40.7727182,-80.70445799
locations.csv,"exact latitude, longitude (city)",BOPENG,ENGLEWOOD FEDERAL CORRECTIONAL INSTITUTION,9595 WEST QUINCEY AVE,LITTLETON,JEFFERSON,CO,80123,DEN,2004-05-08,5/10/80,39.641094,-105.105552
locations.csv,"exact latitude, longitude (city)",BOPERE,EL RENO FEDERAL CORRECTIONAL INSTITUTE,"4205 OK-66, El Reno, OK 73036",EL RENO,CANADIAN,OK,73036,DAL,22/05/2006,6/3/81,35.508055,-97.8965641
locations.csv,"exact latitude, longitude (city)",BOPEST,ESTILL FEDERAL CORRECTIONAL INSTITUTE,"100 Prison Rd, Estill, SC 29918",ESTILL,HAMPTON,SC,29918,ATL,2001-08-05,7/12/91,32.721462,-81.250654
locations.csv,"exact latitude, longitude (city)",BOPFAI,FAIRTON FEDERAL CORRECTIONAL INSTITUTE,"655 Fairton Millville Rd, Fairton, NJ 08320",FAIRTON,CUMBERLAND,NJ,8320,NEW,14/03/2006,28/06/1990,39.3899307,-75.1568634
locations.csv,"exact latitude, longitude (city)",BOPFLF,FLORENCE FEDERAL CORRECTIONAL INSTITUTE,"5880 CO-67, Florence, CO 81226",FLORENCE,FREMONT,CO,81226,DEN,21/02/2006,31/08/1992,38.355415,-105.095057
locations.csv,"exact latitude, longitude (city)",BOPFLM,FLORENCE ADMAX US PENITENTIARY,"5880 CO-67, Florence, CO 81226",FLORENCE,FREMONT,CO,81226,DEN,28/09/2005,5/4/95,38.355415,-105.095057
locations.csv,"exact latitude, longitude (city)",BOPFLP,FLORENCE US PENITENTIARY,"5880 CO-67, Florence, CO 81226",FLORENCE,FREMONT,CO,81226,DEN,22/06/2008,14/08/1992,38.355415,-105.095057
locations.csv,"exact latitude, longitude (city)",BOPFOR,FORREST CITY FEDERAL CORRECTIONAL INSTITUTE,"1400 Dale Bumpers Rd, Forrest City, AR 72335",FOREST CITY,SAINT FRANCIS,AR,72336,NOL,2003-03-05,24/09/1998,34.978952,-90.799038
locations.csv,"exact latitude, longitude (city)",BOPFTD,FORT DIX FEDERAL CORRECTIONAL INSTITUTE,"HARTFORD & POINTVILLE, BUILDING 5756",FORT DIX,BURLINGTON,NJ,8640,NEW,23/08/2006,14/07/1999,39.998774,-74.613586
locations.csv,"exact latitude, longitude (city)",BOPFTW,FORT WORTH FEDERAL MEDICAL CENTER,3150 HORTON RD,FT. WORTH,TARRANT,TX,76619,DAL,2007-01-05,25/08/1989,32.679605,-97.287077
locations.csv,"exact latitude, longitude (city)",BOPGIL,FCI GILMER,201 FCI LANE,GLENVILLE,GILMER,WV,26351,PHI,2011-05-17,2011-05-17,38.915634,-80.784546
locations.csv,"exact latitude, longitude (city)",BOPGRE,GREENVILLE FEDERAL CORRECTIONAL INSTITUTE,100 U.S. 40,GREENVILLE,BOND,IL,62246,CHI,17/04/2005,13/06/1995,38.867994,-89.409172
locations.csv,"exact latitude, longitude (city)",BOPGUA,GUAYNABO MDC (SAN JUAN),HWY 28 INTSECT OF ROAD 165,SAN JUAN,SAN JUAN,PR,939,MIA,24/09/2017,21/06/1993,18.423156,-66.112209
locations.csv,"exact latitude, longitude (city)",BOPHON,HONOLULU FEDERAL DETENTION CENTER,351 ELLIOTT ST.,HONOLULU,HONOLULU,HI,96819,SFR,2004-11-17,2011-02-01,21.33349976,-157.9288689
locations.csv,"exact latitude, longitude (city)",BOPJES,JESUP FEDERAL CORRECTIONAL INSTITUTE,2600 HIGHWAY 301 SOUTH,JESUP,WAYNE,GA,31545,ATL,27/06/2005,15/05/1988,31.563858,-81.902342
locations.csv,"exact latitude, longitude (city)",BOPLEW,LEWISBURG US PENITENTIARY,"2400 Robert F Miller Dr, Lewisburg",LEWISBURG,UNION,PA,17837,PHI,2006-03-05,9/9/80,40.987945,-76.914873
locations.csv,"exact latitude, longitude (city)",BOPLEX,LEXINTON FEDERAL MEDICAL CENTER,3301 LEESTOWN ROAD,LEXINGTON,FAYETTE,KY,40511,CHI,2011-04-04,25/01/1982,38.104157,-84.560091
locations.csv,"exact latitude, longitude (city)",BOPLOF,LOMPOC FEDERAL CORRECTIONAL INSTITUTE,3600 GUARD ROAD,LOMPOC,SANTA BARBARA,CA,93436,LOS,2011-07-17,2005-07-01,34.6768725,-120.4998162
locations.csv,"exact latitude, longitude (city)",BOPLOM,LOMPOC USP,3901 KLEIN BLVD.,LOMPOC,SANTA BARBARA,CA,93436,LOS,2007-06-05,27/10/1980,34.6792884,-120.5052356
locations.csv,"exact latitude, longitude (city)",BOPLOR,LORETTO FEDERAL CORRECTIONAL INSTITUTE,RURAL ROUTE 276,LORETTO,CAMBRIA,PA,15940,PHI,24/02/2005,12/7/00,40.496197,-78.621415
locations.csv,"exact latitude, longitude (city)",BOPLOS,LOS ANGELES MET.DETENTION,300 N. LOS ANGELES ST.,LOS ANGELES,RAPIDES,CA,90012,LOS,24/09/2008,17/11/1989,34.053536,-118.238159
locations.csv,"exact latitude, longitude (city)",BOPLVN,LEAVENWORTH US PENITENTIARY,1300 METROPOLITAN AVE.,LEAVENWORTH,LEAVENWORTH,KS,66048,CHI,21/04/2008,11/6/80,39.327776,-94.934944
locations.csv,"exact latitude, longitude (city)",BOPMAN,MANCHESTER FEDERAL CORRECTIONAL INSTITUTE,RT 8 FOX HOLLOW ROAD,MANCHESTER,CLAY,KY,40962,CHI,17/10/2004,7/6/92,37.179433,-83.789592
locations.csv,"exact latitude, longitude (city)",BOPMAR,MARION USP,RURAL RT. 5 LITTLE GRASSY ROAD,MARION,WILLIAMSON,IL,62959,CHI,27/09/2010,17/06/1980,37.663196,-88.98415
locations.csv,"exact latitude, longitude (city)",BOPMCK,MCKEAN FEDERAL CORRECTIONAL INSTITUTE,"6975 PA-59, Lewis Run, PA 16738",BRADFORD,MC KEAN,PA,16738,PHI,17/04/2005,30/10/1990,41.798352,-78.687096
locations.csv,"exact latitude, longitude (city)",BOPMCR,MCCREARY USP,330 FEDERAL WAY,PINE KNOT,MCCREARY,KY,42635,CHI,30/03/2011,18/02/2010,36.688211,-84.388482
locations.csv,"exact latitude, longitude (city)",BOPMEM,MEMPHIS FEDERAL CORRECTIONAL INSTITUTE,1101 JOHN A DENIE ROAD,MEMPHIS,SHELBY,TN,38134,NOL,2002-02-10,25/01/1982,35.1556605,-89.86708702
locations.csv,"exact latitude, longitude (city)",BOPMIA,MIAMI FEDERAL CORRECTIONAL INSTITUTE (FORMER MCC),1350 NW 41 STREET,MIAMI,MIAMI-DADE,FL,33178,MIA,19/08/2008,24/09/1986,25.810125,-80.311667
locations.csv,"exact latitude, longitude (city)",BOPMIL,MILAN FEDERAL CORRECTIONAL INSTITUTE,"4004 Arkona Rd, Milan, MI 48160",MILAN,MONROE,MI,48160,DET,17/06/2004,4/12/85,42.095936,-83.669532
locations.csv,"exact latitude, longitude (city)",BOPMIM,MIAMI FEDERAL DETENTION,33 NE 4 STREET,MIAMI,MIAMI-DADE,FL,33132,MIA,2002-12-08,3/4/97,25.778491,-80.193199
locations.csv,"exact latitude, longitude (city)",BOPMNA,MARIANNA FEDERAL CORRECTIONAL INSTITUTE,3625 FCI RD,MARIANNA,JACKSON,FL,32446,MIA,2002-02-05,4/11/86,30.834099,-85.190378
sarahs research,"exact latitude, longitude (city)",BOPMRG,MORGANTOWN FED.CORR.INST.,,Morgantown,Monongalia,WV,,,,,39.6383,-79.9464
locations.csv,"exact latitude, longitude (city)",BOPNYM,NEW YORK MCC,150 PARK ROW,NEW YORK,NEW YORK,NY,10007,NYC,21/08/2003,26/11/1986,40.713035,-74.0015977
locations.csv,"exact latitude, longitude (city)",BOPOAD,OAKDALE FEDERAL DETENTION CENTER,2105 E. WHATLEY RD.,OAKDALE,ALLEN,LA,71463,NOL,2009-07-15,1905-06-02,30.8207012,-92.64069075
locations.csv,"exact latitude, longitude (city)",BOPOAK,OAKDALE FEDERAL CORRECTIONAL INSTITUTE,2105 EAST WHATLEY ROAD,OAKDALE,ALLEN,LA,71463,NOL,1/9/97,3/1/89,30.832248,-92.636797
locations.csv,"exact latitude, longitude (city)",BOPOKL,OKLAHOMA FEDERAL TRANSFER CENTER,7500 MACARTHUR BLVD,OKLAHOMA CITY,OKLAHOMA,OK,73109,DAL,2005-11-03,2/10/95,35.769983,-97.620616
locations.csv,"exact latitude, longitude (city)",BOPOTV,OTISVILLE FEDERAL CORRECTIONAL INSTITUTE,"57 Sanitorium Ave, Otisville, NY 10963",OTISVILLE,ORANGE,NY,10963,NYC,18/08/1999,1/12/82,41.479489,-74.528776
locations.csv,"exact latitude, longitude (city)",BOPOXF,OXFORD FEDERAL CORRECTIONAL INSTITUTE,"350 Elk Ave, Oxford, WI 53952",OXFORD,MARQUETTE,WI,53952,CHI,2011-08-05,8/6/80,43.77884,-89.572543
locations.csv,"exact latitude, longitude (city)",BOPPEK,PEKIN FEDERAL CORRECTIONAL INSTITUTE,2600 2ND STREET,PEKIN,TAZEWELL,IL,61554,CHI,27/04/2005,30/08/1995,40.4958894,-89.6478953
locations.csv,"exact latitude, longitude (city)",BOPPET,PETERSBURG FEDERAL CORRECTIONAL INSTITUTE,"1060 River Rd Hopewell, VA 23860",PETERSBURG,PETERSBURG CITY,VA,23860,WAS,16/02/2005,27/10/1980,37.295038,-77.321437
sarahs research,"exact latitude, longitude (city)",BOPPHL,FDC PHILADELPHIA,,Philadelphia,Philadelphia,PA,,,,,40.0077,-75.1339
locations.csv,"exact latitude, longitude (city)",BOPPHX,PHOENIX FEDERAL CORRECTIONAL INSTITUTE,37910 N 45TH AVE DEPT 1700,PHOENIX,MARICOPA,AZ,85027,PHO,2006-11-16,1/5/81,33.832026,-112.168389
locations.csv,"exact latitude, longitude (city)",BOPPOL,POLLOCK US PENITENTIARY,"1000 AIR BASE ROAD, PO BOX 1000",POLLOCK,GRANT,LA,71467,NOL,2004-04-07,28/04/1999,31.462992,-92.440056
locations.csv,"exact latitude, longitude (city)",BOPRAE,"MCRAE CORRECTIONAL FACILITY, CCA",1000 JIM HAMMOCK DR.,MCRAE,TELFAIR,GA,31055,ATL,2004-02-14,31/01/2014,32.051673,-82.874059
locations.csv,"exact latitude, longitude (city)",BOPRBK,RAY BROOK FEDERAL CORRECTIONAL INSTITUTE,P.O.BOX 300,RAY BROOK,ESSEX,NY,12977,BUF,24/07/2007,29/09/1982,44.290535,-74.092607
locations.csv,"exact latitude, longitude (city)",BOPRCH,ROCHESTER FEDERAL MEDICAL CENTER,"2110 E Center St, Rochester, MN 55904",ROCHESTER,OLMSTED,MN,55904,SPM,26/10/2009,20/01/1987,44.023339,-92.439526
locations.csv,"exact latitude, longitude (city)",BOPSAF,SAFFORD FEDERAL CORRECTIONAL INSTITUTE,1529 WEST US HIGHWAY 366,SAFFORD,GRAHAM,AZ,85546,PHO,21/03/2005,21/10/1988,32.717249,-109.724842
locations.csv,"exact latitude, longitude (city)",BOPSCH,SCHUYLKILL FEDERAL CORRECTIONAL INSTITUTE,P.O. BOX 700,MINERSVILLE,SCHUYLKILL,PA,17954,PHI,2008-08-05,16/06/1992,40.732787,-76.344058
locations.csv,"exact latitude, longitude (city)",BOPSDC,SAN DIEGO MCC,METROPOLITAN CORRECTIONAL CENTER,SAN DIEGO,SAN DIEGO,CA,92101,SND,2009-04-17,1/5/85,32.713924,-117.166037
locations.csv,"exact latitude, longitude (city)",BOPSEA,SEAGOVILLE FEDERAL CORRECTIONAL INSTITUTE,2113 N. HIGHWAY 75,SEAGOVILLE,DALLAS,TX,75159,DAL,2002-06-05,13/02/1986,32.655437,-96.567357
locations.csv,"exact latitude, longitude (city)",BOPSET,SEATAC FEDERAL DETENTION CENTER,2425 S.200TH STREET,SEATAC,KING,WA,98198,SEA,2011-10-16,2/2/98,47.4220167,-122.3016329
locations.csv,"exact latitude, longitude (city)",BOPSHE,SHERIDAN FEDERAL CORRECTIONAL INSTITUTE,27072 SOUTHWEST BALLSTON ROAD,SHERIDAN,YAMHILL,OR,97378,SEA,2005-10-04,20/09/1990,45.084062,-123.381636
locations.csv,"exact latitude, longitude (city)",BOPSPG,SPRINGFIELD FEDERAL MEDICAL CENTER,1900 W. SUNSHINE,SPRINGFIELD,GREENE,MO,65808,CHI,2012-03-17,15/06/1980,37.177542,-93.323273
locations.csv,"exact latitude, longitude (city)",BOPSST,SANDSTONE FEDERAL CORRECTIONAL INSTITUTE,P.O. BOX 999,SANDSTONE,PINE,MN,55072,SPM,17/04/2006,17/12/1984,46.108987,-92.85343
locations.csv,"exact latitude, longitude (city)",BOPTCN,TUCSON FEDERAL CORRECTIONAL INSTITUTE,8901 SOUTH WILMOT ROAD,TUCSON,PIMA,AZ,85706,PHO,18/03/2016,11/3/88,32.1896869,-110.8578214
locations.csv,"exact latitude, longitude (city)",BOPTCP,US PENITENTIARY TUCSON,9300 SOUTH WILMOT ROAD,TUCSON,PIMA,AZ,85706,PHO,21/08/2011,2005-07-11,32.08037954,-110.858058
locations.csv,"exact latitude, longitude (city)",BOPTDG,TALLADEGA FEDERAL CORRECTIONAL INSTITUTE,565 EAST RENFROE ROAD,TALLADEGA,TALLADEGA,AL,35160,NOL,2009-02-05,12/7/80,33.424671,-86.144754
locations.csv,"exact latitude, longitude (city)",BOPTEX,TEXARKANA FEDERAL CORRECTIONAL INSTITUTE,"4001 Leopard DriveTexarkana, TX 75501",TEXARKANA,BOWIE,TX,75505,DAL,2011-07-05,22/10/1980,33.376781,-94.088607
locations.csv,"exact latitude, longitude (city)",BOPTHA,TERRE HAUTE USP,HIGHWAY 63 SOUTH,TERRE HAUTE,VIGO,IN,47808,CHI,23/08/2017,18/06/1980,39.416285,-87.450698
locations.csv,"exact latitude, longitude (city)",BOPTRV,THREE RIVERS FEDERAL CORRECTIONAL INSTITUTE,"TX-72, Three Rivers, TX 78071","THREE RIVERS,",LIVE OAK,TX,78071,SNA,2008-03-12,21/02/1990,28.481633,-98.15741
locations.csv,"exact latitude, longitude (city)",BOPVIM,FCI VICTORVILLE,"13777 Air Base Rd, Victorville, CA 92394",VICTORVILLE,SAN BERNARDINO,CA,92392,LOS,,,34.572116,-117.38012
locations.csv,"exact latitude, longitude (city)",BOPWAS,WASECA FEDERAL CORRECTIONAL INSTITUTE,1000 UNIVERSITY DRIVE S.W.,WASECA,WASECA,MN,56093,SPM,13/03/2005,2/9/98,44.067267,-93.517236
locations.csv,"exact latitude, longitude (city)",BOPYAM,YAZOO CITY MEDIUM SECURITY FEDERAL CORRECTIONAL IN,"2225 Haley Barbour Pkwy, Yazoo City, MS 39194",YAZOO CITY,YAZOO,MS,39194,NOL,20/10/2005,2001-08-05,32.884284,-90.439774
locations.csv,"exact latitude, longitude (city)",BOPYAZ,YAZOO CITY FEDERAL CORRECTIONAL INSTITUTE,2225 HALEY BARBOUR PARKWAY,YAZOO CITY,YAZOO,MS,39194,NOL,2001-03-05,12/9/97,32.8569088,-90.4301662
locations.csv,"exact latitude, longitude (city)",BOSHOLD,BOSTON HOLD ROOM,10 NEW ENGLAND EXECUTIVE PARK,BURLINGTON,MIDDLESEX,MA,1803,BOS,23/07/2017,23/08/2010,42.482884,-71.208937
sarahs research,"exact latitude, longitude (city)",BOSSRLA,,,,,LA,,,,,31.1695,-91.8678
locations.csv,"exact latitude, longitude (city)",BOTTIND,BOTTINEAU COUNTY JAIL,314 WEST FIFTH ST.,BOTTINEAU,BOTTINEAU,ND,58318,SPM,28/09/2012,21/11/1995,48.828305,-100.449892
locations.csv,"exact latitude, longitude (city)",BOULDCO,BOULDER COUNTY JAIL,1777 6TH ST.,BOULDER,BOULDER,CO,80302,DEN,16/04/2008,26/07/1991,40.01396656,-105.2873316
locations.csv,"exact latitude, longitude (city)",BOUNDID,BOUNDARY COUNTY,6438 KOOTENAI,BONNERS FERRY,BOUNDARY,ID,83805,SLC,2012-06-06,2009-01-04,48.69604674,-116.3137953
sarahs research,"county approximate center only (latitude, longitude)",BOURBKY,BOURBON CO DET CENTER,,,Bourbon,KY,,,,,38.2016,-84.2718
locations.csv,"exact latitude, longitude (city)",BOWCOTX,BOWIE COUNTY JAIL,100 N. STATE LINE,TEXARKANA,HARRIS,TX,77501,DAL,2005-10-08,28/03/2007,33.421222,-94.042983
locations.csv,"exact latitude, longitude (city)",BOXBUNE,BOX BUTTE COUNTY,512 NIOBRARA AVENUE,ALLIANCE,BOX BUTTE,NE,69301,SPM,2007-10-02,25/02/1999,42.09941763,-102.8694588
locations.csv,"exact latitude, longitude (city)",BOXELUT,BOX ELDER COUNTY,21 SOUTH MAIN,BRIGHAM,BOX ELDER,UT,84302,SLC,29/09/2004,3/6/97,41.509999,-112.015574
locations.csv,"exact latitude, longitude (city)",BPC,BOSTON SPC,"476-498 Hanover St Exd, Boston, MA 02109",BOSTON,SUFFOLK,MA,2109,BOS,2008-11-16,1905-06-07,42.365668,-71.05154
locations.csv,"exact latitude, longitude (city)",BPHOSOH,BELLMONT PINES HOSPITAL,615 CHURCH HILL-HUBBARD ROAD,YOUNGSTOWN,MAHONING,OH,44505,DET,2009-06-04,10/1/00,41.127676,-80.627273
locations.csv,"exact latitude, longitude (city)",BRADEFL,BRADENTON DETENTION CENTER,515 11TH STREET WEST,BRADENTON,MANATEE,FL,34205,MIA,2008-06-09,29/02/1996,27.49528043,-82.57259586
locations.csv,"exact latitude, longitude (city)",BRAZITX,BRAZORIA COUNTY DETENTION,3602 COUNTY ROAD 45,ANGELTON,BRAZORIA,TX,77515,HOU,24/03/2004,5/6/98,29.243749,-95.409085
locations.csv,"exact latitude, longitude (city)",BRAZOTX,BRAZOS COUNTY JAIL,300 E 26TH ST # 105,BRYAN,BRAZOS,TX,77801,SNA,21/01/2003,3/12/98,30.674232,-96.370706
locations.csv,"exact latitude, longitude (city)",BRCHOLD,BRUSH HOLDROOM,515 INDUSTRIAL PARK ROAD,BRUSH,MORGAN,CO,80723,DEN,,,40.27162844,-103.6247735
sarahs research,"county approximate center only (latitude, longitude)",BRDFDFL,BRADFORD COUNTY JAIL,,,Bradford,FL,,,,,29.9474,-82.1129
locations.csv,"exact latitude, longitude (city)",BREMEIA,BREMER COUNTY JAIL,111 4TH STREET NE,WAVERLY,BREMER,IA,50677,SPM,2004-10-17,14/05/1997,42.72675406,-92.465757
locations.csv,"exact latitude, longitude (city)",BREVDFL,BREVARD COUNTY JAIL COMPLEX,860 CAMP ROAD,COCOA,BREVARD,FL,32927,MIA,,,28.448417,-80.780682
locations.csv,"exact latitude, longitude (city)",BREWSTX,BREWSTER COUNTY JAIL,307 WEST SUL ROSS AVENUE,ALPINE,BREWSTER,TX,79830,ELP,2007-07-08,2007-07-08,30.35858773,-103.6649256
locations.csv,"exact latitude, longitude (city)",BRGMCFL,BROWARD GENERAL MEDICAL CENTER,1600 SOUTH ANDREWS AVENUE,FT. LAUDERDALE,BROWARD,FL,33316,MIA,30/07/2017,19/12/2010,26.1027303,-80.1411669
locations.csv,"exact latitude, longitude (city)",BRIJUTX,THE BRIDGE (YOUTH ALTERNATIVE),3103 WEST AVENUE,SAN ANTONIO,BEXAR,TX,78213,SNA,14/09/2004,19/01/1999,29.48869557,-98.526073
locations.csv,"exact latitude, longitude (city)",BRINBMA,BRISTOL COUNTY JAIL (NEW BEDFORD),226 ASH ST,NEW BEDFORD,BRISTOL,MA,2740,BOS,22/01/2003,21/09/2000,41.6336134,-70.9351006
locations.csv,"exact latitude, longitude (city)",BRINDMA,BRISTOL COUNTY DETENTION CENTER,400 FAUNCE CORNER ROAD,NORTH DARTMOUTH,BRISTOL,MA,2747,BOS,2004-11-17,19/08/1996,41.6653329,-70.9957847
locations.csv,"exact latitude, longitude (city)",BRKHOLD,BERKS HOLD ROOM,1243 COUNTY WELFARE RD,LEESPORT,BERKS,PA,19533,PHI,17/10/2017,27/01/2017,40.383025,-76.013834
sarahs research,"exact latitude, longitude (city)",BRLHOAK,,,,,AK,,,,,61.3707,-152.4044
locations.csv,"exact latitude, longitude (city)",BRNPDMI,BROWNSTOWN POLICE DEPARTMENT,23125 KING ROAD,BROWNSTOWN,WAYNE,MI,48183,DET,29/08/2004,17/03/2004,42.15339111,-83.2574164
locations.csv,"exact latitude, longitude (city)",BROADMT,BROADWATER COUNTY SHERIFF,519 BROADWAY,TOWNSEND,BROADWATER,MT,59644,SLC,31/03/2010,2009-06-06,46.32107595,-111.5158088
locations.csv,"exact latitude, longitude (city)",BROCRFL,BROWARD CORRECTIONAL,"20421 Sheridan St, Fort Lauderdale, FL 33332",PEMBROKE PINES,CHARLES MIX,FL,33332,MIA,20/04/2009,6/3/98,26.121044,-80.142951
sarahs research,Latitude Longitude based only on state,BROHOMI,BRONSON METHODIST HOSPITAL,,,,MI,,,,,43.3266,-84.5361
locations.csv,"exact latitude, longitude (city)",BROJAFL,BROWARD COUNTY JAIL,555 SE 1ST AVENUE,FT.LAUDERDALE,BROWARD,FL,33301,MIA,23/01/2017,10/1/95,26.11517307,-80.14276948
locations.csv,"exact latitude, longitude (city)",BROKSTX,BROOKS COUNTY DETENTION CENTER,901 COUNTY ROAD 201,FALFURRIAS,BROOKS,TX,78355,SNA,2004-11-17,2003-07-05,27.2482748,-98.12584681
locations.csv,"exact latitude, longitude (city)",BROMMNY,BROOME COUNTY JAIL,897 FRONT STREET,BINGHAMPTON,BROOME,NY,13905,BUF,2012-03-14,10/1/94,42.130839,-75.913339
locations.csv,"exact latitude, longitude (city)",BROOKSD,BROOKINGS COUNTY JAIL (SOUTH DAKOTA),315 7TH AVENUE,BROOKINGS,BROOKINGS,SD,57006,SPM,29/11/2005,26/06/1995,44.30853714,-96.79375029
locations.csv,"exact latitude, longitude (city)",BROOKTX,BROOKS COUNTY JAIL (SHERIFF),801 COUNTY ROAD 201,FALFURRIAS,BROOKS,TX,78355,SNA,14/06/2007,2009-03-06,27.246789,-98.123257
locations.csv,"exact latitude, longitude (city)",BROOMCO,BROOMFIELD DETENTION CENTER,11600 RIDGE PARKWAY,BROOMFIELD,JEFFERSON,CO,80021,DEN,2006-03-08,15/08/2006,39.90823745,-105.1485003
locations.csv,"exact latitude, longitude (city)",BROPDIL,BROOKFIELD POLICE DEPARTMENT,8820 BROOKFIELD AVEN,BROOKFIELD,COOK,IL,60513,CHI,22/02/2004,4/1/88,41.823737,-87.841063
locations.csv,"exact latitude, longitude (city)",BROWNSD,BROWN COUNTY JAIL,22 SE COURT STREET,ABERDEEN,SAN DIEGO,SD,57401,SPM,17/12/2012,24/01/2012,45.46485,-98.486351
sarahs research,"county approximate center only (latitude, longitude)",BROWNWI,BROWN COUNTY JAIL,,,Brown,WI,,,,,44.5148,-87.9895
locations.csv,"exact latitude, longitude (city)",BRULESD,BRULE COUNTY JAIL,300 SOUTH COURTLAND,CHAMBERLAIN,BRULE,SD,57325,SPM,23/12/2003,30/03/1998,43.808728,-99.333289
locations.csv,"exact latitude, longitude (city)",BRYANGA,BRYAN COUNTY JAIL,95 PUBLIC SAFETY WAY,PEMBROKE,BRYAN,GA,31321,ATL,26/11/2006,28/09/2006,32.133687,-81.61914
locations.csv,"exact latitude, longitude (city)",BSAHOLD,BROADVIEW SERVICE STAGING,1930 BEACH STREET,BROADVIEW,COOK,IL,60155,CHI,2009-10-17,27/12/2011,41.86852212,-87.86562002
locations.csv,"exact latitude, longitude (city)",BSCDRTX,BSCC CEDAR HILL UNIT,3711 WRIGHT AVENUE,BIG SPRING,HOWARD,TX,79720,DAL,2002-02-11,28/08/2006,32.22127671,-101.5072273
locations.csv,"exact latitude, longitude (city)",BSCHOLD,BIG SPRING HOLD ROOM,1701 APRON DRIVE,BIG SPRING,HOWARD,TX,79720,DAL,23/03/2017,2008-03-13,32.225131,-101.514653
locations.csv,"exact latitude, longitude (city)",BSCORTX,BSCC AIRPARK UNIT,3700 WRIGHT AVENUE,BIG SPRING,HOWARD,TX,79720,DAL,2011-12-12,11/4/91,32.2225778,-101.5060047
locations.csv,"exact latitude, longitude (city)",BSFLTTX,BSCC FLIGHTLINE UNIT,2001 RICKABAUGH DR,BIG SPRING,HOWARD,TX,79720,DAL,2002-02-11,27/07/2006,32.227461,-101.527998
locations.csv,"exact latitude, longitude (city)",BSGDFTX,BSCC GILES DARBY FACILITY,805 N. AVENUE F,POST,GARZA,TX,79356,DAL,2002-02-11,15/05/2006,33.20052812,-101.3716697
locations.csv,"exact latitude, longitude (city)",BSNTRTX,BSCC INTERSTATE UNIT,1801 W. I-20,BIG SPRING,HOWARD,TX,79720,DAL,2008-03-07,13/01/2004,32.26184668,-101.4973281
sarahs research,"exact latitude, longitude (city)",BSTAYTX,,,,,TX,,,,,31.0545,-97.5635
sarahs research,Latitude Longitude based only on state,BSWRRTX,BAYLOR SCOTT WHITE MED RR,,,,TX,,,,,31.0545,-97.5635
sarahs research,"exact latitude, longitude (city)",BTSHOMI,,,,,MI,,,,,43.3266,-84.5361
locations.csv,"exact latitude, longitude (city)",BTV,BUFFALO (BATAVIA) SERVICE PROCESSING CENTER,4250 FEDERAL DRIVE,BATAVIA,GENESEE,NY,14020,BUF,2004-11-17,23/05/1995,43.020404,-78.202694
locations.csv,"exact latitude, longitude (city)",BUCKSPA,BUCKS COUNTY JAIL (PENNSYLVANIA),MAIN AND COURT STS,DOYLESTOWN,BUCKS,PA,18901,PHI,2006-02-07,13/05/1986,40.312519,-75.131693
locations.csv,"exact latitude, longitude (city)",BUENAIA,BUENA VISTA COUNTY JAIL,411 EXPANSION BLVD,STORM LAKE,BUENA VISTA,IA,50588,SPM,13/01/2003,30/01/1997,42.64114259,-95.17814634
locations.csv,"exact latitude, longitude (city)",BUFHOLD,BUFFALO HOLD ROOM,130 DELAWARE AVE,BUFFALO,BUFFALO,NY,14202,BUF,27/01/2016,2008-12-12,42.88819085,-78.87810095
locations.csv,"exact latitude, longitude (city)",BULLOGA,BULLOCK COUNTY JAIL,17257 HWY 301 N,STATESBORO,BULLOCH,GA,30458,ATL,2001-09-06,2001-08-06,32.465851,-81.767017
locations.csv,"exact latitude, longitude (city)",BURLEND,BURLEIGH COUNTY,"4000 Apple Creek Rd, Bismarck, ND 58504",BISMARCK,BURLEIGH,ND,58502,SPM,18/04/2012,7/9/95,46.794465,-100.69387
locations.csv,"exact latitude, longitude (city)",BURNETX,BURNET COUNTY JAIL,"900 County Ln, Burnet, TX 78611",BURNET,BURNET,TX,78611,SNA,2004-11-17,28/05/1998,30.741522,-98.253048
locations.csv,"exact latitude, longitude (city)",BUTLEKS,BUTLER COUNTY JAIL,701 SE STONE ROAD,EL DORADO,BUTLER,KS,67042,CHI,2004-11-17,30/05/2002,37.8138603,-96.8300321
locations.csv,"exact latitude, longitude (city)",BUTLEOH,BUTLER COUNTY JAIL,705 HANOVER STREET,HAMILTON,BUTLER,OH,45011,DET,2004-11-17,2003-10-02,39.38975,-84.5531833
locations.csv,"exact latitude, longitude (city)",BUTLEPA,BUTLER COUNTY JAIL (PENNSYLVANIA),121 VOGELEY WAY,BUTLER,BUTLER,PA,16001,PHI,2004-07-06,21/09/1986,40.85913602,-79.89588437
locations.csv,"exact latitude, longitude (city)",BVRHDMT,BEAVERHEAD COUNTY DETENTION CENTER,2 SOUTH PACIFIC,DILLON,DENVER,MT,59725,SLC,2011-01-08,19/12/2007,45.21581,-112.63481
locations.csv,"exact latitude, longitude (city)",BWDGICA,BEST WESTERN DRAGON GATE INN,818 N. HILL ST.,LOS ANGELES,LOS ANGELES,CA,90012,LOS,18/10/2017,14/05/2008,34.0632755,-118.2390046
locations.csv,"exact latitude, longitude (city)",BWMARCA,BEST WESTERN MARINA,800 BAY MARINA DR,NATIONAL CITY,SAN DIEGO,CA,91950,SND,2005-02-17,16/01/2017,32.6589322,-117.1099656
locations.csv,"exact latitude, longitude (city)",CACCJAM,SCC/JAMESTOWN,5100 O'BRYNES FERRY ROAD,JAMESTOWN,COUNTY,CA,95327,SFR,18/08/2014,15/08/2014,37.893474,-120.537864
locations.csv,"exact latitude, longitude (city)",CACFBAK,BAKER CALIFORNIA CORRECTIONAL FACILITY (CCF),"10 Lakeview Rd, Baker, CA 92309",BAKER,BAKER,CA,92309,LOS,,,35.27852933,-116.0551281
locations.csv,"exact latitude, longitude (city)",CACFDON,RJ DONOVAN CORRECTIONAL FACILITY,480 ALTA ROAD,SAN DIEGO,SAN DIEGO,CA,92104,SND,2012-12-16,12/7/96,32.5846197,-116.9334155
locations.csv,"exact latitude, longitude (city)",CACFLEO,CCF/LEO CHESNEY,2800 APPRICOT ST,LIVE OAK,SUTTER,CA,95953,SFR,,,39.268461,-121.664381
locations.csv,"exact latitude, longitude (city)",CACFMES,MESA VERDE DETENTION FACILITY,425 GOLDEN STATE AVE,BAKERSFIELD,KERN,CA,93301,SFR,2004-11-17,20/03/2015,35.3930327,-119.0274821
locations.csv,"exact latitude, longitude (city)",CACHEUT,CACHE COUNTY JAIL,50 WEST 200 NORTH,LOGAN,CACHE,UT,84321,SLC,2004-11-17,12/6/97,41.73515501,-111.836168
locations.csv,"exact latitude, longitude (city)",CACTYCA,CALIFORNIA CITY CORRECTIONAL CENTER,22844 VIRGINIA BOULEVARD,CALIFORNIA CITY,KERN,CA,93505,SFR,28/11/2013,2007-03-11,35.15567,-117.861876
locations.csv,"exact latitude, longitude (city)",CADCCAL,CDC CALIPATRIA IHP,7018 BLAIR ROAD,CALIPATRIA,COUNTY,CA,92233,SND,2012-01-15,26/02/2014,33.16643595,-115.4846143
sarahs research,"exact latitude, longitude (city)",CADESVI,DESERT VIEW ANNEX,,Adelanto,San Bernardino,CA,,,,,34.5814,-117.4397
locations.csv,"exact latitude, longitude (city)",CAHBOYS,HOSANNA HOMES FOR BOYS,9990 CROW CANYON ROAD,CASTRO VALLEY,ALAMEDA,CA,94552,SFR,28/06/2006,28/11/1995,37.7029703,-122.0520107
locations.csv,"exact latitude, longitude (city)",CAHGIRL,HOSANA GIRLS RANCH,6625 CROW CANYON ROAD,CASTRO VALLEY,ALAMEDA,CA,94552,SFR,28/06/2006,14/02/1998,37.7029703,-122.0520107
locations.csv,"exact latitude, longitude (city)",CAJUVMN,CARVER COUNTY JUVENILE DETENTION CENTER,600 EAST FOURTH ST.,CHASKA,CARVER,MN,55318,SPM,2004-11-17,11/9/95,44.789279,-93.593311
locations.csv,"exact latitude, longitude (city)",CALCALA,CALCASIEU PARISH,5410 EAST BROAD STREET,LAKE CHARLES,CALCASIEU,LA,70601,NOL,20/04/2008,20/07/1987,30.2275978,-93.14111135
locations.csv,"exact latitude, longitude (city)",CALDWMO,CALDWELL COUNTY DETENTION CENTER,280 WEST MAIN STREET,KINGSTON,CALDWELL,MO,64650,CHI,2004-11-17,19/01/2004,39.642596,-94.046895
locations.csv,"exact latitude, longitude (city)",CALDWTX,CALDWELL COUNTY JAIL,"1204 Reed Dr, Lockhart, TX 78644",LOCKHART,CALDWELL,TX,78644,SNA,29/08/2007,2005-04-04,29.8755081,-97.6547723
locations.csv,"exact latitude, longitude (city)",CALHOMI,CALHOUN COUNTY CORRECTIONAL CENTER,185 EAST MICHIGAN AVENUE,BATTLE CREEK,BRANCH,MI,49014,DET,2004-11-17,25/07/1995,42.3166739,-85.1758915
locations.csv,"exact latitude, longitude (city)",CALLAMO,CALLAWAY COUNTY JAIL,1201 STATE ROAD O,FULTON,CALLAWAY,MO,65251,CHI,2009-01-03,19/07/2000,38.843988,-91.929712
locations.csv,"exact latitude, longitude (city)",CAMBRPA,CAMBRIA COUNTY JAIL,425 MANOR DRIVE,EBENSBURG,CAMBRIA,PA,15931,PHI,2004-11-17,19/05/1987,40.4843966,-78.70123165
locations.csv,"exact latitude, longitude (city)",CAMCOWY,CAMPBELL COUNTY JAIL,600 WEST BOXELDER,GILLETTE,CAMPBELL,WY,82718,DEN,13/04/2009,3/9/91,44.277316,-105.509858
locations.csv,"exact latitude, longitude (city)",CAMDENJ,CAMDEN COUNTY JAIL,830 FEDERAL STREET,CAMDEN,CAMDEN,NJ,8101,NEW,25/02/2004,12/3/96,39.94394993,-75.11583242
locations.csv,"exact latitude, longitude (city)",CAMEDAZ,CENTRAL ARIZONA MEDICAL,450 ADAMSVILLE,FLORENCE,PINAL,AZ,85232,PHO,2002-05-12,2/5/89,33.0173057,-111.4226795
locations.csv,"exact latitude, longitude (city)",CAMENCE,"CALIF. MEN COLONY, EAST","Colony Dr, San Luis Obispo, CA 93409",SAN LUIS OBISPO,SAN LUIS OBISPO,CA,93409,LOS,18/06/1990,29/12/1989,35.3217,-120.696
locations.csv,"exact latitude, longitude (city)",CAMENCW,"CALIF. MEN COLONY, WEST","Colony Dr, San Luis Obispo, CA 93409",SAN LUIS OBISPO,SAN LUIS OBISPO,CA,93409,LOS,25/02/1999,28/11/1989,35.3217,-120.696
locations.csv,"exact latitude, longitude (city)",CAMERTX,CAMERON COUNTY JAIL,954 E. HARRISON,BROWNSVILLE,CAMERON,TX,78520,SNA,14/03/2017,13/02/1996,25.9045066,-97.4909986
locations.csv,"exact latitude, longitude (city)",CANADOK,CANDIAN COUNTY (EL RENO),208 W. ROGERS,EL RENO,CANADIAN,OK,73036,DAL,26/02/2007,19/04/1991,35.535501,-97.955402
locations.csv,"exact latitude, longitude (city)",CANYNID,CANYON COUNTY JAIL - DALE G HAILE DET CEN,219 N. 12TH AVENUE,CALDWELL,CANYON,ID,83605,SLC,14/08/2007,2011-03-04,43.66481757,-116.6813719
locations.csv,"exact latitude, longitude (city)",CARBOPA,CARBON COUNTY CORRECTIONL,ROUTE 93 & BROAD STREET,NESQUEHONING,CARBON,PA,18240,PHI,19/09/2013,3/6/98,40.8787347,-75.7848305
locations.csv,"exact latitude, longitude (city)",CARBOWY,CARBON COUNTY JAIL,"1302 Daley St, Rawlins, WY 82301",RAWLINS,CARBON,WY,82301,DEN,28/04/2009,1/11/90,41.796028,-107.224224
sarahs research,"county approximate center only (latitude, longitude)",CARDFVA,CAROLINE DETENTION FACILITY,,,Caroline,VA,,,,,38.017,-77.5593
locations.csv,"exact latitude, longitude (city)",CARJAMN,CARVER COUNTY JAIL,600 EAST FOURTH ST.,CHASKA,CARVER,MN,55318,SPM,2004-11-17,31/10/1990,44.787264,-93.592872
locations.csv,"exact latitude, longitude (city)",CARROMD,CARROLL COUNTY DETENTION CENTER,100 NORTH COURT STREET,WESTMINSTER,CARROLL,MD,21157,BAL,2012-05-13,3/2/00,39.572886,-76.986107
locations.csv,"exact latitude, longitude (city)",CARTEOK,"CARTER COUNTY (ARDMORE, OKLAHOMA)",100 S. WASHINGTON,ARDMORE,CARTER,OK,73401,DAL,12/10/00,2/8/89,34.170019,-97.12925
locations.csv,"exact latitude, longitude (city)",CASCAMT,CASCADE COUNTY JAIL (MONTANA),3800 ULM NORTH FRONTAGE ROAD,GREAT FALLS,CASCADE,MT,59404,SLC,2004-11-17,18/01/1991,47.46636197,-111.3804339
locations.csv,"exact latitude, longitude (city)",CASPCAL,CALIPATRIA STATE,7018 BLAIR ROAD,CALIPATRIA,IMPERIAL,CA,92233,SND,30/03/2009,20/06/2006,33.16643595,-115.4846143
locations.csv,"exact latitude, longitude (city)",CASPSAC,CSP-SACRAMENTO,100 PRISON ROAD,REPRESA,SACRAMENTO,CA,95671,SFR,,,38.69362,-121.152411
locations.csv,"exact latitude, longitude (city)",CASPSAT,CALIFORNIA STATE,CA. SUBSTANCE ABUSE TREATMENT FACILITY,CORCORAN,KINGS,CA,93212,LOS,25/11/2007,5/7/96,36.052813,-119.553661
locations.csv,"exact latitude, longitude (city)",CASPSOL,CSP-SOLANO,2100 PEABODY ROAD,VACAVILLE,SOLANO,CA,95696,SFR,,,38.320801,-121.970384
locations.csv,"exact latitude, longitude (city)",CASSCIA,CASS COUNTY CORRECTIONAL FACILITY (IOWA),"5 W 7TH STREET, #H",ATLANTIC,CASS,IA,50022,SPM,14/11/2002,21/03/1997,41.403754,-95.013952
locations.csv,"exact latitude, longitude (city)",CASSCND,CASS COUNTY JAIL,450 34TH STREET SOUTH,FARGO,CASS,ND,58107,SPM,27/01/2015,22/10/1992,46.869841,-96.83308
locations.csv,"exact latitude, longitude (city)",CASSCNE,CASS COUNTY JAIL,336 MAIN STREET,PLATTSMOUTH,CASS,NE,68048,SPM,2004-11-17,10/11/98,41.01108421,-95.88334479
locations.csv,"exact latitude, longitude (city)",CASSJCA,CASA SAN DIEGO,"3987 Georgia St, San Diego, CA 92103",SAN DIEGO,SAN DIEGO,CA,92103,SND,2008-04-07,18/02/1986,32.7499651,-117.1448826
locations.csv,"exact latitude, longitude (city)",CATAHLA,CATAHOULA CORRECTIONAL CENTER,499 COLUMBIA HARRISONBURG ROAD,HARRISONBURG,RAPIDES,LA,71430,NOL,16/02/2005,31/01/2000,31.860451,-91.962215
locations.csv,"exact latitude, longitude (city)",CATFSOL,CTF-SOLEDAD,P.O. BOX 686,SOLEDAD,MONTEREY,CA,93960,SFR,,,36.471097,-121.382624
locations.csv,"exact latitude, longitude (city)",CATTANY,CATTARAUGUS COUNTY JAIL,301 COURT STREET,LITTLE VALLEY,CATTARAUGUS,NY,14755,BUF,2001-08-12,26/08/1993,42.251454,-78.800353
locations.csv,"exact latitude, longitude (city)",CAYTHGS,HERMAN G. STARKS YTS,15180 EUCLID AVENUE,CHINO,SAN BERNARDINO,CA,91710,LOS,2004-11-02,26/07/1999,33.980652,-117.6545864
locations.csv,"exact latitude, longitude (city)",CAYUGNY,CAYUGA COUNTY JAIL,"7445 COUNTY HOUSE RD, PO BOX518",AUBURN,CAYUGA,NY,13021,BUF,2007-04-16,2005-09-02,42.979977,-76.54352
locations.csv,"exact latitude, longitude (city)",CBENDTX,COASTAL BEND DETENTION FACILITY,4909 FM (FARM TO MARKET) 2826,ROBSTOWN,NUECES,TX,78380,HOU,2004-11-17,2009-06-12,27.736829,-97.754606
sarahs research,"exact latitude, longitude (city)",CBPHOLD,BUFFALO USBP HOLD ROOM,,Buffalo,Erie,NY,,,,,42.9018,-78.8487
locations.csv,"exact latitude, longitude (city)",CBRRSNC,CABARRUS COUNTY JAIL,30 CORBAN AVENUE SE,CONCORD,CABARRUS,NC,28025,ATL,2002-11-17,2002-06-09,35.4093208,-80.5780352
locations.csv,"exact latitude, longitude (city)",CCADCAZ,CCA CENTRAL ARIZONA DETENTION CENTER,1155 NORTH PINAL PARKWAY,FLORENCE,PINAL,AZ,85132,PHO,2007-09-16,8/1/98,33.0643662,-111.378808
locations.csv,"exact latitude, longitude (city)",CCAFLAZ,"CCA, FLORENCE CORRECTIONAL CENTER",1100 BOWLING ROAD,FLORENCE,PINAL,AZ,85132,PHO,2004-11-17,4/11/87,33.0438338,-111.371793
locations.csv,"exact latitude, longitude (city)",CCAHUTX,HUTTO CCA,1001 WELCH STREET,TAYLOR,WILLIAMSON,TX,76574,SNA,2004-11-17,13/04/1998,30.5649047,-97.41975246
locations.csv,"exact latitude, longitude (city)",CCALEKS,"CORRECTIONAL CORPORATION OF AMERICA (JEFFERSON, OK",100 HIGHWAY TERRACE,LEAVENWORTH,DOUGLAS,KS,66045,CHI,27/11/2003,16/05/1997,39.272866,-94.892024
locations.csv,"exact latitude, longitude (city)",CCANOOH,NORTHEAST OHIO CORRECTIONAL CTR (YOUNGSTOWN CDF),2240 HUBBARD ROAD,YOUNGSTOWN,MAHONING,OH,44505,DET,2004-11-17,18/12/2016,41.12885834,-80.62678376
locations.csv,"exact latitude, longitude (city)",CCASDCA,OTAY MESA DETENTION CENTER (SAN DIEGO CDF),7488 CALZADA DE LA FUENTE,SAN DIEGO,SAN DIEGO,CA,92154,SND,2004-11-17,5/9/98,32.57652475,-116.9154777
locations.csv,"exact latitude, longitude (city)",CCFAMNV,CC FAMILY & YOUTH SERVICE,"701 N Pecos Rd K, Las Vegas, NV 89101",LAS VEGAS,CLARK,NV,89101,SLC,15/12/2003,23/10/1991,36.175849,-115.098347
sarahs research,"exact latitude, longitude (city)",CCHAUTX,,,,,TX,,,,,31.0545,-97.5635
locations.csv,"exact latitude, longitude (city)",CCHHSIL,COOK COUNTY HOSPITAL-JHS,1969 W OGDEN AVE,CHICAGO,COOK,IL,60612,CHI,2001-09-16,29/08/2016,41.8729343,-87.67380235
locations.csv,"exact latitude, longitude (city)",CCHOSIL,COOK COUNTY HOSPITAL,1900 WEST POLK ST,CHICAGO,COOK,IL,60612,CHI,2008-02-06,2003-02-06,41.87180905,-87.67338629
sarahs research,Latitude Longitude based only on state,CCHRTTX,CEDAR CREST HOSP TREAT,,,,TX,,,,,31.0545,-97.5635
sarahs research,"exact latitude, longitude (city)",CCRMCCA,,,,,CA,,,,,36.1162,-119.6816
sarahs research,Latitude Longitude based only on state,CCRMHMN,CENTRACARE RICE MEMORIAL HOSP,,,,MN,,,,,45.6945,-93.9002
locations.csv,"exact latitude, longitude (city)",CEDARNE,CEDAR COUNTY JAIL,101 EAST CENTRE STREET,HARTINGTON,CEDAR,NE,68739,SPM,2009-02-03,2007-02-03,42.6205602,-97.2598674
locations.csv,"exact latitude, longitude (city)",CEMEDFL,CEDARS MEDICAL CENTER,1400 NW 12TH AVE,MIAMI,MIAMI-DADE,FL,33136,MIA,2010-08-16,9/3/99,25.78841925,-80.2163433
locations.csv,"exact latitude, longitude (city)",CENTRPA,CENTRE COUNTY JAIL,COURTHOUSE,BELLEFONTE,CENTRE,PA,16823,PHI,27/10/2005,26/10/2005,40.9122898,-77.77689576
sarahs research,"exact latitude, longitude (city)",CENTRVA,,,,,VA,,,,,37.7693,-78.17
locations.csv,"exact latitude, longitude (city)",CENTRWV,CENTRAL REGIONAL JAIL,300 DAYS DRIVE,SUTTON,BRAXTON,WV,26601,PHI,29/01/2013,29/01/2013,38.6965246,-80.6581991
locations.csv,"exact latitude, longitude (city)",CFALSMT,COLUMBIA FALLS POLICE DEPARTMENT,130 6TH ST. W.,COLUMBIA FALLS,FLATHEAD,MT,59912,SLC,29/03/2006,23/01/2005,48.3733707,-114.1829324
locations.csv,"exact latitude, longitude (city)",CFREDVA,CLARKE FREDK WINCH.,141 FT COLLIER ROAD,WINCHESTER,FREDERICK,VA,22603,WAS,29/10/2008,29/05/1991,39.19850623,-78.14630154
locations.csv,"exact latitude, longitude (city)",CGRMCAZ,CASA GRANDE REGIONAL MEDICAL CENTER,1800 E. FLORENCE BL.,CASA GRANDE,PINAL,AZ,85222,PHO,2012-03-15,2007-11-02,32.880542,-111.708726
locations.csv,"exact latitude, longitude (city)",CHACONY,CHAUTAUQUA COUNTY JAIL,15 E. CHAUTAUQUA STREET,MAYVILLE,CHAUTAUQUA,NY,14757,BUF,2004-11-17,29/10/1987,42.25486946,-79.50413017
locations.csv,"exact latitude, longitude (city)",CHAFFCO,CHAFFEE COUNTY JAIL,"148 Crestone Ave, Salida, CO 81201",SALIDA,CHAFFEE,CO,81201,DEN,17/04/2008,31/07/1997,38.5379616,-105.9988968
locations.csv,"exact latitude, longitude (city)",CHAHOLD,CHARLOTTE AMALIE HOLDROOM,"5500, Veterans Dr, St Thomas 00801, U.S. Virgin Islands",ST. THOMAS,ST. THOMAS,VI,801,MIA,26/07/2017,2006-06-11,18.3223,-64.9637
sarahs research,Latitude Longitude based only on state,CHANRAZ,CHANDLER REG MED CTR,,,,AZ,,,,,33.7298,-111.4312
locations.csv,"exact latitude, longitude (city)",CHARLSC,CHARLESTON COUNTY DETENTION CENTER,3841 LEEDS AVENUE,NORTH CHARLESTON,CHARLESTON,SC,29405,ATL,2004-11-17,31/10/1997,32.8586313,-80.0087951
locations.csv,"exact latitude, longitude (city)",CHARLSD,CHARLES MIX COUNTY,501 EAST LAKE STREET,LAKE ANDES,CHARLES MIX,SD,57356,SPM,2004-05-03,20/09/1998,43.155191,-98.537623
locations.csv,"exact latitude, longitude (city)",CHASEKS,CHASE COUNTY DETENTION FACILITY,301 SOUTH WALNUT STREET,COTTONWOOD FALLS,CHASE,KS,66845,CHI,2004-11-17,25/07/1994,38.3754174,-96.5389847
locations.csv,"exact latitude, longitude (city)",CHATHGA,CHATHAM COUNTY JAIL,1050 CARL GRIFFEN DRIVE,SAVANNAH,CHATHAM,GA,31405,ATL,28/05/2008,2/10/94,32.066971,-81.167923
locations.csv,"exact latitude, longitude (city)",CHAVENM,CHAVEZ DETENTION CENTER,3701 S. ATKINSON,ROSWELL,CHAVES,NM,88201,ELP,2001-07-03,30/06/2003,33.352159,-104.505543
locations.csv,"exact latitude, longitude (city)",CHELAWA,CHELAN COUNTY REGIONAL JUSTICE CENTER,401 WASHINGTON ST 2ND FLOOR,WENATCHEE,CHELAN,WA,98801,SEA,2007-03-12,15/07/1989,47.422551,-120.315434
locations.csv,"exact latitude, longitude (city)",CHEMUNY,CHEMUNG COUNTY JAIL,211 WILLIAM STREET,ELMIRA,CHEMUNG,NY,14901,BUF,2011-10-06,3/9/88,42.09146515,-76.80107004
locations.csv,"exact latitude, longitude (city)",CHEROAL,CHEROKEE COUNTY JAIL,201 N. RIVER STREET,CENTRE,CHEROKEE,AL,35960,NOL,2005-01-04,16/06/1999,34.153899,-85.678383
locations.csv,"exact latitude, longitude (city)",CHEROGA,CHEROKEE COUNTY JAIL (GEORGIA),498 CHATTIN DRIVE,CANTON,CHEROKEE,GA,30115,ATL,30/04/2003,28/08/1989,34.19529,-84.492246
locations.csv,"exact latitude, longitude (city)",CHEROIA,CHEROKEE COUNTY SHERIFF'S OFFICE,111 NORTH 5TH STREET,CHEROKEE,CHEROKEE,IA,51012,SPM,2001-10-02,6/9/98,42.74993328,-95.5546656
locations.csv,"exact latitude, longitude (city)",CHEROOK,CHEROKEE COUNTY JAIL,213 WEST DELAWARE STREET,TAHLEQUAH,CHEROKEE,OK,74464,DAL,,,35.91374921,-94.97255868
locations.csv,"exact latitude, longitude (city)",CHESTPA,CHESTER COUNTY JAIL (PENNSYLVANIA),17 N CHURCH ST,WEST CHESTER,CHESTER,PA,19380,PHI,23/05/2007,5/10/87,39.95935509,-75.60580813
locations.csv,"exact latitude, longitude (city)",CHEYENE,CHEYENNE COUNTY DETENTION CENTER,1000 10TH AVENUE. PO BOX 75,SIDNEY,CHEYENNE,NE,69162,SPM,2010-10-02,27/11/1996,41.143368,-102.976896
sarahs research,"county approximate center only (latitude, longitude)",CHFLDVA,CHESTERFIELD CO. JAIL,,,Chesterfield,VA,,,,,37.3531,-77.4342
sarahs research,"exact latitude, longitude (city)",CHIHMIA,,,,,IA,,,,,42.0115,-93.2105
locations.csv,"exact latitude, longitude (city)",CHIHOLD,INS AIRPORT HOLD,"CHICAGO O'HARE AIRPORT, TERMINAL #5",CHICAGO,COOK,IL,60666,CHI,2009-10-17,7/3/86,41.974839,-87.890021
locations.csv,"exact latitude, longitude (city)",CHIPPMI,CHIPPEWA COUNTY SSM,325 COURT STREET,SAULT SAINTE MARIE,CHIPPEWA,MI,49783,DET,2004-11-17,30/09/1991,46.49749031,-84.34616045
sarahs research,"exact latitude, longitude (city)",CHISLTX,,,,,TX,,,,,31.0545,-97.5635
locations.csv,"exact latitude, longitude (city)",CHLHOLD,"CHARLESTON, SC HOLD ROOM",3950 FABER PLACE DR,CHARLESTON,YORK,SC,29705,ATL,2004-11-17,29/08/2017,32.846752,-80.019771
sarahs research,Latitude Longitude based only on state,CHMCINY,COURTHOUSE USM CNTL ISLIP,,,,NY,,,,,42.1657,-74.9481
sarahs research,"exact latitude, longitude (city)",CHMHOLD,CHAMPLAIN HOLD ROOM,,Champlain,Clinton,NY,,,,,44.6951,-73.4563
locations.csv,"exact latitude, longitude (city)",CHOUTMT,CHOUTEAU COUNTY JAIL,"1215 Washington St, Fort Benton, MT 59442",FORT BENTON,CHOUTEAU,MT,59442,SLC,2008-07-04,20/12/1991,47.8167578,-110.6732208
sarahs research,"exact latitude, longitude (city)",CHPHOVA,,,,,VA,,,,,37.7693,-78.17
locations.csv,"exact latitude, longitude (city)",CHRISKY,CHRISTIAN COUNTY JAIL,"410 WEST 7TH STREET,",HOPKINSVILLE,CHRISTIAN,KY,42240,CHI,24/08/2003,29/01/2003,36.86750539,-87.49050169
locations.csv,"exact latitude, longitude (city)",CHRISMO,CHRISTIAN COUNTY JAIL,110 WEST ELM,OZARK,CHRISTIAN,MO,65721,CHI,2004-11-17,2003-01-04,37.01986859,-93.20555586
locations.csv,"exact latitude, longitude (city)",CHRLTFL,CHARLOTTE COUNTY JAIL,26601 AIRPORT RD,PUNTA GORDA,CHARLOTTE,FL,33982,MIA,2010-05-17,2003-10-02,26.9171174,-82.0434353
sarahs research,"county approximate center only (latitude, longitude)",CHSPKVA,CHESAPEAKE CITY JAIL,,,Chesapeake,VA,,,,,36.6778,-76.3023
sarahs research,Latitude Longitude based only on state,CHSRHTX,CHRISTUS SANTA ROSA HOSPITAL - MED,,,,TX,,,,,31.0545,-97.5635
locations.csv,"exact latitude, longitude (city)",CHYHOLD,CHEYENNE HOLDROOM,308 W. 21ST STREET,CHEYENNE,LARAMIE,WY,82001,DEN,30/04/2015,30/04/2015,41.1368002,-104.8198995
locations.csv,"exact latitude, longitude (city)",CIBOCNM,CIBOLA COUNTY CORRECTIONAL CENTER,2000 CIBOLA LOOP,MILAN,CIBOLA,NM,87021,ELP,2004-11-17,27/12/2016,35.17978331,-107.9076486
sarahs research,"exact latitude, longitude (city)",CIBOGNM,,,,,NM,,,,,34.8405,-106.2485
locations.csv,"exact latitude, longitude (city)",CIBOLNM,CIBOLA COUNTY DETENTION CENTER,"2000 Cibola Loop, Milan, NM 87021",Milan,CIBOLA,NM,87021,ELP,2003-10-07,13/03/1998,35.17978331,-107.9076486
sarahs research,"exact latitude, longitude (city)",CINHOLD,CINCINNATI HOLDROOM,,Cincinnati,Hamilton,OH,,,,,39.1413,-84.506
sarahs research,"exact latitude, longitude (city)",CIPHOLD,CENTRAL ISLIP HOLD ROOM,,Central Islip,Suffolk,NY,,,,,40.7836,-73.1945
locations.csv,"exact latitude, longitude (city)",CITRUFL,CITRUS COUNTY JAIL,2604 W. WOODLAND RIDGE DR.,LECANTO,CITRUS,FL,34461,MIA,21/05/2008,14/02/1996,28.846057,-82.47752657
locations.csv,"exact latitude, longitude (city)",CKHOSFL,COLUMBIA KENDAL HOSPITAL,11750 S.W. BIRD RD.,MIAMI,MIAMI-DADE,FL,33175,MIA,18/10/2017,29/01/1997,25.73070145,-80.38559965
locations.csv,"exact latitude, longitude (city)",CLACOMO,CLAY COUNTY JAIL,14 S. WATER,LIBERTY,CLAY,MO,64068,CHI,18/02/2004,13/02/1991,39.2459295,-94.4193245
locations.csv,"exact latitude, longitude (city)",CLACOSD,CLAY COUNTY JAIL,15 WASHINGTON STREET,VERMILLION,CLAY,SD,57069,SPM,27/10/2004,18/03/1998,42.779633,-96.93641214
locations.csv,"exact latitude, longitude (city)",CLAJUIN,CLARK COUNTY JUVENILE,"609 MEIGS AVENUE,",JEFFERSONVILLE,CLARK,IN,47130,CHI,2011-04-03,13/09/2000,38.27795057,-85.7366829
locations.csv,"exact latitude, longitude (city)",CLARIPA,CLARION COUNTY CORRECTIONS,"309 T-580, Shippenville, PA 16254",SHIPPENVILLE,CLARION,PA,16254,PHI,2012-05-09,20/09/1996,41.237619,-79.423483
locations.csv,"exact latitude, longitude (city)",CLARKIA,CLARKE COUNTY SHERIFF,100 S MAIN ST,OSCEOLA,CLARKE,IA,50213,SPM,14/11/2002,3/3/00,41.0341692,-93.76675124
locations.csv,"exact latitude, longitude (city)",CLARKID,CLARK COUNTY JAIL,"501 E Court Ave #159, Jeffersonville, IN 47130",DUBOIS,CLARK,ID,47130,SLC,,,38.277682,-85.7375976
sarahs research,"county approximate center only (latitude, longitude)",CLARKIN,CLARK COUNTY JAIL,,,Clark,IN,,,,,38.3376,-85.7026
locations.csv,"exact latitude, longitude (city)",CLARKWA,CLARKE COUNTY JAIL,"707 W 13th St, Vancouver, WA 98666",VANCOUVER,CLARK,WA,98666,SEA,31/10/1999,10/8/90,45.631025,-122.6782239
locations.csv,"exact latitude, longitude (city)",CLATSOR,CLATSOP COUNTY JAIL,636 DUANE STREET,ASTORIA,CLATSOP,OR,97103,SEA,17/10/2002,15/03/1994,46.18864285,-123.8363669
locations.csv,"exact latitude, longitude (city)",CLAYCFL,CLAY COUNTY JAIL,901 N. ORANGE AVENUE,GREENCOVE SPRING,CLAY,FL,32043,MIA,16/01/2008,9/12/00,30.003895,-81.686994
locations.csv,"exact latitude, longitude (city)",CLAYCIN,CLAY COUNTY JAIL,611 EAST JACKSON STREET,BRAZIL,CLAY,IN,47834,CHI,2004-11-17,23/07/2013,39.52383377,-87.12009947
locations.csv,"exact latitude, longitude (city)",CLAYCMN,CLAY COUNTY,"915 8 1/2 Ave N, Moorhead, MN 56560",MOORHEAD,CLAY,MN,56560,SPM,27/04/2004,12/4/96,46.8841683,-96.7610366
locations.csv,"exact latitude, longitude (city)",CLEARCO,CLEAR CREEK COUNTY JAIL,"405 Argentine St, Georgetown, CO 80444",GEORGETOWN,CLEAR CREEK,CO,80444,DEN,13/07/2008,17/01/1991,39.705319,-105.698357
locations.csv,"exact latitude, longitude (city)",CLEARPA,CLEARFIELD COUNTY JAIL,410 21ST STREET,CLEARFIELD,CLEARFIELD,PA,16830,PHI,2004-05-08,31/08/2001,41.01530201,-78.41238741
locations.csv,"exact latitude, longitude (city)",CLEHOLD,CLEVELAND HOLD ROOM,"1240 E. 9TH STREET, ROOM 585",CLEVELAND,CUYAHOGA,OH,44199,DET,2001-10-17,2011-06-12,41.504901,-81.691781
locations.csv,"exact latitude, longitude (city)",CLICONY,CLINTON COUNTY JAIL,25 MCCARTHY DRIVE,PLATTSBURGH,CLINTON,NY,12901,BUF,2004-11-17,16/10/1987,44.71959274,-73.46803505
locations.csv,"exact latitude, longitude (city)",CLINTIA,CLINTON COUNTY JAIL,241 7TH AVENUE NORTH,CLINTON,CLINTON,IA,52732,SPM,2004-11-02,18/04/1992,41.85124832,-90.1892211
locations.csv,"exact latitude, longitude (city)",CLINTIN,CLINTON COUNTY JAIL,301 E WALNUT STREET,FRANKFORT,CLINTON,IN,46041,CHI,,,40.27977816,-86.50913675
locations.csv,"exact latitude, longitude (city)",CLINTPA,CLINTON COUNTY CORRECTIONAL FACILITY,419 SHOEMAKER ROAD,LOCK HAVEN,CLINTON,PA,17745,PHI,2004-11-17,21/04/2001,41.154871,-77.336887
locations.csv,"exact latitude, longitude (city)",CLJUVWA,CLARK COUNTY JUVENILE,500 WEST 11TH STREET,VANCOUVER,CLARK,WA,98660,NOL,23/06/2003,4/4/97,45.629662,-122.676163
locations.csv,"exact latitude, longitude (city)",CLMHOLD,COLUMBUS HOLDROOM,50 WEST BROAD ST,COLUMBUS,FRANKLIN,OH,43215,DET,19/12/2015,2011-12-15,39.9623335,-83.00217974
locations.csv,"exact latitude, longitude (city)",CLTHOLD,CHARLOTTE HOLD ROOM,"601 E Trade St, Charlotte, NC 28202",CHARLOTTE,MECKLENBURG,NC,28202,ATL,22/08/2017,29/03/2011,35.222886,-80.837843
sarahs research,"exact latitude, longitude (city)",CMDHOLD,BATAVIA COMMAND CENTER HOLDROOM,,Batavia,Genesee,NY,,,,,42.9987,-78.1802
locations.csv,"exact latitude, longitude (city)",CMEDHPR,CENTRO MEDICO HOSPITAL,"Av Americo Miranda S/N, San Juan, 00935, Puerto Rico",SAN JUAN,COUNTY,PR,935,MIA,2005-10-14,19/09/2014,18.4105,-66.0605
locations.csv,"exact latitude, longitude (city)",CMPJVNY,COMPASS HOUSE SHELTER,370 LINWOOD AVE,BUFFALO,ERIE,NY,14209,BUF,16/08/2017,23/09/2005,42.91287469,-78.86773702
locations.csv,"exact latitude, longitude (city)",CNGHOLD,CHATTANOOGA HOLD ROOM,"3117 Dayton Blvd, Red Bank, TN 37415",CHATTANOOGA,HAMILTON,TN,37450,NOL,,,35.106032,-85.297818
locations.csv,"exact latitude, longitude (city)",CNTGRIL,CENTEGRA HOSPITAL,3701 DOTY ST,WOODSTOCK,MCHENRY,IL,60098,CHI,26/04/2016,20/04/2016,42.2760802,-88.40139588
sarahs research,Latitude Longitude based only on state,CNTRHWA,CENTRAL WASHINGTON HOSPITAL,,,,WA,,,,,47.4009,-121.4905
locations.csv,"exact latitude, longitude (city)",COAHOLD,"COLUMBIA, SC HOLDROOM","1835 Assembly St Columbia, SC 29201",COLUMBIA,RICHLAND,SC,29201,ATL,25/07/2017,27/08/2014,34.009224,-81.038982
locations.csv,"exact latitude, longitude (city)",COBBJGA,COBB COUNTY JAIL,1825 COUNTY SERVICES PARKWAY,MARIETTA,COBB,GA,30060,ATL,2004-11-17,15/02/2005,33.908688,-84.58092
locations.csv,"exact latitude, longitude (city)",COCHIAZ,COCHISE COUNTY JAIL,203 NORTH JUDD DRIVE,BISBEE,COCHISE,AZ,85603,PHO,30/04/2010,18/06/1984,31.43325215,-109.8708224
locations.csv,"exact latitude, longitude (city)",COCONAZ,COCONINO COUNTY DETENTION FACILITY,952 E. SAW MILL ROAD,FLAGSTAFF,COCONINO,AZ,86001,PHO,28/08/2014,4/1/92,35.188274,-111.640415
locations.csv,"exact latitude, longitude (city)",CODCCSP,COLO DEPARTMENT OF CORRECTIONS,2862 SOUTH CIRCLE DRIVE #100,COLO. SPGS,EL PASO,CO,80906,DEN,29/01/2008,22/07/2007,38.798929,-104.793918
locations.csv,"exact latitude, longitude (city)",CODINSD,CODINGTON COUNTY,119 SOUTH MAPLE,WATERTOWN,CODINGTON,SD,57201,SPM,29/11/2005,10/10/96,44.89814242,-97.11375712
locations.csv,"exact latitude, longitude (city)",COJUVAZ,COCHISE COUNTY CHILD CENTER,721 GONZALEZ,HUACHUCA CITY,COCHISE,AZ,85616,PHO,24/10/2004,13/06/1990,31.640669,-110.33767
locations.csv,"exact latitude, longitude (city)",COLCASC,COLUMBIA CARE CENTER,7901 FARROW ROAD,COLUMBIA,RICHLAND,SC,29203,ATL,2004-11-17,5/3/99,34.0757437,-80.97972426
locations.csv,"exact latitude, longitude (city)",COLESIL,COLES COUNTY JAIL,701 7TH STREET,CHARLESTON,COLES,IL,61920,CHI,18/06/2003,24/04/1998,39.493184,-88.174189
locations.csv,"exact latitude, longitude (city)",COLFANE,COLFAX CO JAIL,411 EAST 11TH STREET,SCHUYLER,COLFAX,NE,68661,SPM,26/01/2003,4/3/95,41.447333,-97.058465
locations.csv,"exact latitude, longitude (city)",COLLIFL,COLLIER COUNTY NAPLES JAIL CENTER,3301 TAMIAMI TRAIL EAST,NAPLES,COLLIER,FL,34112,MIA,2004-11-17,17/11/1990,26.12627336,-81.76572362
locations.csv,"exact latitude, longitude (city)",COLOMNY,COLOMBIA COUNTY JAIL,85 INDUSTRIAL TRACT,HUDSON,ORANGE,NY,12543,BUF,25/01/2010,14/11/1989,42.249608,-73.756327
locations.csv,"exact latitude, longitude (city)",COLQUGA,COLQUITT COUNTY JAIL,COLQUITT COUNTY SHERIFFS DEPT.,MOULTRIE,COLQUITT,GA,31776,ATL,14/04/2008,17/06/1997,31.18244,-83.760922
sarahs research,"county approximate center only (latitude, longitude)",COLUMFL,COLUMBIA COUNTY JAIL,,,Columbia,FL,,,,,30.1901,-82.6471
locations.csv,"exact latitude, longitude (city)",COLUMOR,COLUMBIA COUNTY JAIL,901 PORT AVENUE,SAINT HELENS,COLUMBIA,OR,97051,SEA,24/04/2014,19/07/1991,45.8486573,-122.8188631
locations.csv,"exact latitude, longitude (city)",COLUMPA,COLUMBIA COUNTY,721 IRON ST.,BLOOMSBURG,COLUMBIA,PA,17815,PHI,14/09/2010,2001-08-08,40.99816304,-76.45051929
locations.csv,"exact latitude, longitude (city)",COMALTX,COMAL CITY JAIL,"3005 W San Antonio St, New Braunfels, TX 78130",NEW BRAUNFELS,COMAL,TX,78130,SNA,2010-07-08,1/7/91,29.703317,-98.1242189
locations.csv,"exact latitude, longitude (city)",COMFTFL,COMFORT SUITES HOTEL,3901 SW 117TH AVE.,MIAMI,MIAMI-DADE,FL,33175,MIA,18/10/2017,21/01/2000,25.7331817,-80.382618
locations.csv,"exact latitude, longitude (city)",COMHICO,COLORADO MENTAL HEALTH INSTITUTE,1600 WEST 24TH STREET,PUEBLO,PUEBLO,CO,81003,DEN,,,38.29095475,-104.6277323
locations.csv,"exact latitude, longitude (city)",CONCOCA,CONTRA COSTA COUNTY JAIL,1000 WARD STREET,MARTINEZ,CONTRA COSTA,CA,94553,SFR,30/10/2017,2006-04-10,38.01833,-122.132897
locations.csv,"exact latitude, longitude (city)",CONCOLA,CONCORDIA PARISH C C,26356 HWY 15,FERRIDAY,CONCORDIA,LA,71334,NOL,18/01/2005,10/2/87,31.585628,-91.557231
locations.csv,"exact latitude, longitude (city)",CONEJCO,CONEJOS COUNTY JAIL,14044 COUNTY ROAD G5,ANTONITO,CONEJOS,CO,81120,DEN,25/06/2014,2003-05-06,37.08625,-106.005302
sarahs research,"exact latitude, longitude (city)",CONHOTX,,,,,TX,,,,,31.0545,-97.5635
locations.csv,"exact latitude, longitude (city)",CONVEWY,CONVERSE COUNTY JAIL,107 NORTH 5TH STREET,DOUGLAS,CONVERSE,WY,82633,DEN,29/04/2009,6/4/92,42.75971053,-105.381135
locations.csv,"exact latitude, longitude (city)",CONWECA,CONTRA COSTA COUNTY JAIL WEST,5555 GIANT HIGHWAY,RICHMOND,CONTRA COSTA,CA,94806,SFR,2004-11-17,2005-04-10,37.99426889,-122.3521434
locations.csv,"exact latitude, longitude (city)",COOKETX,COOKE COUNTY JAIL,301 SOUTH CHESTNUT ST,GAINSVILLE,COOKE,TX,76240,DAL,30/10/1991,2/10/89,33.622726,-97.147309
locations.csv,"exact latitude, longitude (city)",COOSCOR,COOS COUNTY,COOS COUNTY SHERIFF'S OFFICE,COQUILLE,COOS,OR,97423,SEA,17/10/2017,16/10/1996,43.176795,-124.186364
locations.csv,"exact latitude, longitude (city)",CORCONY,CORTLAND COUNTY JAIL,54 GREENBUSH STREET,CORTLAND,CORTLAND,NY,13045,BUF,2001-11-07,29/04/1997,42.59846975,-76.17541863
locations.csv,"exact latitude, longitude (city)",CORTYTX,CORYELL COUNTY JAIL,COUNTY SHERIFF,COPPERAS COVE,CORYELL,TX,76528,SNA,25/12/2006,5/3/99,31.123431,-97.901058
locations.csv,"exact latitude, longitude (city)",COSTACA,COSTA MESA COLLEGE HOSPITAL,301 VICTORIA ST.,COSTA MESA,ORANGE,CA,92627,LOS,2006-05-12,19/05/2008,33.6521001,-117.9119556
locations.csv,"exact latitude, longitude (city)",COSTICO,COSTILLA COUNTY JAIL,103 GASPER STREET,SAN LUIS,COSTILLA,CO,81152,DEN,13/09/2007,22/10/1992,37.198212,-105.425505
locations.csv,"exact latitude, longitude (city)",COWJVWA,COWLITZ COUNTY JUVENILE,1725 1ST AVE.,LONGVIEW,COWLITZ,WA,98632,SEA,2004-11-17,2002-10-07,46.14140306,-122.9177984
locations.csv,"exact latitude, longitude (city)",COWLIWA,COWLITZ COUNTY JAIL,312 FIRST AVE WEST,KELSO,COWLITZ,WA,98626,SEA,23/09/2007,24/01/1996,46.143412,-122.916367
sarahs research,"exact latitude, longitude (city)",COXMEMO,,,,,MO,,,,,38.4561,-92.2884
sarahs research,"county approximate center only (latitude, longitude)",CPBDCKY,CAMPBELL CO DET CTR,,,Campbell,KY,,,,,39.0801,-84.4518
locations.csv,"exact latitude, longitude (city)",CRAWFIA,CRAWFORD COUNTY JAIL,1119 1ST AVE,DENISON,CRAWFORD,IA,51442,SPM,13/01/2003,10/4/96,42.01776876,-95.356386
locations.csv,"exact latitude, longitude (city)",CRAWFMI,"CRAWFORD COUNTY JAIL (GRAYLING, MICHIGAN)",200 WEST MICHIGAN,GRAYLING,CRAWFORD,MI,49738,DET,26/08/2004,28/08/1991,44.66009,-84.716661
locations.csv,"exact latitude, longitude (city)",CRGHOLD,CRAIG HOLDROOM,466 TUCKER STREET,CRAIG,MOFFAT,CO,81625,DEN,2001-08-17,2001-08-17,40.51362644,-107.5449635
locations.csv,"exact latitude, longitude (city)",CRIHOLD,CEDAR RAPIDS HOLD ROOM,"53 3rd Ave Bridge, Cedar Rapids, IA 52401",CEDAR RAPIDS,LINN,IA,52401,SPM,,,41.9752949,-91.6700847
sarahs research,Latitude Longitude based only on state,CRMCFCA,COMMUNITY REG MED CENTER,,,,CA,,,,,36.1162,-119.6816
locations.csv,"exact latitude, longitude (city)",CROWGMN,CROW WING COUNTY JAIL,313 LAUREL ST,BRAINERD,CROW WING,MN,56401,SPM,25/08/2011,21/07/2011,46.355872,-94.20591294
sarahs research,"exact latitude, longitude (city)",CRPHOLD,CORPUS CHRISTI EOR HOLD ROOM,,Corpus Christi,,TX,,,,,27.7254,-97.3767
locations.csv,"exact latitude, longitude (city)",CRTOSCA,CERRITOS COLLEGE HOSPITAL,10802 COLLEGE PLACE,CERRITOS,LOS ANGELES,CA,90703,LOS,,,33.88516992,-118.102257
locations.csv,"exact latitude, longitude (city)",CRYCCTX,CRYSTAL CITY CORRECTIONAL CENTER,6901 N HIGHWAY 83,CRYSTAL CITY,ZAVALA,TX,78839,SNA,2005-01-14,20/12/1998,28.63467,-99.829797
locations.csv,"exact latitude, longitude (city)",CSCNWWA,NORTHWEST DETENTION CENTER,1623 E. J STREET,TACOMA,PIERCE,WA,98421,SEA,2004-11-17,1905-06-11,47.25020974,-122.4226634
locations.csv,"exact latitude, longitude (city)",CSCSFGA,CSC SOUTH FULTON MUNICIPAL JAIL,6500 WATSON STREET,UNION CITY,FULTON,GA,30291,ATL,2007-03-06,4/4/99,33.578616,-84.551339
sarahs research,"exact latitude, longitude (city)",CSDHOLD,COLO SPRINGS DEN HSI HOLD,,Colorado Springs,El Paso,CO,,,,,38.8674,-104.7605
sarahs research,Latitude Longitude based only on state,CSLLFTX,CHI ST LUKE'S H M LUFKIN,,,,TX,,,,,31.0545,-97.5635
locations.csv,"exact latitude, longitude (city)",CSPHOLD,CASPER HOLDROOM,150 E. B STREET,CASPER,NATRONA,WY,82601,DEN,2004-10-17,2010-11-10,42.85207208,-106.3248983
sarahs research,"exact latitude, longitude (city)",CSSCHVA,,,,,VA,,,,,37.7693,-78.17
locations.csv,"exact latitude, longitude (city)",CSYJVNY,CASEY HOUSE SHELTER,710 CEDAR AVE,BUFFALO,NIAGARA,NY,14301,BUF,2003-05-15,25/04/2007,43.097027,-79.053898
locations.csv,"exact latitude, longitude (city)",CTBRICC,BRIDGEPORT CORRECTIONAL CENTER,1106 NORTH AVENUE,BRIDGEPORT,FAIRFIELD,CT,6604,BOS,14/03/2005,25/05/2000,41.18958787,-73.19954253
locations.csv,"exact latitude, longitude (city)",CTCORCI,CORRIGAN CORRECTIONAL INSTITUTE,986 NORWICH-NEW LONDON TURNPIKE,UNCASVILLE,NEW LONDON,CT,6382,BOS,2006-10-06,30/10/1998,41.45206115,-72.107498
locations.csv,"exact latitude, longitude (city)",CTGARCI,GARNER CORRECTIONAL INSTITUTE,50 NUNNSWAUK ROAD,NEWTOWN,FAIRFIELD,CT,6470,BOS,31/01/2007,10/8/00,41.400307,-73.27208
locations.csv,"exact latitude, longitude (city)",CTLAFSL,LAFAYETTE SHERIFFS LOCK,101 LAFAYETTE STREET,HARTFORD,HARTFORD,CT,6106,BOS,26/06/2013,29/10/1992,41.7606224,-72.68348587
locations.csv,"exact latitude, longitude (city)",CTMANYI,MANSON YOUTH INSTITUTE,42 JARVIS STREET,CHESHIRE,NEW HAVEN,CT,6410,BOS,26/07/2007,17/01/2007,41.528736,-72.899228
locations.csv,"exact latitude, longitude (city)",CTNEACI,NORTHEAST CORRECTIONAL CENTER,251 MIDDLE TURNPIKE,STORRS,TOLLAND,CT,6268,BOS,25/08/2003,26/04/2002,41.81309493,-72.29536389
locations.csv,"exact latitude, longitude (city)",CTNRNCI,NORTHERN CORRECTIONAL INSTITUTE,287 BILTON ROAD,SOMERS,TOLLAND,CT,6071,BOS,14/03/2004,11/1/00,42.018494,-72.494365
locations.csv,"exact latitude, longitude (city)",CTOSBCI,OSBORN CORRECTIONAL INSTITUTE,100 BILTON ROAD,SOMERS,TOLLAND,CT,6071,BOS,29/01/2007,1/6/00,42.016871,-72.497041
locations.csv,"exact latitude, longitude (city)",CTROBCI,ROBINSON CORRECTIONAL INSTITUTE,285 SHAKER ROAD,ENFIELD,HARTFORD,CT,6082,BOS,18/03/2003,1/6/00,42.015685,-72.515607
locations.csv,"exact latitude, longitude (city)",CTYORCI,YORK CORRECTIONAL INSTITUTION,201 WEST MAIN STREET,NIANTIC,NEW LONDON,CT,6357,BOS,23/07/2009,17/10/1997,41.322975,-72.237209
locations.csv,"exact latitude, longitude (city)",CULBETX,CULBERSON COUNTY,301 LA CAVERNA,VAN HORN,CULBERSON,TX,79855,ELP,,,31.043198,-104.831083
locations.csv,"exact latitude, longitude (city)",CULPEVA,CULPEPER COUNTY ADULT DETENTION CENTER,131 W. CAMERON ST.,CULPEPER,CULPEPER,VA,22701,WAS,,,38.474087,-77.996688
locations.csv,"exact latitude, longitude (city)",CUMBEIL,CUMBERLAND COUNTY JAIL,228 NORTH CENTRAL AVENUE,PARIS,CUMBERLAND,IL,61944,CHI,2006-11-02,16/10/1998,39.613308,-87.696087
locations.csv,"exact latitude, longitude (city)",CUMBEME,CUMBERLAND COUNTY JAIL,50 COUNTY WAY,PORTLAND,CUMBERLAND,ME,4102,BOS,2004-11-17,26/05/1993,43.65086235,-70.28161965
locations.csv,"exact latitude, longitude (city)",CURRYNM,CURRY COUNTY DETENTION FACILITY,801 MITCHELL STREET,CLOVIS,CURRY COUNTY,NM,88101,ELP,,,34.405859,-103.206547
locations.csv,"exact latitude, longitude (city)",CUSTEMT,CUSTER COUNTY JAIL,1010 MAIN STREET,MILES CITY,CUSTER,MT,59301,SLC,28/10/2008,12/3/91,46.4049613,-105.8541145
sarahs research,Latitude Longitude based only on state,CVANXCA,CENTRAL VALLEY ANNEX,,,,CA,,,,,36.1162,-119.6816
locations.csv,"exact latitude, longitude (city)",CVREGVA,CENTRAL VA REGIONAL JAIL,13021 JAMES MADISON HWY,ORANGE COUNTY,ORANGE,VA,22960,WAS,27/02/2017,5/9/90,38.22283587,-78.1237059
sarahs research,,CWHCCMP,,,,,,,,,,0,0
locations.csv,"exact latitude, longitude (city)",DADECFL,DADE COUNTY CORRECTIONAL,1321 NW 13 STREET,MIAMI,MIAMI-DADE,FL,33034,MIA,17/05/2007,12/12/88,25.459988,-80.490002
locations.csv,"exact latitude, longitude (city)",DAKOTNE,DAKOTA COUNTY JAIL,1601 BROADWAY,DAKOTA CITY,DAKOTA,NE,68731,SPM,2004-11-17,21/11/1994,42.41501017,-96.41887394
locations.csv,"exact latitude, longitude (city)",DALCOIA,DALLAS COUNTY SHERIFFS OFFICE,201 NORTH 8TH STREET,ADEL,DALLAS,IA,50003,SPM,2001-08-05,17/09/1998,41.6113618,-94.0177133
locations.csv,"exact latitude, longitude (city)",DALCOTX,DALLAS COUNTY JAIL - LEW STERRETT JUSTICE CENTER,111 WEST COMMERCE STREET,DALLAS,DALLAS,TX,75202,DAL,2004-11-17,7/5/90,32.77629869,-96.81560135
locations.csv,"exact latitude, longitude (city)",DALHOLD,DALLAS FIELD OFFICE HOLD ROOM,8101 N STEMMONS FWY,DALLAS,DALLAS,TX,75247,DAL,25/09/2017,26/02/1997,32.82362225,-96.87215575
locations.csv,"exact latitude, longitude (city)",DANCOWI,DANE COUNTY JAIL,21 MARTIN LUTHER KING DRIVE,MADISON,DANE,WI,53703,CHI,2004-12-07,12/2/99,43.0741,-89.383115
locations.csv,"exact latitude, longitude (city)",DAPHNAL,DAPHNE POLICE DEPARTMENT CORRECTIONAL CENTER,1502 US HWY 98,DAPHNE,BALDWIN,AL,36526,NOL,21/11/2004,2002-06-04,30.600378,-87.8967
locations.csv,"exact latitude, longitude (city)",DAUPHPA,"DAUPHIN COUNTY JAIL, PA",501 MALL ROAD,HARRISBURG,DAUPHIN,PA,17111,PHI,2003-07-17,2003-07-17,40.253563,-76.833391
locations.csv,"exact latitude, longitude (city)",DAVIDTN,DAVIDSON COUNTY SHERIFF,448 2ND AVENUE,NASHVILLE,DAVIDSON,TN,37210,NOL,2004-11-17,21/05/1997,36.1862325,-86.7850215
locations.csv,"exact latitude, longitude (city)",DAVISSD,DAVISON COUNTY (SOUTH DAKOTA),1015 SOUTH MILLER AVENUE,MITCHELL,DAVISON,SD,57301,SPM,16/11/2005,13/05/1996,43.70001245,-98.03671297
locations.csv,"exact latitude, longitude (city)",DAVISUT,DAVIS COUNTY,800 WEST STATE STREET,FARMINGTON,DAVIS,UT,84025,SLC,14/07/2008,6/9/92,40.98138,-111.903259
locations.csv,"exact latitude, longitude (city)",DAWSOMT,DAWSON COUNTY JAIL,207 WEST BELL,GLENDIVE,DAWSON,MT,59330,SLC,23/09/2013,2004-06-06,47.105157,-104.715447
locations.csv,"exact latitude, longitude (city)",DAWSONE,DAWSON COUNTY JAIL,709 N GRANT ST,LEXINGTON,DAWSON,NE,68850,SPM,30/06/2004,26/01/1994,40.78002581,-99.74003344
locations.csv,"exact latitude, longitude (city)",DCDOCDC,DC DEPARTMENT OF CORRECTIONS,1923 VERMONT AVENUE NORTHWEST,WASHINGTON,DISTRICT OF COLUMBIA,DC,20001,WAS,2003-11-09,9/3/92,38.91614,-77.0254583
locations.csv,"exact latitude, longitude (city)",DEAPDMI,DEARBORN POLICE DEPARTMENT,16099 MICHIGAN AVE,DEARBORN,WAYNE,MI,48126,DET,2004-11-17,19/03/1991,42.3231468,-83.1725916
locations.csv,"exact latitude, longitude (city)",DEKABAL,DEKALB COUNTY JAIL,2801 JORDAN RD SW,FT PAYNE,DEKALB COUNTY,AL,35968,NOL,,,34.428756,-85.760138
locations.csv,"exact latitude, longitude (city)",DEKALAL,DEKALB COUNTY DETENTION CENTER,2801 JORDAN ROAD,FORT PAYNE,DEKALB,AL,35968,NOL,2004-11-17,2002-09-08,34.428756,-85.760138
locations.csv,"exact latitude, longitude (city)",DEKALGA,DEKALB COUNTY JAIL,4415 MEMORIAL DR,DECATUR,DEKALB,GA,30032,ATL,28/12/2009,26/05/1981,33.747312,-84.311811
locations.csv,"exact latitude, longitude (city)",DELAWNY,DELAWARE COUNTY JAIL,"COURT HOUSE SQUARE, 280 PHOEBEE LANE",DELHI,DELAWARE,NY,13753,BUF,2007-02-08,29/10/1987,42.291623,-74.910731
locations.csv,"exact latitude, longitude (city)",DELAWPA,DELAWARE CO JAIL (GEORGE W. HILL),500 CHAYNEY ROAD,THORNTON,DELAWARE,PA,19373,PHI,2004-11-17,15/07/2015,39.905218,-75.512939
locations.csv,"exact latitude, longitude (city)",DELTACO,DELTA COUNTY JAIL,P.O. BOX 172,DELTA,DELTA,CO,81416,DEN,2005-08-09,15/07/1991,38.74310731,-108.0635233
locations.csv,"exact latitude, longitude (city)",DELWAOH,DELAWARE COUNTY JAIL,844 US 42 NORTH,DELAWARE,DELAWARE,OH,43015,DET,,,40.31287625,-83.0476755
locations.csv,"exact latitude, longitude (city)",DENCICO,DENVER CITY PADF,1330 CHEROKEE STREET,DENVER,DENVER,CO,80201,DEN,13/10/2009,10/5/91,39.73739606,-104.9915437
locations.csv,"exact latitude, longitude (city)",DENHOLD,DENVER HOLD ROOM,4730 PARIS ST.,DENVER,DENVER,CO,80239,DEN,2001-11-17,2007-10-07,39.78360657,-104.8487767
locations.csv,"exact latitude, longitude (city)",DENICDF,DENVER CONTRACT DETENTION FACILITY,3130 N. OAKLAND ST.,AURORA,ARAPAHOE,CO,80010,DEN,2004-11-17,1905-06-08,39.7164154,-104.8511196
locations.csv,"exact latitude, longitude (city)",DENTOTX,DENTON COUNTY JAIL,127 NORTH WOODROW LANE,DENTON,DENTON,TX,76205,DAL,18/08/2004,21/04/1995,33.2152388,-97.111896
locations.csv,"exact latitude, longitude (city)",DENVECO,DENVER COUNTY JAIL,10500 EAST SMITH ROAD,DENVER,DENVER,CO,80239,DEN,16/10/2013,7/3/91,39.7674294,-104.8642515
locations.csv,"exact latitude, longitude (city)",DEPCOGU,DEPARTMENT OF CORRECTIONS - MANGILAO,3 MASHBURN LANE,MANGILAO,GUAM,GU,96913,SFR,2004-11-17,23/01/1995,13.448146,144.785942
locations.csv,"exact latitude, longitude (city)",DEPYOGU,DEPARTMENT OF YOUTH AFFAIRS,"169 SAN ISIDRO ST., BLDG. C",BARRIGADA,GUAM,GU,96921,SFR,26/05/2009,28/12/2000,13.382306,144.661975
locations.csv,"exact latitude, longitude (city)",DESCHOR,DESCHUTES COUNTY JAIL,DESCHUTES COUNTY SHERIFF'S DEPARTMENT,BEND,DESCHUTES,OR,97701,SEA,2007-02-04,16/05/1991,44.10049,-121.306487
locations.csv,"exact latitude, longitude (city)",DETHOLD,"U.S. IMMIGRATION, DETROIT",333 MT. ELLIOT AVE,DETROIT,WAYNE,MI,48207,DET,27/09/2017,10/6/91,42.4088147,-83.0379983
locations.csv,"exact latitude, longitude (city)",DEVILND,DEVILS LAKE LAW ENFORCEMENT CENTER,222 WEST WALNUT,DEVILS LAKE,RAMSEY,ND,58301,SPM,24/10/2005,17/03/1992,48.107525,-98.866656
locations.csv,"exact latitude, longitude (city)",DEWITIL,DEWITT COUNTY JAIL,101 WEST WASHINGTON,CLINTON,DE WITT,IL,61727,CHI,13/08/2006,27/06/1997,40.15351627,-88.96150789
locations.csv,"exact latitude, longitude (city)",DHDFNJ,DELANEY HALL DETENTION FACILITY,451 DOREMUS AVENUE,NEWARK,NEWARK,NJ,7105,NEW,22/02/2017,29/08/2011,40.717437,-74.127789
locations.csv,"exact latitude, longitude (city)",DICKETX,DICKENS COUNTY DETENTION,100 AIRPORT RD.,SPUR,DICKENS,TX,79370,DAL,28/03/2007,2006-07-04,33.44552,-100.860415
locations.csv,"exact latitude, longitude (city)",DLAMOCA,DEL AMO PSYCHIATRIC HOSPITAL,23700 CAMINO DEL SOL,TORRANCE,LOS ANGELES,CA,90505,LOS,,,33.810303,-118.344168
locations.csv,"exact latitude, longitude (city)",DLRHOLD,DEL RIO HOLD ROOM,2401 DODSON AVENUE,DEL RIO,VAL VERDE,TX,78840,SNA,30/10/2017,2001-07-13,29.393471,-100.899841
locations.csv,"exact latitude, longitude (city)",DNHMCCO,DENVER HEALTH MEDICAL CENTER,777 BANNOCK STREET,DENVER,DENVER,CO,80204,DEN,30/09/2017,20/05/2014,39.72731935,-104.9911984
locations.csv,"exact latitude, longitude (city)",DOCORNE,DOUGLAS COUNTY DEPARTMENT OF CORRECTIONS,710 SOUTH 17TH ST,OMAHA,DOUGLAS,NE,68102,SPM,2004-11-17,5/3/91,41.25338965,-95.93899606
locations.csv,"exact latitude, longitude (city)",DODGEIA,CAMP DODGE,7105 NW 7OTH AVE.,JOHNSTON,POLK,IA,50131,SPM,14/12/2006,2012-12-06,41.689247,-93.710454
locations.csv,"exact latitude, longitude (city)",DODGENE,DODGE COUNTY JAIL,428 NORTH BROAD STREET,FREMONT,DODGE,NE,68025,SPM,2005-02-03,3/3/96,41.433173,-96.49867543
locations.csv,"exact latitude, longitude (city)",DODGEWI,DODGE COUNTY JAIL,215 WEST CENTRAL STREET,JUNEAU,DODGE,WI,53039,CHI,2004-11-17,2/9/86,43.407113,-88.706195
locations.csv,"exact latitude, longitude (city)",DONAANM,DONA ANA COUNTY DETENTION CENTER,1850 COPPER LOOP,LAS CRUCES,DONA ANA,NM,88004,ELP,2005-02-17,2008-05-01,32.30290445,-106.8074711
sarahs research,"county approximate center only (latitude, longitude)",DORCDSC,DORCHESTER CO DET CTR,,,Dorchester,SC,,,,,33.0016,-80.1799
locations.csv,"exact latitude, longitude (city)",DORCHMD,DORCHESTER COUNTY DETENTION CENTER,829 FIELDCREST ROAD,CAMBRIDGE,DORCHESTER,MD,21613,BAL,2006-06-13,29/09/1995,38.54829109,-76.0614035
locations.csv,"exact latitude, longitude (city)",DOUGLCO,DOUGLAS COUNTY JAIL,355 SOUTH WILCOX,CASTLE ROCK,DOUGLAS,CO,80104,DEN,19/05/2014,9/1/91,39.37282932,-104.860137
locations.csv,"exact latitude, longitude (city)",DOUGLMN,DOUGLAS COUNTY,"509 3rd Ave W, Alexandria, MN 56308",ALEXANDRIA,DOUGLAS,MN,56308,SPM,23/05/2007,20/08/1996,45.8918636,-95.3845482
locations.csv,"exact latitude, longitude (city)",DOUGLOR,DOUGLAS COUNTY,"1036 SE Douglas Ave # 210 #124, Roseburg, OR 97470",ROSEBURG,DOUGLAS,OR,97470,SEA,27/02/2013,4/4/91,43.211979,-123.346009
locations.csv,"exact latitude, longitude (city)",DOUGLWI,DOUGLAS COUNTY,1409 HAMMOND AVENUE,SUPERIOR,DOUGLAS,WI,54880,CHI,20/08/2017,4/1/95,46.72174494,-92.09799847
locations.csv,"exact latitude, longitude (city)",DRURYCO,DRURY INN,4380 PEORIA ST,DENVER,DENVER,CO,80239,DEN,2002-04-17,23/03/2006,39.77648754,-104.84692
sarahs research,Latitude Longitude based only on state,DSMCNTX,DSMC - DEL SOL MEDICAL CENTER,,,,TX,,,,,31.0545,-97.5635
locations.csv,"exact latitude, longitude (city)",DSMHOLD,DES MOINES HOLD ROOM,"222 5th Ave, Des Moines, IA 50309",DES MOINES,POLK,IA,50301,SPM,30/09/2017,17/06/2013,41.5854892,-93.6232534
locations.csv,"exact latitude, longitude (city)",DSRTVCA,DESERT VALLEY HOSPITAL,16850 BEAR VALLEY ROAD,VICTORVILLE,COUNTY,CA,92395,LOS,27/12/2016,2011-06-14,34.47175035,-117.297825
locations.csv,"exact latitude, longitude (city)",DUGLSCO,DOUGLAS COUNTY DETENTION FACILITY,4000 JUSTICE WAY,CASTLE ROCK,DOUGLAS,CO,80109,DEN,25/06/2007,26/09/2006,39.4025944,-104.8643521
sarahs research,Latitude Longitude based only on state,DULHOLD,,,,,MN,,,,,45.6945,-93.9002
locations.csv,"exact latitude, longitude (city)",DUPAGIL,DUPAGE COUNTY SHERIFF'S OFFICE,501 NORTH COUNTY FARM ROAD,WHEATON,DUPAGE,IL,60187,CHI,14/08/2003,13/06/1985,41.871908,-88.145275
locations.csv,"exact latitude, longitude (city)",DURHOLD,DURANGO HOLDROOM,32 SHEPPARD DRIVE,DURANGO,FLOYD,CO,81303,DEN,,,37.237142,-107.874147
locations.csv,"exact latitude, longitude (city)",DURJFAZ,MARICOPA DURANGO - PHO,3225 W. GIBSON LANE,PHOENIX,MARICOPA,AZ,85009,PHO,,,33.425997,-112.130273
locations.csv,"exact latitude, longitude (city)",DUTCHAK,UNALASKA CITY JAIL,29 SAFETY WAY,UNALASKA,ALEUTIANS WEST,AK,99685,SEA,25/01/2009,14/11/1995,53.87130458,-166.5411784
locations.csv,"exact latitude, longitude (city)",DUVALFL,DUVAL/JACKSONVILLE JAIL,500 EAST ADAMS STREET,JACKSONVILLE,DUVAL,FL,32202,MIA,13/09/2009,13/10/2008,30.326018,-81.649954
sarahs research,"county approximate center only (latitude, longitude)",DVCSDKY,DAVIESS COUNTY DETENTION CENTER,,,Daviess,KY,,,,,37.7575,-87.1172
locations.csv,"exact latitude, longitude (city)",DVDHOLD,DOVER HOLDROOM,1305 MCD DRIVE,DOVER,KENT,DE,19901,PHI,13/09/2016,23/04/2009,39.15450667,-75.48795118
locations.csv,"exact latitude, longitude (city)",DVHOSTX,DOLLY VINSANT,400 HWY 77 WEST,SAN BENITO,CAMERON,TX,78586,SNA,16/10/2005,26/07/1996,26.136443,-97.621663
sarahs research,Latitude Longitude based only on state,DVHSPNV,DESERT VIEW HOSPITAL,,,,NV,,,,,38.3135,-117.0554
locations.csv,"exact latitude, longitude (city)",DVPSYAZ,DESERT VISTA PSYCHIATRIC,570 WEST BROWN ROAD,MESA,MARICOPA,AZ,85201,PHO,2006-01-03,20/01/2002,33.43522723,-111.8415817
locations.csv,"exact latitude, longitude (city)",EAGLECO,EAGLE COUNTY JAIL,885 CHAMBERS AVE.,EAGLE,EAGLE,CO,81631,DEN,2006-05-14,19/11/1990,39.662719,-106.819803
locations.csv,"exact latitude, longitude (city)",EASTEVA,EASTERN SHORE REGIONAL JAIL,5245 THE HORNES,EASTVILLE,NORTHAMPTON,VA,23347,BAL,,,37.354248,-75.950204
locations.csv,"exact latitude, longitude (city)",EAZ,ELOY FEDERAL CONTRACT FACILITY,1705 EAST HANNA RD.,ELOY,PINAL,AZ,85131,PHO,2004-11-17,10/3/91,32.8176772,-111.5192701
locations.csv,"exact latitude, longitude (city)",EBATOLA,EAST BATON ROUGE JAIL,2867 GENERAL ISAAC SMITH AVENUE,SCOTLANDVILLE,EAST BATON ROUGE,LA,70807,NOL,2004-03-01,21/12/1987,30.534864,-91.163733
locations.csv,"exact latitude, longitude (city)",ECC,EL CENTRO SERVICE PROCESSING CENTER,1115 NORTH IMPERIAL AVENUE,EL CENTRO,IMPERIAL,CA,92243,SND,25/09/2014,1905-05-26,32.8029622,-115.5697682
locations.csv,"exact latitude, longitude (city)",ECMCBNY,ERIE COUNTY MEDICAL CENTER,462 GRIDER STREET,BUFFALO,ERIE,NY,14215,BUF,2005-04-15,22/07/2013,42.92631005,-78.83216629
locations.csv,"exact latitude, longitude (city)",ECOLOWA,ECONOLODGE MOTEL,13910 PACIFIC HIGHWAY S.,TUKWILA,KING,WA,98168,SEA,2001-04-11,6/4/98,47.47867886,-122.2840559
sarahs research,Latitude Longitude based only on state,ECRMCCA,EL CENTRO REGIONAL MED CTR,,,,CA,,,,,36.1162,-119.6816
locations.csv,"exact latitude, longitude (city)",ECTORTX,ECTOR COUNTY CORRECTION CENTER,2500 SOUTH HIGHWAY 385,ODESSA,ECTOR,TX,79761,ELP,2009-04-11,26/12/2002,31.773866,-102.36659
locations.csv,"exact latitude, longitude (city)",EDCHOLD,EDEN HOLD ROOM,"702 E Broadway St, Eden, TX 76837",EDEN,CONCHO,TX,76837,DAL,22/09/2013,2011-04-13,31.216752,-99.833807
locations.csv,"exact latitude, longitude (city)",EDDCONM,EDDY COUNTY JAIL,201 NORTH MAIN STREET,CARLSBAD,EDDY,NM,88220,ELP,2001-07-17,25/01/2012,32.421607,-104.226482
locations.csv,"exact latitude, longitude (city)",EDENDTX,EDEN DETENTION CENTER,"702 E Broadway St, Eden, TX 76837",EDEN,CONCHO,TX,76837,SNA,23/02/2010,15/11/1991,31.216752,-99.833807
sarahs research,Latitude Longitude based only on state,EDNBGTX,EDINBURG POLICE DEPT.,,,,TX,,,,,31.0545,-97.5635
sarahs research,"exact latitude, longitude (city)",EDNDCTX,EDEN DETENTION CTR,,Eden,Concho,TX,,,,,31.2163,-99.844
locations.csv,"exact latitude, longitude (city)",EFELILA,EAST FELICIANA PARISH PRISON,11315 BANK STREET,CLINTON,EAST FELICIANA,LA,70722,NOL,2011-03-03,8/9/88,30.854012,-91.018812
sarahs research,"exact latitude, longitude (city)",EFMHMFL,,,,,FL,,,,,27.7663,-81.6868
locations.csv,"exact latitude, longitude (city)",EHDLGTX,EAST HIDALGO DETENTION CENTER,1330 HIGHWAY 107,LA VILLA,HIDALGO,TX,78562,SNA,2004-11-17,23/03/2011,26.251743,-97.868119
locations.csv,"exact latitude, longitude (city)",EIRCONY,ERIE COUNTY CORRECTIONAL,11581 WALDEN AVENUE,ALDEN,ERIE,NY,14004,BUF,2011-12-06,7/10/87,42.93496421,-78.5548993
locations.csv,"exact latitude, longitude (city)",EIRHONY,ERIE COUNTY HOLDING CENTER,40 DELAWARE AVENUE,BUFFALO,ERIE,NY,14202,BUF,14/03/2011,30/10/1987,42.88714992,-78.87802902
locations.csv,"exact latitude, longitude (city)",ELBERCO,ELBERT COUNTY JAIL,"751 Ute Ave, Kiowa, CO 80117",KIOWA,ELBERT,CO,80117,DEN,2008-12-08,7/2/90,39.3422995,-104.4640612
locations.csv,"exact latitude, longitude (city)",ELGPDIL,ELGIN POLICE DEPARTMENT,151 DOUGLAS AVENUE,ELGIN,KANE,IL,60120,CHI,31/08/2017,15/05/1992,42.039683,-88.283887
locations.csv,"exact latitude, longitude (city)",ELJUVCA,EASTLAKE JUVENILE HALL,1605 EASTLAKE AVE,LOS ANGELES,LOS ANGELES,CA,90033,LOS,26/02/2004,29/11/1989,34.06487326,-118.2078249
locations.csv,"exact latitude, longitude (city)",ELMORID,ELMORE COUNTY JAIL,2255 E. 8TH NORTH,MOUNTAIN HOME,ELMORE,ID,83647,SLC,2004-11-17,15/06/2009,43.137034,-115.672984
locations.csv,"exact latitude, longitude (city)",ELPASCO,EL PASO COUNTY CRIMINAL JUSTICE CENTER,2739 EAST LAS VEGAS,COLORADO SPRINGS,EL PASO,CO,80906,DEN,2002-11-17,18/12/1990,38.788166,-104.77912
locations.csv,"exact latitude, longitude (city)",ELPCOTX,EL PASO COUNTY JAIL (TEXAS),"12501 Montana Ave, El Paso, TX 79938",EL PASO,EL PASO,TX,79938,ELP,15/12/2003,19/11/1986,31.8102902,-106.2531937
locations.csv,"exact latitude, longitude (city)",ELPHOLD,EL PASO HOLD ROOM,8915 MONTANA AVE,EL PASO,EL PASO,TX,79925,ELP,2004-11-17,25/11/2014,31.79644735,-106.3696513
sarahs research,"exact latitude, longitude (city)",ELVDFTX,EL VALLE DETENTION FACILITY,,Raymondville,Willacy,TX,,,,,26.4759,-97.7769
locations.csv,"exact latitude, longitude (city)",ELYRIOH,ELYRIA CITY JAIL,18 WEST AVENUE,ELYRIA,LORAIN,OH,44035,DET,2006-08-03,22/06/2000,41.3692314,-82.1101114
locations.csv,"exact latitude, longitude (city)",ELZICDF,ELIZABETH CONTRACT DETENTION FACILITY,625 EVANS STREET,ELIZABETH,UNION,NJ,7201,NEW,2004-11-17,22/01/1990,40.66615695,-74.18969352
locations.csv,"exact latitude, longitude (city)",EMBSYCO,EMBASSY SUITES HOTEL,4444 HAVANA ST.,DENVER,DENVER,CO,80239,DEN,26/09/2012,2003-04-07,39.77833073,-104.8656473
locations.csv,"exact latitude, longitude (city)",EMESACA,EAST MESA DETENTION FACILITY,446 ALTA RD,SAN DIEGO,SAN DIEGO COUNTY,CA,92158,SND,2010-10-15,31/05/2015,32.590096,-116.922136
locations.csv,"exact latitude, longitude (city)",EMMETIA,EMMET COUNTY JAIL,114 NORTH 6TH STREET,ESTHERVILLE,EMMET,IA,51334,SPM,2010-02-03,26/01/1992,43.40316257,-94.83657471
sarahs research,"exact latitude, longitude (city)",ENLMCCA,,,,,CA,,,,,36.1162,-119.6816
sarahs research,"exact latitude, longitude (city)",EPBHSTX,EL PASO BEHAVIORAL HEALTH SYSTEM,,El Paso,El Paso,TX,,,,,31.8476,-106.43
locations.csv,"exact latitude, longitude (city)",EPC,EL PASO SERVICE PROCESSING CENTER,8915 MONTANA AVE.,EL PASO,EL PASO,TX,79925,ELP,2004-11-17,1905-05-26,31.79644735,-106.3696513
sarahs research,"exact latitude, longitude (city)",EPCDFTX,EL PASO COUNTY DETENTION FACILITY,,El Paso,El Paso,TX,,,,,31.8476,-106.43
locations.csv,"exact latitude, longitude (city)",EPCJUVI,EL PASO JUVENILE,8915 MONTANA ST.,EL PASO,EL PASO,TX,79925,ELP,2004-11-17,27/10/1998,31.79644735,-106.3696513
sarahs research,"exact latitude, longitude (city)",EPCPCTX,,,,,TX,,,,,31.0545,-97.5635
sarahs research,"exact latitude, longitude (city)",EPLTATX,EL PASO LTAC HOSPITAL,,El Paso,El Paso,TX,,,,,31.8476,-106.43
sarahs research,"exact latitude, longitude (city)",EPSSFTX,EL PASO SOFT SIDED FACILITY,,El Paso,El Paso,TX,,,,,31.8476,-106.43
locations.csv,"exact latitude, longitude (city)",EQXJVNY,EQUINOX SHELTER,35 SOUTH FERRY ST,ALBANY,ALBANY,NY,12202,BUF,23/05/2007,2003-10-05,42.64247814,-73.75372064
locations.csv,"exact latitude, longitude (city)",ERICONY,ERIE COUNTY HOLDING CENTER,40 DELAWARE AVE,BUFFALO,ERIE,NY,14202,BUF,13/03/2009,23/04/1997,42.88714992,-78.87802902
locations.csv,"exact latitude, longitude (city)",ERICOPA,ERIE COUNTY JAIL,1618 ASH STREET,ERIE,ERIE,PA,16503,PHI,2004-11-17,17/10/1995,42.12477524,-80.06589689
sarahs research,"exact latitude, longitude (city)",EROFCB,ERO EL PASO CAMP EAST MONTANA,,El Paso,El Paso,TX,,,,,31.8476,-106.43
locations.csv,"exact latitude, longitude (city)",ESCAMAL,ESCAMBIA COUNTY DETENTION CENTER,316 COURT ST.,BREWTON,ESCAMBIA,AL,34626,NOL,18/12/2005,2006-01-03,31.10687982,-87.07314388
sarahs research,"exact latitude, longitude (city)",ESKHLIN,,,,,IN,,,,,39.8494,-86.2583
locations.csv,"exact latitude, longitude (city)",ESSEXMA,ESSEX COUNTY,"20 Manning Ave, Middleton, MA 01949",MIDDLETON,ESSEX,MA,1949,BOS,2002-02-11,10/4/92,42.5974072,-70.986788
locations.csv,"exact latitude, longitude (city)",ESSEXNJ,ESSEX COUNTY CORRECTIONAL FACILITY,354 DOREMUS AVENUE,NEWARK,ESSEX,NJ,7105,NEW,2004-11-17,13/03/1990,40.7015141,-74.1371458
locations.csv,"exact latitude, longitude (city)",ESSEXNY,ESSEX COUNTY JAIL (NEW YORK),702 STOWERSVILLE ROAD,LEWIS,ESSEX,NY,12950,BUF,2010-05-11,27/11/2008,44.28226567,-73.53923527
locations.csv,"exact latitude, longitude (city)",ETOWAAL,ETOWAH COUNTY JAIL (ALABAMA),827 FORREST AVENUE,GADSDEN,ETOWAH,AL,35901,NOL,2004-11-17,2/3/96,34.01573709,-86.01193283
locations.csv,,ETWHOLD,ETOWAH ERO HOLD ROOM,UNAVAILABLE,GADSDEN,ETOWAH,AL,35901,NOL,,,32.8067,-86.7911
locations.csv,"exact latitude, longitude (city)",EUGHOLD,EUGENE HOLD ROOM,211 EAST 7TH AVENUE,EUGENE,LANE,OR,97401,SEA,27/09/2017,22/12/2009,44.052201,-123.0893848
locations.csv,"exact latitude, longitude (city)",EULESTX,EULESS CITY JAIL,1102 W. EULESS BLVD.,EULESS,TARRANT,TX,76040,DAL,2004-11-17,27/08/1988,32.8316632,-97.0944679
locations.csv,"exact latitude, longitude (city)",FAICOVA,FAIRFAX COUNTY JAIL,4110 CHAIN BRIDGE RD,FAIRFAX,FAIRFAX,VA,22030,WAS,31/03/2015,8/12/88,38.843436,-77.308527
locations.csv,"exact latitude, longitude (city)",FAULKAR,FAULKNER COUNTY JAIL,801 LOCUST ST.,CONWAY,FAULKNER,AR,72034,NOL,2007-01-09,2005-12-03,35.088787,-92.442618
locations.csv,"exact latitude, longitude (city)",FAULKSD,FAULK COUNTY JAIL,924 LAFOON AVENUE,FAULKTON,FAULK,SD,57438,SPM,2004-05-11,11/4/99,45.0334399,-99.12613971
locations.csv,"exact latitude, longitude (city)",FAYETKY,FAYETTE COUNTY DETENTION CENTER,600 OLD FRANKFORD CR,LEXINGTON,FAYETTE,KY,40510,CHI,2004-11-17,5/9/92,38.066097,-84.544851
locations.csv,"exact latitude, longitude (city)",FAYETTX,FAYETTE COUNTY JAIL,"1646 N Jefferson St, La Grange, TX 78945",LA GRANGE,FAYETTE,TX,78945,SNA,22/02/2007,22/02/2007,29.9219842,-96.881154
locations.csv,"exact latitude, longitude (city)",FAYHOLD,FAYETTEVILLE HOLD ROOM,P.O. BOX 1188 2887 N POINT CIRCLE,FAYETTEVILLE,WASHINGTON,AR,72701,NOL,14/01/2013,27/06/2010,36.10463,-94.178449
sarahs research,"exact latitude, longitude (city)",FCLT8CA,,,,,CA,,,,,36.1162,-119.6816
locations.csv,"exact latitude, longitude (city)",FCOHOLD,FREDERICK HOLDROOM,3770 PURITAN WAY,FREDERICK,WELD,CO,80516,DEN,,,40.08366084,-104.9842897
sarahs research,Latitude Longitude based only on state,FDLHOLD,FERNDALE HOLD ROOM,,,,CA,,,,,36.1162,-119.6816
locations.csv,"exact latitude, longitude (city)",FERRYWA,FERRY COUNTY JAIL,165 NORTH JEFFERSON,REPUBLIC,FERRY,WA,99166,SEA,22/10/2009,27/12/2003,48.649394,-118.733792
locations.csv,"exact latitude, longitude (city)",FINNEKS,FINNEY COUNTY JAIL,304 N. 9TH STREET,GARDEN CITY,FINNEY,KS,67846,CHI,25/03/2007,28/06/1990,37.96744131,-100.8763546
sarahs research,"exact latitude, longitude (city)",FIPCAGA,FOLKSTON ANNEX IPC,,Folkston,Charlton,GA,,,,,30.8392,-82.0073
sarahs research,"exact latitude, longitude (city)",FIPCDGA,FOLKSTON D RAY ICE PROCESSING CTR,,Folkston,Charlton,GA,,,,,30.8392,-82.0073
sarahs research,"exact latitude, longitude (city)",FIPCMGA,FOLKSTON MAIN IPC,,Folkston,Charlton,GA,,,,,30.8392,-82.0073
locations.csv,"exact latitude, longitude (city)",FIVECOH,FIVE COUNTY JOINT,18100 STATE ROUTE 4,MARYSVILLE,UNION,OH,43040,DET,18/06/2003,9/8/00,40.26400938,-83.36344023
locations.csv,"exact latitude, longitude (city)",FLATHMT,FLATHEAD COUNTY JAIL,800 SOUTH MAIN,KALISPELL,FLATHEAD,MT,59901,SLC,18/02/2015,20/11/1991,48.190659,-114.310815
sarahs research,"exact latitude, longitude (city)",FLBAKCI,BAKER C. I.,,Sanderson,Baker,FL,,,,,30.2809,-82.1253
sarahs research,Latitude Longitude based only on state,FLBHCFL,FT LAUDERDALE BEHAVOR HLTH CTR,,,,FL,,,,,27.7663,-81.6868
sarahs research,"exact latitude, longitude (city)",FLCHACI,,,Punta Gorda,Charlotte,FL,,,,,26.8941,-82.0513
sarahs research,"county approximate center only (latitude, longitude)",FLDADCI,DADE CORRECTIONAL INST,,,Miami-Dade,FL,,,,,25.784,-80.2101
sarahs research,"exact latitude, longitude (city)",FLDSSFS,FLORIDA SOFT-SIDED FACILITY-SOUTH,,Pompano Beach,Broward,FL,,,,,26.2428,-80.1312
sarahs research,"county approximate center only (latitude, longitude)",FLGLRFL,FLAGLER COUNTY JAIL,,,Flagler,FL,,,,,29.5389,-81.2457
sarahs research,"exact latitude, longitude (city)",FLHOSFL,,,,,FL,,,,,27.7663,-81.6868
locations.csv,"exact latitude, longitude (city)",FLO,FLORENCE SERVICE PROCESSING CENTER,3250 NORTH PINAL PARKWAY,FLORENCE,PINAL,AZ,85132,PHO,2004-11-17,31/08/1984,33.0649605,-111.3785048
sarahs research,"exact latitude, longitude (city)",FLORHAZ,FLORENCE HOSPITAL,,Florence,Pinal,AZ,,,,,33.059,-111.4209
sarahs research,"county approximate center only (latitude, longitude)",FLOYDGA,FLOYD COUNTY JAIL,,,Floyd,GA,,,,,34.2662,-85.1863
locations.csv,"exact latitude, longitude (city)",FLOYDIN,FLOYD COUNTY JAIL,311 WEST 1ST ST,NEW ALBANY,FLOYD,IN,47150,CHI,2005-06-07,5/2/97,38.28438839,-85.82478876
locations.csv,"exact latitude, longitude (city)",FMYHOLD,FORT MYERS ERO HOLD ROOM,8860 SALROSE LANE,FORT MYERS,LEE,FL,33912,MIA,2002-12-16,2002-12-16,26.5489061,-81.8083647
sarahs research,"county approximate center only (latitude, longitude)",FNDDUWI,FOND DU LAC COUNTY SHERIFF/JAIL,,,Fond Du Lac,WI,,,,,43.7718,-88.4397
locations.csv,"exact latitude, longitude (city)",FORDJIL,FORD COUNTY JAIL,235 NORTH AMERICAN STREET,PAXTON,FORD,IL,60957,CHI,2003-04-03,10/5/93,40.46354302,-88.09979733
locations.csv,"exact latitude, longitude (city)",FORDJKS,FORD COUNTY JAIL,1111 MILITARY,DODGE CITY,FORD,KS,67801,CHI,2008-01-06,2/2/92,37.753723,-100.0024705
locations.csv,"exact latitude, longitude (city)",FORKSWA,FORKS CITY JAIL,500 EAST DIVISION,FORKS,CLALLAM,WA,98331,SEA,19/09/2004,1/11/91,47.950304,-124.378674
locations.csv,"exact latitude, longitude (city)",FORSYNC,FORSYTH COUNTY JAIL,201 NORTH CHURCH STREET,WINSTON-SALEM,FORSYTH,NC,27101,ATL,2004-11-17,22/03/2000,36.09651,-80.242718
locations.csv,"exact latitude, longitude (city)",FRACONY,FRANKLIN COUNTY JAIL,"5 Bare Hill Rd, Malone, NY 12953",MALONE,FRANKLIN,NY,12953,BUF,2005-03-08,31/08/1988,44.84944364,-74.28676071
locations.csv,"exact latitude, longitude (city)",FRACOVT,FRANKLIN COUNTY JAIL (VERMONT),30 LINCOLN AVENUE,SAINT ALBANS,FRANKLIN,VT,5478,BOS,30/08/2017,30/12/1994,44.81129087,-73.08035913
locations.csv,"exact latitude, longitude (city)",FRANKKY,FRANKLIN COUNTY,400 COFFEETREE RD,FRANKFORT,JESSAMINE,KY,40356,CHI,2003-05-05,14/11/1996,38.181481,-84.858359
locations.csv,"exact latitude, longitude (city)",FRANKME,FRANKLIN COUNTY JAIL (MAINE),"121 County Way, Farmington, ME 04938",FARMINGTON,FRANKLIN,ME,4938,BOS,29/01/2008,28/07/1999,44.6972244,-70.1586514
locations.csv,"exact latitude, longitude (city)",FRANKNC,FRANKLIN COUNTY DETENTION CENTER,285 T KEMP RD,LOUISBURG,FRANKLIN,NC,27549,ATL,15/12/2002,6/6/00,36.094528,-78.319572
sarahs research,"county approximate center only (latitude, longitude)",FRANKPA,FRANKLIN COUNTY JAIL,,,Franklin,PA,,,,,39.9315,-77.6556
locations.csv,"exact latitude, longitude (city)",FRANKWA,FRANKLIN COUNTY,1016 N 4TH ST,PASCO,FRANKLIN,WA,99301,SEA,22/12/2008,26/09/1996,46.213756,-119.042518
locations.csv,"exact latitude, longitude (city)",FRDHOLD,FREDERICK HOLDROOM,3770 PURITAN WAY,FREDERICK,WELD,CO,80516,DEN,,,40.08366084,-104.9842897
locations.csv,"exact latitude, longitude (city)",FRECOCA,FRESNO COUNTY JAIL,2200 FRESNO STREET,FRESNO,FRESNO,CA,93721,SFR,14/03/1999,29/01/1999,36.7291884,-119.8017545
locations.csv,"exact latitude, longitude (city)",FREDEMD,FREDERICK COUNTY DETENTION CENTER,7300 MARCIE'S CHOICE LANE,FREDERICK,FREDERICK,MD,21704,BAL,2004-11-17,2003-08-06,39.36508045,-77.41508036
locations.csv,"exact latitude, longitude (city)",FREEBMN,FREEBORN COUNTY ADULT DETENTION CENTER,411 SOUTH BROADWAY AVENUE,ALBERT LEA,FREEBORN,MN,56007,SPM,2004-11-17,15/09/1996,43.6462546,-93.3677806
locations.csv,"exact latitude, longitude (city)",FREESTX,FREESTONE COUNTY JAIL,"102 E Main St, Fairfield, TX 75840",FAIRFIELD,FREESTONE,TX,75840,SNA,25/01/2006,16/03/2004,31.7263819,-96.148172
locations.csv,"exact latitude, longitude (city)",FREHOLD,FRESNO HOLDROOM,733 L STREET,FRESNO,FRESNO,CA,93721,SFR,2004-11-17,14/07/2006,36.73267589,-119.7852956
locations.csv,"exact latitude, longitude (city)",FREMOCO,FREMONT COUNTY JAIL (COLORADO),100 JUSTICE CENTER ROAD,CANON CITY,FREMONT,CO,81212,DEN,23/04/2014,24/10/1990,38.446849,-105.18313
locations.csv,"exact latitude, longitude (city)",FREMOIA,FREMONT COUNTY SHERIFF,701 CASS STREET,SIDNEY,FREMONT,IA,51652,SPM,2005-01-03,2012-08-02,40.747566,-95.644894
locations.csv,"exact latitude, longitude (city)",FREMOID,FREMONT COUNTY JAIL,146 NORTH SECOND WEST,ST. ANTHONY,FREMONT,ID,83445,SLC,2007-03-06,2006-03-06,43.968279,-111.684883
locations.csv,"exact latitude, longitude (city)",FREMOWY,FREMONT COUNTY JAIL (WYOMING),450 NORTH 2ND STREET,LANDER,FREMONT,WY,82520,DEN,30/03/2009,21/03/2001,42.83628181,-108.7275751
locations.csv,"exact latitude, longitude (city)",FRIOCTX,FRIO COUNTY JAIL,"502 S Cedar St, Pearsall, TX 78061",PEARSALL,FRIO,TX,78061,SNA,2008-07-08,6/1/99,28.8879483,-99.0916754
sarahs research,Latitude Longitude based only on state,FRIRHTX,FRIO REGIONAL HOSPITAL,,,,TX,,,,,31.0545,-97.5635
locations.csv,"exact latitude, longitude (city)",FRMVLVA,IMMIGRATION CENTERS OF AMERICA FARMVILLE,508 WATERWORKS ROAD,FARMVILLE,PRINCE EDWARD,VA,23901,WAS,2004-11-17,2005-08-10,37.319501,-78.438276
locations.csv,"exact latitude, longitude (city)",FRONTNE,FRONTIER COUNTY JAIL,"308 Center Ave N, Curtis, NE 69025",CURTIS,FRONTIER,NE,69025,SPM,2012-12-02,3/10/00,40.6311848,-100.5153723
locations.csv,"exact latitude, longitude (city)",FSAHOLD,FORT SMITH HOLD ROOM,"4991 Old Greenwood Rd, Fort Smith, AR 72903",FORT SMITH,SEBASTIAN,AR,72901,NOL,16/12/2013,16/12/2013,35.3328677,-94.3878247
locations.csv,"exact latitude, longitude (city)",FSF,FLORENCE STAGING FACILITY,3250 NORTH PINAL PARKWAY,FLORENCE,PINAL,AZ,85232,PHO,2004-11-17,21/05/1986,33.0649605,-111.3785048
locations.csv,"exact latitude, longitude (city)",FTBENTX,FORT BEND COUNTY JAIL,1410 RANSOM ROAD,RICHMOND,FT. BEND,TX,77469,HOU,2001-10-02,28/10/1997,29.57483863,-95.75367308
locations.csv,"exact latitude, longitude (city)",FTLAUFL,FORT LAUDERDALE CITY JAIL,1300 W.BROWARD BLVD.,FT.LAUDERDALE,BROWARD,FL,33312,MIA,30/09/2004,9/2/93,26.1218264,-80.15849458
locations.csv,"exact latitude, longitude (city)",FULCONY,FULTON COUNTY JAIL,"2712 NY-29, Johnstown, NY 12095",JOHNSTOWN,FULTON,NY,12095,BUF,28/11/2007,11/2/98,43.0180837,-74.3474438
locations.csv,"exact latitude, longitude (city)",FXADCVA,FAIRFAX COUNTY ADULT DETENTION CENTER,10520 JUDICIAL DRIVE,FAIRFAX,FAIRFAX,VA,22030,WAS,2002-11-17,17/10/2003,38.84363394,-77.31119537
locations.csv,"exact latitude, longitude (city)",GABAPGA,GEORGIA BAPTIST CHILDREN HOME,1508 US HIGHWAY 19S,MEANSVILLE,PIKE,GA,30256,ATL,29/09/2005,14/07/1998,32.971625,-84.323119
sarahs research,"exact latitude, longitude (city)",GADRYJM,D. RAY JAMES PRISON,,Folkston,,GA,,,,,30.8392,-82.0073
locations.csv,"exact latitude, longitude (city)",GALLAMT,GALLATIN COUNTY JAIL,615 SOUTH 16TH STREET,BOZEMAN,GALLATIN,MT,59715,SLC,23/06/2010,27/02/1991,45.673753,-111.059585
locations.csv,"exact latitude, longitude (city)",GARFICO,GARFIELD COUNTY JAIL,P.O. BOX 249/701 COLORADO,GLENWOOD SPGS,GARFIELD,CO,81601,DEN,16/03/2008,16/09/1991,39.547988,-107.325732
locations.csv,"exact latitude, longitude (city)",GARVIOK,GARVIN COUNTY DETENTION CENTER,201 WEST GRANT AVENUE,PAULS VALLEY,GARVIN,OK,73075,DAL,29/10/2017,4/3/93,34.740003,-97.222229
locations.csv,"exact latitude, longitude (city)",GASTNNC,GASTON COUNTY JAIL,425 NORTH MARIETTA STREET,GASTONIA,GASTON,NC,28052,ATL,2004-11-17,25/05/2007,35.2675,-81.182088
sarahs research,"county approximate center only (latitude, longitude)",GCPFCKS,,,,Finney,KS,,,,,37.9753,-100.8527
locations.csv,"exact latitude, longitude (city)",GEAUGOH,GEAUGA COUNTY JAIL,12450 MERRITT DR,CHARDON,GEAUGA,OH,44024,DET,2004-11-17,5/4/96,41.504557,-81.19155
locations.csv,"exact latitude, longitude (city)",GENESNY,GENESEE COUNTY JAIL,14 W. MAIN STREET,BATAVIA,CUMBERLAND,NY,14020,BUF,2008-04-12,5/1/88,42.998731,-78.188095
locations.csv,"exact latitude, longitude (city)",GENEVOH,GENEVA CITY JAIL,44 NORTH FOREST ST,GENEVA,ASHTABULA,OH,44041,DET,21/10/2002,25/06/1993,41.80660031,-80.94606735
locations.csv,"exact latitude, longitude (city)",GFCORND,GRAND FORKS COUNTY CORRECTIONAL FACILITY,1701 NORTH WASHINGTON ST,GRAND FORKS,GRAND FORKS,ND,58206,SPM,2004-11-17,17/02/1989,47.935792,-97.055851
locations.csv,"exact latitude, longitude (city)",GFJUVND,GRAND FORKS COUNTY,"Grand Forks County Correctional Center1701 North Washington",GRAND FORKS,GRAND FORKS,ND,58206,SPM,24/10/2017,11/9/97,47.935792,-97.055851
locations.csv,"exact latitude, longitude (city)",GIJUVAZ,GILA COUNTY JUVENILE DETENTION CENTER,1425 E. SOUTH STREET,GLOBE,GILA,AZ,85501,PHO,2008-10-08,20/12/2000,33.40038,-110.7688274
locations.csv,"exact latitude, longitude (city)",GILAJAZ,GILA COUNTY JAIL,1100 SOUTH STREET,GLOBE,GILA,AZ,85501,PHO,25/07/2006,18/07/1990,33.393482,-110.772798
locations.csv,"exact latitude, longitude (city)",GILLITX,GILLISPIE CITY JAIL,"104 Industrial Loop, Fredericksburg, TX 78624",FREDERICKSBURG,GILLESPIE,TX,78624,SNA,20/09/2007,18/10/2001,30.250537,-98.849475
locations.csv,"exact latitude, longitude (city)",GILPICO,GILPIN COUNTY SHERIFF,2960 DORY HILL ROAD,GOLDEN,JEFFERSON,CO,80403,DEN,2012-05-08,3/5/99,39.83923,-105.48211
locations.csv,"exact latitude, longitude (city)",GJCHOLD,GRAND JUNCTION HOLDROOM,571 S. COMMERCIAL DRIVE,GRAND JUNCTION,MESA,CO,81501,DEN,2012-09-17,16/02/2011,39.08742921,-108.5855331
locations.csv,"exact latitude, longitude (city)",GLADEF2,GLADES COUNTY DETENTION CENTER FEMALE,1297 EAST STATE RD 78 NW; ANNEX @ 598 6TH ST,MOORE HAVEN,GLADES,FL,33472,MIA,,,26.838714,-81.124018
locations.csv,"exact latitude, longitude (city)",GLADEFL,GLADES COUNTY DETENTION CENTER,1297 EAST SR 78,MOORE HAVEN,GLADES,FL,33471,MIA,2004-11-17,16/07/2007,26.838714,-81.124018
sarahs research,"exact latitude, longitude (city)",GLDSACA,GOLDEN STATE ANNEX,,McFarland,Kern,CA,,,,,35.6781,-119.2413
locations.csv,"exact latitude, longitude (city)",GLENNCA,GLENN COUNTY JAIL,141 SOUTH LASSEN,WILLOWS,GLENN,CA,95988,SFR,16/08/2004,1/2/99,39.51950796,-122.199683
locations.csv,"exact latitude, longitude (city)",GLEPDCA,GLENDALE POLICE DEPARTMENT,131 NORTH ISABEL STREET,GLENDALE,LOS ANGELES,CA,91206,LOS,26/10/2017,2009-11-07,34.1472553,-118.2492154
locations.csv,"exact latitude, longitude (city)",GLOUCNJ,GLOUCESTER COUNTY JAIL,70 HUNTER STREET,WOODBURY,GLOUCESTER,NJ,8096,NEW,11/11/87,13/11/1986,39.83890746,-75.1491954
sarahs research,Latitude Longitude based only on state,GMHATGA,GRADY MEMORIAL HOSPITAL,,,,GA,,,,,33.0406,-83.6431
locations.csv,"exact latitude, longitude (city)",GONZATX,GONZALES COUNTY JAIL,"1713 E Sarah DeWitt Dr, Gonzales, TX 78629",GONZALEZ,GONZALES,TX,78629,SNA,24/07/2007,2009-03-03,29.523652,-97.443264
locations.csv,"exact latitude, longitude (city)",GOOD,GOOD,"430 W 6th St, Red Wing, MN 55066",RED WING,GOOD,MN,55066,SPM,,,44.5617588,-92.5328949
sarahs research,"county approximate center only (latitude, longitude)",GOODCID,GOODING COUNTY JAIL,,,Gooding,ID,,,,,42.9373,-114.7134
locations.csv,"exact latitude, longitude (city)",GOODHMN,GOODHUE COUNTY JAIL,"430 W 6th St, Red Wing, MN 55066",RED WING,GOODHUE,MN,55066,SPM,25/02/2007,19/01/2007,44.5617588,-92.5328949
locations.csv,"exact latitude, longitude (city)",GOSHEWY,GOSHEN COUNTY JAIL,"2120 E B St, Torrington, WY 82240",TORRINGTON,GOSHEN,WY,82240,DEN,28/09/2008,28/02/1999,42.065322,-104.1820187
locations.csv,"exact latitude, longitude (city)",GPCHOLD,GREAT PLAINS CI HOLDROOM,700 SUGAR CREEK ROAD,HINTON,CADDO,OK,73047,DAL,,,35.446946,-98.367623
locations.csv,"exact latitude, longitude (city)",GRAHAAZ,GRAHAM COUNTY,523 10TH AVE,SAFFORD,GRAHAM,AZ,85546,PHO,14/07/1996,23/07/1990,32.83451584,-109.7189282
locations.csv,"exact latitude, longitude (city)",GRANDCO,GRAND COUNTY JAIL,"670 Spring St, Hot Sulphur Springs, CO 80451",HOT SULPHUR SPGS,GRAND,CO,80451,DEN,20/04/2008,14/05/1991,40.0719943,-106.1047681
locations.csv,"exact latitude, longitude (city)",GRANTOR,GRANT COUNTY JAIL,GRANT COUNTY JAIL,CANYON CITY,GRANT,OR,97820,SEA,2005-04-11,14/05/1997,44.387071,-118.950498
locations.csv,"exact latitude, longitude (city)",GRANTWA,GRANT COUNTY,35 C ST N.W.,EPHRATA,GRANT,WA,98823,SEA,22/07/2009,30/10/2003,47.3215395,-119.5529628
locations.csv,"exact latitude, longitude (city)",GRAYSKY,GRAYSON COUNTY JAIL,320 SHAW STATION ROAD,LEITCHFIELD,GRAYSON,KY,42754,CHI,2004-11-17,16/12/1999,37.49107275,-86.2578805
locations.csv,"exact latitude, longitude (city)",GRECONY,GREENE COUNTY JAIL,80 BRIDGE STREET,CATSKILL,GREENE,NY,12414,BUF,28/09/2008,1/7/96,42.216681,-73.871447
locations.csv,"exact latitude, longitude (city)",GREENMA,FRANKLIN COUNTY HOUSE OF CORRECTION,160 ELM STREET,GREENFIELD,FRANKLIN,MA,1301,BOS,2004-11-17,23/12/1998,42.5964024,-72.6124595
locations.csv,"exact latitude, longitude (city)",GREENMO,GREENE COUNTY JAIL,929 N. ROBBERSON,SPRINGFIELD,GREENE,MO,65802,CHI,2002-04-09,5/2/92,37.21775884,-93.29106785
locations.csv,"exact latitude, longitude (city)",GREGGTX,GREGG COUNTY JAIL,101 E. METHVIN STREET,LONGVIEW,GREGG,TX,75601,DAL,,,32.4969194,-94.73862991
locations.csv,"exact latitude, longitude (city)",GRFHOLD,GRAND FORKS HOLD ROOM,124 NORTH 6TH STREET,GRAND FORKS,GRAND FORKS,ND,58203,SPM,15/02/2017,15/02/2017,47.92382012,-97.03497765
sarahs research,"exact latitude, longitude (city)",GRGBVTX,,,,,TX,,,,,31.0545,-97.5635
locations.csv,"exact latitude, longitude (city)",GRIHOLD,GRAND ISLAND HOLDROOM,220 N. WALNUT STREET,GRAND ISLAND,HALL,NE,68801,SPM,15/02/2011,15/02/2011,40.924152,-98.343144
locations.csv,"exact latitude, longitude (city)",GRIMETX,GRIMES COUNTY SHERIFFS DEPARTMENT,382 FM 149 WEST,ANDERSON,GRIMES,TX,77830,HOU,22/01/2006,2009-01-03,30.4899921,-95.9881162
locations.csv,"exact latitude, longitude (city)",GRMHOLD,GRAND RAPIDS HOLD ROOM,517 OTTAWA AVE NW,GRAND RAPIDS,KENT,MI,49503,DET,14/04/2015,17/09/2014,42.97268389,-85.67005197
locations.csv,"exact latitude, longitude (city)",GRRHOLD,GREER HOLD ROOM,"501 Pennsylvania Ave, Greer, SC 29650",GREER,GREENVILLE,SC,29650,ATL,2001-08-17,31/07/2017,34.9371548,-82.2418822
locations.csv,"exact latitude, longitude (city)",GRYDCKY,GRAYSON COUNTY DETENTION CENTER,320 SHAW STATION ROAD,LEITCHFIELD,GRAYSON,KY,42754,CHI,26/02/2013,23/02/2005,37.49107275,-86.2578805
locations.csv,"exact latitude, longitude (city)",GSCHOLD,GLENWOOD SPRINGS HOLDROOM,100 MIDLAND AVENUE,GLENWOOD SPRINGS,GLENWOOD SPRINGS,CO,81601,DEN,13/06/2013,22/02/2011,39.5150507,-107.3234023
sarahs research,Latitude Longitude based only on state,GSMCDPA,GEISINGER MEDICAL CENTER,,,,PA,,,,,40.5908,-77.2098
sarahs research,,GTMOACU,,,,,,,,,,19.9025711,-75.1014217
sarahs research,,GTMOBCU,,,,,,,,,,19.9025711,-75.1014217
sarahs research,Unknown,GTMODCU,,,,,,,,,,19.9025711,-75.1014217
locations.csv,"exact latitude, longitude (city)",GUADATX,GUADALUPE CITY JAIL,"2615 N Guadalupe St, Seguin, TX 78155",SEGUIN,GUADALUPE,TX,78155,SNA,16/02/2009,28/05/1999,29.6037661,-97.970028
sarahs research,"exact latitude, longitude (city)",GUAMHGU,,,,,GU,,,,,13.382306,144.661975
locations.csv,"exact latitude, longitude (city)",GUDOCHG,DEPARTMENT OF CORRECTIONS HAGATNA,203 ASPINALL AVENUE,HAGATNA,GUAM,GU,96910,SFR,2004-11-17,21/05/2009,13.475742,144.750595
locations.csv,"exact latitude, longitude (city)",GUNNICO,GUNNISON COUNTY JAIL,200 NORTH IOWA,GUNNISON,GUNNISON,CO,81230,DEN,13/04/2008,6/4/99,38.545648,-106.925516
locations.csv,"exact latitude, longitude (city)",GWINNGA,GWINNETT COUNTY JAIL,2900 UNIVERSITY PARKWAY,LAWRENCEVILLE,GWINNETT,GA,30043,ATL,30/12/2009,2008-10-08,33.9821822,-83.9772641
locations.csv,"exact latitude, longitude (city)",HAILEID,DALE G. HAILE DETENTION CENTER,1115 ALBANY,CALDWELL,CANYON,ID,83605,SLC,29/10/2017,16/07/1993,43.66480214,-116.6816823
locations.csv,"exact latitude, longitude (city)",HAJUVTX,HAYS COUNTY JUVENILE CENTER,2250 CLOVIS R BARKER ROAD,SAN MARCOS,HAYS,TX,78666,SNA,28/08/2003,2009-10-01,29.838236,-97.9525078
locations.csv,"exact latitude, longitude (city)",HALLJGA,HALL COUNTY JAIL,1700 BARBER ROAD,GAINESVILLE,HALL,GA,30507,ATL,2004-11-17,27/06/1995,34.242651,-83.815583
locations.csv,"exact latitude, longitude (city)",HAMILKS,HAMILTON COUNTY JAIL,103 WEST AVE B,SYRACUSE,HAMILTON,KS,67878,CHI,2008-10-02,24/04/2000,37.982449,-101.755393
locations.csv,"exact latitude, longitude (city)",HAMILTN,HAMILTON COUNTY,1600 EAST 3RD STREET,CHATTANOOGA,HAMILTON,TN,37404,NOL,2003-03-08,21/02/1997,35.04276167,-85.27731135
locations.csv,"exact latitude, longitude (city)",HAMPDMA,HAMPDEN COUNTY,627 RANDALL ROAD,LUDLOW,HAMPDEN,MA,1056,BOS,2006-01-03,19/12/1995,42.2046085,-72.5105724
locations.csv,"exact latitude, longitude (city)",HANCOME,HANCOCK COUNTY JAIL,60 STATE STREET,ELLSWORTH,HANCOCK,ME,4605,BOS,2006-08-07,30/05/2002,44.54326215,-68.42520034
locations.csv,"exact latitude, longitude (city)",HANCOMS,HANCOCK COUNTY JAIL,122 1/2 COURT STREET,BAY ST. LOUIS,HANCOCK,MS,39520,NOL,15/08/2005,11/4/87,30.31014017,-89.32784592
locations.csv,"exact latitude, longitude (city)",HANMNPA,HAHNEMANN HOPSITAL,BRAOD & VINE STREETS,PHILADELPHIA,PHILADELPHIA,PA,19107,PHI,2007-06-06,2007-06-06,39.957615,-75.163099
locations.csv,"exact latitude, longitude (city)",HARDJIA,HARDIN COUNTY JAIL,1116 14TH AVENUE,ELDORA,HARDIN,IA,50627,SPM,2004-11-17,17/09/1997,42.35984492,-93.09737106
locations.csv,"exact latitude, longitude (city)",HARFOCT,HARTFORD CORRECTIONAL CENTER,177 WESTON STREET,HARTFORD,HARTFORD,CT,6120,BOS,25/03/2007,3/3/94,41.79329603,-72.66005815
locations.csv,"exact latitude, longitude (city)",HARHOLD,HARTFORD OFFICE,450 MAIN STREET,HARTFORD,HARTFORD,CT,6103,BOS,25/07/2017,16/02/1993,41.65125491,-72.60366603
locations.csv,"exact latitude, longitude (city)",HARLANE,HARLAN COUNTY JAIL,706 WEST 2ND STREET,ALMA,HARLAN,NE,68920,SPM,2003-10-02,14/07/1999,40.099733,-99.362876
locations.csv,"exact latitude, longitude (city)",HARPEKS,HARPER COUNTY JAIL,115 EAST STEADMAN STREET,ANTHONY,HARPER,KS,67003,CHI,27/01/2003,25/01/1991,37.15335271,-98.02982543
locations.csv,"exact latitude, longitude (city)",HARRIGA,HARRIS COUNTY JAIL,"HWY 116 E, PO BOX 286",HAMILTON,HARRIS,GA,31811,ATL,24/01/2007,26/07/1993,32.764412,-84.866192
sarahs research,Latitude Longitude based only on state,HARRIMS,HARRISON DETENTION CENTER,,,,MS,,,,,32.7416,-89.6787
locations.csv,"exact latitude, longitude (city)",HASHENE,HALL COUNTY DEPARTMENT OF CORRECTIONS,110 PUBLIC SAFETY DRIVE,GRAND ISLAND,HALL,NE,68801,SPM,2004-11-17,4/2/92,40.926919,-98.328077
locations.csv,"exact latitude, longitude (city)",HASKLTX,ROLLING PLAINS DETENTION CENTER,118 COUNTY ROAD 206,HASKELL,HASKELL,TX,79521,DAL,23/03/2017,18/06/2000,33.1762715,-99.72178917
sarahs research,"exact latitude, longitude (city)",HAVMCWA,,,,,WA,,,,,47.4009,-121.4905
locations.csv,"exact latitude, longitude (city)",HAYCOTX,HAYS COUNTY JAIL,C/O JAIL ADMINISTRATOR,SAN MARCOS,HAYS,TX,78666,SNA,2006-08-07,1/11/90,29.895903,-97.904371
locations.csv,"exact latitude, longitude (city)",HBGHOLD,HARRISONBURG HOLD ROOM,"263 Neff Ave., Harrisonburg, VA 22801",HARRISONBURG,HARRISONBURG,VA,22801,WAS,18/09/2017,27/07/2011,38.4267988,-78.8483885
sarahs research,"exact latitude, longitude (city)",HCAFMFL,,,,,FL,,,,,27.7663,-81.6868
sarahs research,Latitude Longitude based only on state,HCAHCTX,HCA HOUSTON HC CONROE,,,,TX,,,,,31.0545,-97.5635
sarahs research,"county approximate center only (latitude, longitude)",HCMCMMN,HENNEPIN COUNTY MED CTR,,,Hennepin,MN,,,,,44.9635,-93.2678
sarahs research,"county approximate center only (latitude, longitude)",HCPSCMS,HANCOCK CO PUB SFTY CPLX,,,Hancock,MS,,,,,30.3281,-89.3774
locations.csv,"exact latitude, longitude (city)",HCPSYTX,HARRIS COUNTY PSYCHIATRIC CENTER,2800 S MACGREGOR WAY,HOUSTON,HARRIS,TX,77021,HOU,2004-11-17,19/10/2016,29.71215455,-95.37452665
sarahs research,Latitude Longitude based only on state,HDHSPNV,HENDERSON HOSPITAL,,,,NV,,,,,38.3135,-117.0554
locations.csv,"exact latitude, longitude (city)",HEADCMN,HENNEPIN COUNTY ADULT DETENTION CENTER,525 PORTLAND AVENUE SOUTH,MINNEAPOLIS,HENNEPIN,MN,55415,SPM,13/07/2003,29/07/1998,44.97501846,-93.26256731
locations.csv,"exact latitude, longitude (city)",HELHOLD,HELENA DISTRICT CUSTODY,805 COLLEEN STREET,HELENA,LEWIS AND CLARK,MT,59601,SLC,2006-07-15,9/7/97,46.59349986,-111.9741765
locations.csv,"exact latitude, longitude (city)",HENDENC,HENDERSON COUNTY DETENTION FACILITY,375 1ST AVENUE EAST,HENDERSONVILLE,HENDERSON,NC,28792,ATL,29/12/2014,19/09/2008,35.31488406,-82.45637937
locations.csv,"exact latitude, longitude (city)",HENDENV,HENDERSON DETENTION CENTER,18 E BASIC ROAD,HENDERSON,CLARK,NV,89015,SLC,2004-11-17,2004-02-11,36.0332158,-114.9746293
locations.csv,"exact latitude, longitude (city)",HENDRFL,HENDRY COUNTY JAIL,101 SOUTH BRIDGE STREET,LABELLE,HENDRY,FL,33935,MIA,2004-02-08,20/04/1999,26.7604715,-81.43664617
locations.csv,"exact latitude, longitude (city)",HENHOLD,HENDERSONVILLE HOLD ROOM,518 6TH AVE W,HENDERSONVILLE,HENDERSON,NC,28792,ATL,,,35.31880745,-82.46808227
locations.csv,"exact latitude, longitude (city)",HENRIVA,HENRICO COUNTY JAIL,"4301 E Parham Rd, Henrico, VA 23228",RICHMOND,RICHMOND CITY,VA,23228,WAS,2001-07-07,25/08/1989,37.6300305,-77.514718
locations.csv,"exact latitude, longitude (city)",HENRYGA,HENRY COUNTY SHERIFF,120 HENRY PARKWAY,MCDONOUGH,HENRY,GA,30253,ATL,23/06/1994,2/2/92,33.4229731,-84.17085152
locations.csv,"exact latitude, longitude (city)",HERKINY,HERKIMER COUNTY JAIL,"320 N Washington St, Herkimer, NY 13350",HERKIMER,HERKIMER,NY,13350,BUF,25/05/2005,17/11/1987,43.029561,-74.988169
locations.csv,"exact latitude, longitude (city)",HERNAFL,HERNANDO COUNTY JAIL,16425 SPRING HILL DRIVE,BROOKSVILLE,HERNANDO,FL,34604,MIA,29/10/2009,31/10/1997,28.483619,-82.451205
sarahs research,"exact latitude, longitude (city)",HGHBECO,,,,,CO,,,,,39.0598,-105.3111
sarahs research,Latitude Longitude based only on state,HHBTHTX,HARRIS HEALTH BEN TAUB HOSPITAL,,,,TX,,,,,31.0545,-97.5635
sarahs research,Latitude Longitude based only on state,HHCHKTX,HOUSTON HEALTHCARE HOSP,,,,TX,,,,,31.0545,-97.5635
locations.csv,"exact latitude, longitude (city)",HHWHOLD,INS DISTRICT OFFICE,595 ALA MOANA BLVD,HONOLULU,HONOLULU,HI,96813,SFR,2012-09-17,17/07/1992,21.299633,-157.8631238
locations.csv,"exact latitude, longitude (city)",HICOJFL,HILLSBOROUGH COUNTY JAIL,1201 NORTH ORIENT ROAD,TAMPA,HILLSBOROUGH,FL,33619,MIA,25/02/2009,21/10/1993,27.9582201,-82.37309106
locations.csv,"exact latitude, longitude (city)",HIDALNM,HIDALGO COUNTY DETENTION FACILITY,83 OLD HIGHWAY 70,LORDSBURG,HIDALGO,NM,88045,ELP,29/01/2017,29/04/2015,32.337628,-108.665511
locations.csv,"exact latitude, longitude (city)",HIDALTX,HIDALGO COUNTY JAIL,3100 SOUTH HWY 281,EDINBURG,HIDALGO,TX,78539,SNA,25/10/2017,8/8/88,26.416723,-98.127738
locations.csv,"exact latitude, longitude (city)",HILLCMT,HILL COUNTY DETENTION CENTER,1450 2ND STREET WEST,HAVRE,HILL,MT,59501,SLC,22/12/2014,13/05/2002,48.55288501,-109.7068314
locations.csv,"exact latitude, longitude (city)",HILLSNH,HILLSBOROUGH COUNTY JAIL,445 WILLOW STREET,MANCHESTER,HILLSBOROUGH,NH,3103,BOS,28/01/2000,6/6/90,42.9809687,-71.46134253
sarahs research,"exact latitude, longitude (city)",HLFRJVA,B.R.R.J. HALIFAX,,Lynchburg,Lynchburg,VA,,,,,37.4003,-79.1909
locations.csv,"exact latitude, longitude (city)",HLGHOLD,HARLINGEN HOLD ROOM,1717 ZOY STREET,HARLINGEN,CAMERON,TX,78550,SNA,30/10/2017,15/05/2008,26.178023,-97.71412437
locations.csv,"exact latitude, longitude (city)",HLYCHIL,HOLY CROSS HOSPITAL,2701 W 68TH ST,CHICAGO,COOK,IL,60629,CHI,2005-01-17,2008-04-16,41.7693648,-87.6922122
locations.csv,"exact latitude, longitude (city)",HMCHOTX,HARLINGEN MEDICAL CENTER,5501 S EXPRESSWAY 71,HARLINGEN,CAMERON,TX,78550,SNA,2004-11-17,20/03/1989,26.157745,-97.67513
sarahs research,Latitude Longitude based only on state,HNDMCTX,HENDRICK MEDICAL CENTER,,,,TX,,,,,31.0545,-97.5635
sarahs research,Latitude Longitude based only on state,HNYHOMI,HENRY FORD HOSPITAL,,,,MI,,,,,43.3266,-84.5361
locations.csv,"exact latitude, longitude (city)",HOKLYTX,HOCKLEY COUNTY JAIL,1310 AVENUE H,LEVELLAND,HOCKLEY,TX,79336,ELP,,,33.5783128,-102.3788175
locations.csv,"exact latitude, longitude (city)",HOLINNY,HOLIDAY INN,14402 135TH AVENUE,JAMAICA,QUEENS,NY,11436,NYC,2008-07-03,23/07/1997,40.679042,-73.805424
locations.csv,"exact latitude, longitude (city)",HOSPSPR,HOSPITAL PAVIA-SANTURCE,1462 ASIA ST PO BOX 11137,SAN JUAN,SAN JUAN,PR,909,MIA,30/06/2017,13/04/2016,18.444251,-66.068992
locations.csv,"exact latitude, longitude (city)",HOTELMA,RAMADA HOTEL,225 MCCLELLAN HIGHWAY,EAST BOSTON,SUFFOLK,MA,2128,BOS,2010-03-17,4/5/99,42.387526,-71.01766902
locations.csv,"exact latitude, longitude (city)",HOTSPWY,HOT SPRINGS COUNTY JAIL,417 ARAPAHOE STREET,THERMOPOLIS,HOT SPRINGS,WY,82443,DEN,31/03/2008,31/03/2008,43.647137,-108.209056
locations.csv,"exact latitude, longitude (city)",HOUHOLD,HOUSTON FIELD OFFICE HOLD ROOM,5520 GREENS RD.,HOUSTON,HARRIS,TX,77032,HOU,2004-11-17,17/11/1994,29.95204543,-95.31115606
locations.csv,"exact latitude, longitude (city)",HOUICDF,HOUSTON CONTRACT DETENTION FACILITY,15850 EXPORT PLAZA DRIVE,HOUSTON,HARRIS,TX,77032,HOU,2004-11-17,1905-06-06,29.95083585,-95.31218808
locations.csv,"exact latitude, longitude (city)",HOWARMD,HOWARD COUNTY DETENTION CENTER,7301 WATERLOO ROAD,JESSUP,HOWARD,MD,20794,BAL,2004-11-17,25/11/1987,39.16941095,-76.78179079
locations.csv,"exact latitude, longitude (city)",HPBRGTX,HOPEBRIDGE HOSPITAL,5556 GASSMER DR.,HOUSTON,HARRIS,TX,77035,HOU,14/05/2017,2008-05-15,29.651577,-95.477913
sarahs research,"county approximate center only (latitude, longitude)",HPKNSKY,HOPKINS COUNTY JAIL,,,Hopkins,KY,,,,,37.3409,-87.5034
sarahs research,Latitude Longitude based only on state,HRLGNTX,HARLINGEN POLICE DEPT.,,,,TX,,,,,31.0545,-97.5635
locations.csv,"exact latitude, longitude (city)",HRREGVA,HAMPTON ROADS REGIONAL JAIL,2690 ELMHURST LANE,PORTSMOUTH,PORTSMOUTH CITY,VA,23701,WAS,2010-03-14,16/06/2000,36.804472,-76.368436
locations.csv,"exact latitude, longitude (city)",HSF,HARLINGEN STAGING FACILITY,1102 SOUTH COMMERCE STREET,HARLINGEN,CAMERON,TX,78550,SNA,29/04/2013,28/01/2003,26.18120829,-97.68485813
locations.csv,"exact latitude, longitude (city)",HUDSONJ,HUDSON COUNTY CORRECTIONAL CENTER,30-35 HACKENSACK AVE.,KEARNY,HUDSON,NJ,7032,NYC,2004-11-17,14/08/1995,40.72991,-74.103398
locations.csv,"exact latitude, longitude (city)",HUDSPTX,HUDSPETH COUNTY JAIL,525 NORTH WILSON AVENUE,SIERRA BLANCA,HUDSPETH,TX,79851,ELP,18/09/2008,16/04/1986,31.1841074,-105.3585878
locations.csv,"exact latitude, longitude (city)",HUERFCO,HUERFANO COUNTY JAIL,500 SOUTH ALBERT,WALSENBERG,HUERFANO,CO,81089,DEN,21/06/2006,29/04/1991,37.624128,-104.782859
locations.csv,"exact latitude, longitude (city)",HUGHESD,HUGHES COUNTY,"3200 SD-34 #9, Pierre, SD 57501",PIERRE,HUGHES,SD,57501,SPM,2009-11-05,6/9/94,44.356489,-100.31006
locations.csv,"exact latitude, longitude (city)",HUMBOIA,HUMBOLDT COUNTY JAIL,430 SUMNER AVENUE,HUMBOLDT,HUMBOLDT,IA,50548,SPM,28/10/2002,15/08/1997,42.72105806,-94.21417045
locations.csv,"exact latitude, longitude (city)",HVHOSFL,WINDMOOR HOSPITAL (HARBORVIEW),1861 N.W. SOUTH RIVER DRIVE,MIAMI,MIAMI-DADE,FL,33125,MIA,3/10/00,6/7/96,25.7836271,-80.2240417
locations.csv,"exact latitude, longitude (city)",IAHSFTX,GEORGE BUSH INTERCONTINENTAL,2800 N. TERMINAL ROAD,HOUSTON,COUNTY,TX,77032,SNA,2004-09-16,2002-08-14,29.9839236,-95.33220235
locations.csv,"exact latitude, longitude (city)",IBERILA,IBERIA PARISH JAIL,"300 IBERIA STREET, SUITE 120",NEW IBERIA,IBERIA,LA,70560,NOL,2012-08-04,5/11/98,30.004479,-91.821314
sarahs research,"exact latitude, longitude (city)",IBPSMIA,MIAMI BORDER PATROL,,Miami,Miami-Dade,FL,,,,,25.784,-80.2101
locations.csv,"exact latitude, longitude (city)",IEPHOLD,ICE EL PASO HOLD ROOM,11541 MONTANA AVE,EL PASO,EL PASO,TX,79936,ELP,22/10/2017,2005-07-16,31.80354631,-106.2886103
locations.csv,"exact latitude, longitude (city)",IFIHOLD,IDAHO FALLS HOLD ROOM,2075 NORTH BOULEVARD,IDAHO FALLS,BONNEVILLE,ID,83401,SLC,,,43.51475817,-112.0337537
locations.csv,"exact latitude, longitude (city)",IMPCOCA,IMPERIAL COUNTY JAIL,328 APPLESTILL ROAD,EL CENTRO,IMPERIAL,CA,92243,SND,2003-03-16,11/3/86,32.74877157,-115.5630594
sarahs research,Latitude Longitude based only on state,IMPHOLD,IMPERIAL SUB OFFICE HOLD ROOM,,,,CA,,,,,36.1162,-119.6816
sarahs research,Latitude Longitude based only on state,INMIAMI,MIAMI CORRECTIONAL CENTER,,,,MI,,,,,43.3266,-84.5361
locations.csv,"exact latitude, longitude (city)",INPHOLD,INDIANAPOLIS HOLD ROOM,"40 S Alabama St, Indianapolis, IN 46204",INDIANAPOLIS,MARION,IN,46206,CHI,29/10/2017,2012-04-10,39.765936,-86.1535844
sarahs research,"exact latitude, longitude (city)",INTEGOK,,,,,OK,,,,,35.5653,-96.9289
sarahs research,Latitude Longitude based only on state,INTPOOK,INTEGRIS HEALTH PONCA CITY HOSPITA,,,,OK,,,,,35.5653,-96.9289
locations.csv,"exact latitude, longitude (city)",IONIAMI,IONIA COUNTY,133 EAST ADAMS,IONIA,IONIA,MI,48846,DET,25/06/2007,27/09/1991,42.98189833,-85.06152453
locations.csv,"exact latitude, longitude (city)",IRADFCA,IMPERIAL REGIONAL DETENTION FACILITY,1572 GATEWAY,CALEXICO,IMPERIAL,CA,92231,SND,2004-11-17,22/09/2014,32.690811,-115.397861
locations.csv,"exact latitude, longitude (city)",IRWINGA,IRWIN COUNTY DETENTION CENTER,132 COTTON DRIVE,OCILLA,IRWIN,GA,31772,ATL,2004-11-17,26/09/2010,31.58099723,-83.25462794
locations.csv,"exact latitude, longitude (city)",ISABEMI,ISABELLA COUNTY JAIL,207 N COURT ST,MOUNT PLEASANT,ISABELLA,MI,48858,DET,26/08/2004,30/03/2004,43.60550694,-84.77502394
locations.csv,"exact latitude, longitude (city)",ISHOSNY,BETH ISRAEL HOSPITAL,305 1ST AVENUE # DAZIAN 7,NEW YORK,NEW YORK,NY,10003,NYC,2007-08-17,17/03/2011,40.734669,-73.981017
locations.csv,"exact latitude, longitude (city)",IWAHOLD,AZ REM OP COORD CENTER (AROCC),"130 N Robson, Mesa, AZ 85201",MESA,MARICOPA,AZ,85204,PHO,31/10/2017,24/01/2010,33.4180114,-111.8367566
locations.csv,"exact latitude, longitude (city)",JACKSOR,JACKSON COUNTY JAIL,787 WEST 8TH STREET,MEDFORD,JACKSON,OR,97501,SEA,13/04/2014,31/08/1994,42.321995,-122.8786715
sarahs research,"exact latitude, longitude (city)",JACKSTN,,,,,TN,,,,,35.7478,-86.6923
locations.csv,"exact latitude, longitude (city)",JACKSTX,JACKSON COUNTY JAIL,115 WEST MAIN STREET,EDNA,JACKSON,TX,77957,SNA,14/11/1998,22/09/1989,28.97793086,-96.64747
locations.csv,"exact latitude, longitude (city)",JAJUVMO,JASPER COUNTY,530 S PEARL AVE,JOPLIN,JASPER,MO,64801,CHI,23/04/2003,20/02/2002,37.062296,-94.517885
locations.csv,"exact latitude, longitude (city)",JAJUVOR,JACKSON COUNTY JUVENILE,609 WEST 10TH STREET,MEDFORD,JACKSON,OR,97501,SEA,2001-11-11,8/5/97,42.32086865,-122.8777724
locations.csv,"exact latitude, longitude (city)",JAKHOLD,JACKSON MS HOLD ROOM,202 METROPLEX BLVD,PEARL,RANKIN,MS,39208,NOL,17/10/2017,30/08/2017,32.2879592,-90.0604261
locations.csv,"exact latitude, longitude (city)",JAMESGA,FOLKSTON ICE PROCESSING CENTER (D. RAY JAMES),3423 HIGHWAY 252 EAST,FOLKSTON,CHARLTON,GA,31537,ATL,2004-11-17,30/01/2017,30.872094,-81.98247
locations.csv,"exact latitude, longitude (city)",JAXHOLD,JACKSONVILLE SUB-OFFICE,4121 SOUTHPOINT BLVD,JACKSONVILLE,DUVAL,FL,32216,MIA,27/06/2017,18/06/2003,30.25553186,-81.59002626
sarahs research,"exact latitude, longitude (city)",JCRLYTX,JOE CORLEY PROCESSING CTR,,Conroe,Montgomery,TX,,,,,30.3238,-95.4824
locations.csv,"exact latitude, longitude (city)",JEFFECO,JEFFERSON COUNTY JAIL,200 JEFFERSON COUNTY PARKWAY,GOLDEN,JEFFERSON,CO,80401,DEN,29/04/2010,7/4/92,39.7301082,-105.2042608
locations.csv,"exact latitude, longitude (city)",JEFFEID,JEFFERSON COUNTY JAIL,219 EAST FREMONT AVE,RIGBY,JEFFERSON,ID,83442,SLC,2004-11-17,29/03/2000,43.67335753,-111.9108918
locations.csv,"exact latitude, longitude (city)",JEFFEIL,JEFFERSON COUNTY JAIL,911 CASEY AVENUE,MOUNT VERNON,JEFFERSON,IL,62864,CHI,13/03/2014,2001-04-09,38.314552,-88.90253478
locations.csv,"exact latitude, longitude (city)",JEFFEKS,JEFFERSON COUNTY JAIL,1360 WALNUT STREET,OSKALOOSA,JEFFERSON,KS,66066,CHI,19/11/2008,27/09/1995,39.20713197,-95.31135339
locations.csv,"exact latitude, longitude (city)",JEFFEMT,JEFFERSON COUNTY DETENTION CENTER,110 SOUTH WASHINGTON STREET,BOULDER,JEFFERSON,MT,59632,SLC,14/11/2013,17/01/1991,46.23578765,-112.1211429
locations.csv,"exact latitude, longitude (city)",JEFFENY,JEFFERSON COUNTY JAIL,753 WATERMAN DRIVE,WATERTOWN,JEFFERSON,NY,13601,BUF,2007-01-13,28/12/1988,43.973502,-75.928291
locations.csv,"exact latitude, longitude (city)",JEFFEOK,JEFFERSON COUNTY JAIL,218 N. MAIN STREET,WAURIKA,JEFFERSON,OK,73573,DAL,24/11/2003,17/08/1998,34.16522639,-98.00153416
locations.csv,"exact latitude, longitude (city)",JEFFETX,JEFFERSON COUNTY JAIL,1001 PEARL STREET,BEAUMONT,JEFFERSON,TX,77701,HOU,2005-11-09,2003-01-02,30.079492,-94.094305
locations.csv,"exact latitude, longitude (city)",JENADLA,JENA/LASALLE DETENTION FACILITY,830 PINEHILL ROAD,JENA,LA SALLE,LA,71342,NOL,2004-11-17,22/10/2007,31.70727408,-92.15105963
locations.csv,"exact latitude, longitude (city)",JENATLA,ALEXANDRIA STAGING FACILITY,1511 ARNOLD DRIVE,ALEXANDRIA,COUNTY,LA,71303,NOL,2004-11-17,2010-11-14,31.31723,-92.5364
locations.csv,"exact latitude, longitude (city)",JENNIMO,JENNINGS CITY JAIL,5445 JENNINGS STATION ROAD,JENNINGS,SAINT LOUIS,MO,63136,CHI,2011-11-10,19/02/1991,38.710918,-90.2665596
locations.csv,"exact latitude, longitude (city)",JEROMID,JEROME COUNTY DETENTION CENTER,2151 S. TIGER DRIVE,JEROME,JEROME,ID,83338,SLC,29/09/1999,15/02/1991,42.74055276,-114.5017032
sarahs research,"exact latitude, longitude (city)",JFKTSNY,JFK INTERNATIONAL AP - T7,,New York,Queens,NY,,,,,40.6943,-73.9249
locations.csv,"exact latitude, longitude (city)",JHALLCA,SAN DIEGO,2801 MEADOWLARK DRIVE,SAN DIEGO,SAN DIEGO,CA,92123,SND,27/05/2012,26/09/1997,33.3863791,-117.5633884
sarahs research,Latitude Longitude based only on state,JHMCJNY,Jamaica Hospital Med Ctr,,,,NY,,,,,42.1657,-74.9481
locations.csv,"exact latitude, longitude (city)",JHRWLTX,JACK HARWELL DETENTION CENTER,3101 MARLIN HWY,WACO,MCLENNAN,TX,76705,SNA,2004-11-17,28/04/2011,31.5462976,-97.0673467
sarahs research,"county approximate center only (latitude, longitude)",JKPCCLA,JACKSON PARISH CORRECTIONAL CENTER,,,Jackson,LA,,,,,32.2348,-92.7098
locations.csv,"exact latitude, longitude (city)",JMHOSFL,JACKSON MEMORIAL HOSPITAL,1611 N.W. 12TH AVE,MIAMI,MIAMI-DADE,FL,33186,MIA,31/05/2017,17/10/1988,25.8470752,-80.3062799
sarahs research,Latitude Longitude based only on state,JMTHOVA,JOHNSTON MEMORIAL HOSPITAL,,,,VA,,,,,37.7693,-78.17
locations.csv,"exact latitude, longitude (city)",JOHNSNC,JOHNSTON COUNTY DETENTION CENTER,120 S. THIRD ST.,SMITHSFIELD,JOHNSTON,NC,27577,ATL,19/02/2007,30/06/2001,35.510854,-78.347455
locations.csv,"exact latitude, longitude (city)",JOHNSNE,JOHNSON COUNTY JAIL,222 NORTH 4TH STREET,TECUMSEH,JOHNSON,NE,68450,SPM,2005-01-03,28/10/2002,40.36983885,-96.19411742
locations.csv,"exact latitude, longitude (city)",JOHNSTX,JOHNSON COUNTY CORRECTIONS CENTER,1800 RIDGEMAR DRIVE,CLEBURNE,JOHNSON,TX,76031,DAL,2004-11-17,1/5/98,32.3749017,-97.38846453
sarahs research,Latitude Longitude based only on state,JOPSHTX,JOHN PETER SMITH HOSPITAL,,,,TX,,,,,31.0545,-97.5635
locations.csv,"exact latitude, longitude (city)",JOSEPOR,JOSEPHINE COUNTY JAIL,1901 NORTHEAST F STREET,GRANTS PASS,JOSEPHINE,OR,97526,SEA,31/10/2017,19/12/1995,42.4384778,-123.3194571
locations.csv,"exact latitude, longitude (city)",JUABCUT,JUAB COUNTY JAIL,425 W. SHEEPLANE DRIVE,NEPHI,JUAB,UT,84648,SLC,2008-08-05,20/02/1996,39.674385,-111.844584
locations.csv,"exact latitude, longitude (city)",JWYTHWY,JEFFREY WARDLE YOUTH CENTER,3304 EAST I-80 SERVICE ROAD,CHEYENNE,LARAMIE,WY,82009,DEN,2007-07-03,24/10/2002,41.1494377,-104.6763297
locations.csv,"exact latitude, longitude (city)",KALAMMI,KALAMAZOO COUNTY,1500 LAMONT ST,KALAMAZOO,KALAMAZOO,MI,49048,DET,25/09/2007,11/1/97,42.277354,-85.548329
locations.csv,"exact latitude, longitude (city)",KANDIMN,KANDIYOHI COUNTY JAIL,2201 23RD ST NE,WILLMAR,KANDIYOHI,MN,56201,SPM,2004-11-17,13/03/1992,45.1460114,-95.0136881
locations.csv,"exact latitude, longitude (city)",KANHOLD,KANSAS CITY HOLDROOM,9747 NW CONANT AVENUE,KANSAS CITY,JACKSON,MO,64101,CHI,2001-01-15,23/11/2010,39.268843,-94.675548
locations.csv,"exact latitude, longitude (city)",KANKEIL,KANKAKEE COUNTY JAIL (JEROME COMBS DET CTR),3050 JUSTICE WAY,KANKAKEE,KANKAKEE,IL,60901,CHI,2004-11-17,2008-10-16,41.07573766,-87.85922738
locations.csv,"exact latitude, longitude (city)",KARNETX,KARNES COUNTY CORRECTIONAL CENTER,810 COMMERCE STREET,KARNES CITY,KARNES,TX,78118,SNA,24/08/2017,13/01/1998,28.88348505,-97.91184814
locations.csv,"exact latitude, longitude (city)",KCCDCTX,KARNES COUNTY CIVIL DETENTION CENTER,FM 1144 AT US HIGHWAY 181,KARNES CITY,KARNES,TX,78118,SNA,2005-08-14,2001-01-12,28.884651,-97.915298
locations.csv,"exact latitude, longitude (city)",KCHOSNY,KINGS COUNTY HOSPITAL,451 CLARKSON AVE.,BROOKLYN,KINGS,NY,11203,NYC,2003-01-17,15/04/2011,40.6566962,-73.94346584
sarahs research,"county approximate center only (latitude, longitude)",KCOJFOK,KAY CO JUSTICE FACILITY,,,Kay,OK,,,,,36.7235,-97.0677
locations.csv,"exact latitude, longitude (city)",KEACOKS,KEARNY COUNTY JAIL,106 WASHINGTON AVENUE,LAKIN,KEARNY,KS,67860,CHI,2006-10-02,24/04/1999,37.94228602,-101.2560264
locations.csv,"exact latitude, longitude (city)",KEICONE,KEITH COUNTY JAIL,103 EAST 5TH STREET,OGALLALA,KEITH,NE,69153,SPM,2009-01-03,16/01/1999,41.12842362,-101.7196385
locations.csv,"exact latitude, longitude (city)",KEJUVTX,KERR COUNTY JUVENILE DETENTION CENTER,KERRVILLE JDC,KERRVILLE,KERR,TX,78028,SNA,27/07/1998,4/3/98,30.019037,-99.111818
locations.csv,"exact latitude, longitude (city)",KENDATX,KENDALL COUNTY JAIL,C/O COUNTY SHERIFF,BOERNE,KENDALL,TX,78006,SNA,25/01/2007,15/05/1998,29.806359,-98.723116
sarahs research,"exact latitude, longitude (city)",KENMHNY,,,,,NY,,,,,42.1657,-74.9481
locations.csv,"exact latitude, longitude (city)",KENNEGA,KENNESAW CITY JAIL,2539 J O STEPHENSON AVENUE,KENNESAW,COBB,GA,30144,ATL,2002-10-07,11/7/89,34.02335388,-84.61661341
locations.csv,"exact latitude, longitude (city)",KENNEME,KENNEBEC COUNTY JAIL,125 STATE STREET,AUGUSTA,KENNEBEC,ME,4330,BOS,2003-08-03,22/08/1997,44.314249,-69.777791
locations.csv,"exact latitude, longitude (city)",KENOSW2,KENOSHA COUNTY PRETRIAL FACILITY,1000 55TH STREET,KENOSHA,KENOSHA,WI,53140,CHI,,,42.5848366,-87.8350235
locations.csv,"exact latitude, longitude (city)",KENOSWI,KENOSHA COUNTY DETENTION CENTER,4777 88TH AVENUE,KENOSHA,KENOSHA,WI,53144,CHI,2004-11-17,8/1/86,42.59321564,-87.9148965
locations.csv,"exact latitude, longitude (city)",KENTCMI,KENT COUNTY JAIL,701 BALL AVENUE NORTHEAST,GRAND RAPIDS,KENT,MI,49503,DET,2004-11-17,11/9/91,42.97624673,-85.62990511
sarahs research,Latitude Longitude based only on state,KENTHRI,KENT HOSPITAL,,,,RI,,,,,41.6809,-71.5118
locations.csv,"exact latitude, longitude (city)",KENTOKY,KENTON COUNTY JAIL,303 COURT STREET,COVINGTON,KENTON,KY,41011,CHI,2008-03-07,23/07/1996,39.08845199,-84.50872269
locations.csv,"exact latitude, longitude (city)",KERCOCA,KERN COUNTY JAIL (LERDO),17695 INDUSTRIAL FARM ROAD,BAKERSFIELD,KERN,CA,93308,SFR,26/03/2014,4/10/91,35.6530636,-119.1079387
locations.csv,"exact latitude, longitude (city)",KERCOTX,KERR COUNTY JAIL,C/O COUNTY SHERIFF,KERRVILLE,KERR,TX,78028,SNA,2009-09-07,16/04/1998,30.028077,-99.125652
sarahs research,"exact latitude, longitude (city)",KERNHCA,,,,,CA,,,,,36.1162,-119.6816
locations.csv,"exact latitude, longitude (city)",KIMBANE,KIMBALL COUNTY JAIL,114 WEST 3RD ST,KIMBALL,KIMBALL,NE,69145,SPM,,,41.23556614,-103.6634966
locations.csv,"exact latitude, longitude (city)",KIMBLTX,KIMBLE COUNTY JAIL,415 PECAN ST,JUNCTION,KIMBLE,TX,76849,SNA,30/01/2007,30/01/2007,30.49016286,-99.76429186
locations.csv,"exact latitude, longitude (city)",KINCOWA,KING COUNTY ADULT JAIL,500 5TH AVE,SEATTLE,KING,WA,98104,SEA,16/03/2004,21/09/1997,47.60350215,-122.3282381
locations.csv,"exact latitude, longitude (city)",KINGMKS,KINGMAN COUNTY JAIL,120 SPRUCE STREET,KINGMAN,KINGMAN,KS,67068,CHI,15/08/2004,23/03/1995,37.64216806,-98.11165959
locations.csv,"exact latitude, longitude (city)",KINNETX,KINNEY COUNTY DETENTION CENTER,109 NORTH STREET,BRACKETTVILLE,KINNEY,TX,78832,SNA,2012-11-13,5/3/99,29.31132878,-100.4180336
locations.csv,"exact latitude, longitude (city)",KITCACO,KIT CARSON COUNTY,"251 16TH STREET, RM.302",BURLINGTON,KIT CARSON,CO,80807,DEN,25/09/2007,21/03/1991,39.30304,-102.271496
locations.csv,"exact latitude, longitude (city)",KITTIWA,KITTITAS COUNTY JAIL,205 WEST 5TH AVENUE,ELLENSBURG,KITTITAS,WA,98926,SEA,19/01/2012,26/11/2008,46.99656649,-120.5498112
locations.csv,"exact latitude, longitude (city)",KLAMCOR,KLAMATH COUNTY JAIL,3201 VANDENBERG AVENUE,KLAMATH FALLS,KLAMATH,OR,97603,SEA,17/10/2013,14/06/1991,42.22184,-121.748813
sarahs research,"exact latitude, longitude (city)",KNXCHTX,,,,,TX,,,,,31.0545,-97.5635
sarahs research,"county approximate center only (latitude, longitude)",KNXDFTN,KNOX COUNTY DETENTION FACILITY,,,Knox,TN,,,,,35.9692,-83.9496
locations.csv,,KNXHOLD,KNOXVILLE HOLD ROOM,UNAVAILABLE,KNOXVILLE,KNOX,TN,37920,NOL,,,35.7478,-86.6923
locations.csv,"exact latitude, longitude (city)",KODIAAK,KODIAK CITY JAIL,217 LOWER MILL BAY ROAD,KODIAK,KODIAK ISLAND,AK,99615,SEA,16/09/2014,18/04/1992,57.79098719,-152.4058299
locations.csv,"exact latitude, longitude (city)",KOOTEID,KOOTENAI COUNTY,5500 NORTH GOVERNMENT WAY,COEUR D'ALENE,KOOTENAI,ID,83815,SLC,31/08/2009,23/01/2003,47.701751,-116.786279
locations.csv,"exact latitude, longitude (city)",KOSSUIA,KOSSUTH COUNTY JAIL,121 WEST STATE STREET,ALGONA,KOSSUTH,IA,50511,SPM,19/11/2002,28/02/2000,43.06878139,-94.23830037
sarahs research,Latitude Longitude based only on state,KPCHOAZ,PROMISE HOSPITAL,,,,AZ,,,,,33.7298,-111.4312
locations.csv,"exact latitude, longitude (city)",KRHUBFL,KROME/MIAMI HUB,CONCOURSE E SATELLITMIAMI INTERNATIONAL,MIAMI,MIAMI-DADE,FL,33299,MIA,19/10/2017,2004-04-08,25.75434,-80.48913
locations.csv,"exact latitude, longitude (city)",KRNRCTX,KARNES COUNTY RESIDENTIAL CENTER,FM 1144 AT US HIGHWAY 181,KARNES CITY,KARNES,TX,78118,SNA,2004-11-17,30/05/2014,28.884651,-97.915298
locations.csv,"exact latitude, longitude (city)",KRO,KROME NORTH SERVICE PROCESSING CENTER,18201 SOUTHWEST 12TH STREET,MIAMI,MIAMI-DADE,FL,33194,MIA,2010-09-17,1905-06-02,25.7625818,-80.193024
locations.csv,"exact latitude, longitude (city)",KROHOLD,KROME HOLD ROOM,18201 SW 12TH ST,MIAMI,DADE,FL,33194,MIA,2001-11-17,2010-07-17,25.7581461,-80.3509388
locations.csv,"exact latitude, longitude (city)",LACKAPA,LACKAWANNA COUNTY JAIL,1371 NORTH WASHINGTON AVENUE,SCRANTON,LACKAWANNA,PA,18509,PHI,18/05/2016,11/9/87,41.42234433,-75.64786479
locations.csv,"exact latitude, longitude (city)",LAFAYLA,LAFAYETTE PARISH CORRECTIONAL CENTER,916 LAFAYETTE STREET,LAFAYETTE,LAFAYETTE,LA,70502,NOL,18/05/2006,8/6/86,30.22384269,-92.02087331
sarahs research,"county approximate center only (latitude, longitude)",LAKCOFL,LAKE COUNTY JAIL,,,Lake,FL,,,,,28.7672,-81.8962
locations.csv,"exact latitude, longitude (city)",LAKCOMT,LAKE COUNTY JAIL,106 4TH AVENUE EAST,POLSON,LAKE,MT,59860,SLC,2004-08-09,14/01/2005,47.69222831,-114.1605585
locations.csv,"exact latitude, longitude (city)",LAKEJCO,LAKE COUNTY JAIL,P.O. BOX 255/505 HARRISON AVE.,LEADVILLE,LAKE,CO,80461,DEN,28/06/2007,8/5/92,39.248152,-106.292214
sarahs research,Latitude Longitude based only on state,LAKMCFL,LAKESIDE MEDICAL CENTER,,,,FL,,,,,27.7663,-81.6868
locations.csv,"exact latitude, longitude (city)",LANCACA,MIRA LOMA DETENTION CENTER,45100 60TH STREET WEST,LANCASTER,LOS ANGELES,CA,93536,LOS,30/10/2012,12/10/92,34.7016555,-118.233176
locations.csv,"exact latitude, longitude (city)",LANCANE,LANCASTER COUNTY JAIL,605 SOUTH 10TH STREET,LINCOLN,LANCASTER,NE,68508,SPM,2009-07-03,27/02/1992,40.807821,-96.70714
locations.csv,"exact latitude, longitude (city)",LANECOR,LANE COUNTY JAIL,125 EAST 8TH AVENUE,EUGENE,LANE,OR,97401,SEA,19/02/2009,23/04/1991,44.0511,-123.0901158
locations.csv,"exact latitude, longitude (city)",LAPAZAZ,LA PAZ COUNTY ADULT DETENTION FACILITY,1109 ARIZONA AVE.,PARKER,LA PAZ,AZ,85344,PHO,24/10/2017,23/08/2005,34.14622635,-114.2901887
locations.csv,"exact latitude, longitude (city)",LAPEEMI,LAPEER COUNTY,2408 GENESEE STREET,LAPEER,LAPEER,MI,48446,DET,26/07/2004,13/07/1996,43.05055967,-83.333813
locations.csv,"exact latitude, longitude (city)",LAPLACO,LA PLATA COUNTY JAIL,742 TURNER DRIVE,DURANGO,FLOYD,CO,81303,DEN,2001-11-17,28/01/1992,37.247535,-107.878657
locations.csv,"exact latitude, longitude (city)",LARCOWY,LARAMIE COUNTY JAIL,1910 PIONEER AVENUE,CHEYENNE,LARAMIE,WY,82001,DEN,2003-08-10,26/04/1991,41.13475335,-104.8200948
locations.csv,"exact latitude, longitude (city)",LARELKY,LAUREL COUNTY SHERIFFS JAIL,203 SOUTH BROAD ST.,LONDON,LAUREL,KY,40741,CHI,26/05/2005,29/12/1999,37.12745233,-84.08365092
locations.csv,"exact latitude, longitude (city)",LARIMCO,LARIMER COUNTY JAIL,2405 MIDPOINT DRIVE,FORT COLLINS,LARIMER,CO,80525,DEN,29/03/2014,27/11/1990,40.56382216,-105.0321624
locations.csv,"exact latitude, longitude (city)",LASALTX,LASALLE COUNTY JAIL,703 N MAIN STREET,COTULLA,LA SALLE,TX,78014,SNA,30/03/2014,9/12/93,28.44470279,-99.2366577
locations.csv,"exact latitude, longitude (city)",LASANCO,LAS ANIMAS COUNTY JAIL,2309 EAST MAIN STREET,TRINIDAD,LAS ANIMAS,CO,81082,DEN,2011-04-10,19/03/1997,37.18008478,-104.4856281
sarahs research,"exact latitude, longitude (city)",LASHOLD,LAS CRUCES HOLD ROOM,,Las Cruces,Doña Ana,NM,,,,,32.3265,-106.7893
locations.csv,"exact latitude, longitude (city)",LASWOCA,LAS COLINAS WOMEN'S DETENTION FACILITY,9000 COTTONWOOD AVENUE,SANTEE,SAN DIEGO,CA,92071,SND,,,32.840379,-116.973663
sarahs research,"exact latitude, longitude (city)",LAWINCI,WINN CORRECTIONAL CENTER,,Winnfield,Winn,LA,,,,,31.924,-92.6425
locations.csv,"exact latitude, longitude (city)",LAWREPA,LAWRENCE COUNTY CORRECTIONS,111 SOUTH MILTON STREET,NEW CASTLE,LAWRENCE,PA,16101,PHI,2005-12-12,2003-10-03,40.99906979,-80.33782425
locations.csv,"exact latitude, longitude (city)",LAWRESD,LAWRENCE COUNTY,80 SHERMAN STREET,DEADWOOD,LAWRENCE,SD,57732,SPM,31/05/2009,29/10/1997,44.37513576,-103.7293156
sarahs research,"exact latitude, longitude (city)",LBJHSTX,,,,,TX,,,,,31.0545,-97.5635
locations.csv,"exact latitude, longitude (city)",LBKHOLD,LUBBOCK HOLD ROOM,"1205 TEXAS AVE, SUITE 605",LUBBOCK,LUBBOCK,TX,79401,DAL,2002-06-17,26/04/2014,33.58437,-101.845109
locations.csv,"exact latitude, longitude (city)",LDFHOLD,LOVELAND HOLDROOM,350 E. 7TH STREET,LOVELAND,LARIMER,CO,80537,DEN,30/01/2011,28/01/2011,40.39847612,-105.0725195
locations.csv,"exact latitude, longitude (city)",LEACONM,LEA COUNTY DETENTION CENTER,1401 SOUTH COMMERCIAL STREET,LOVINGTON,LEA,NM,88260,ELP,18/04/2017,21/07/2007,32.93424105,-103.3390551
locations.csv,"exact latitude, longitude (city)",LEECJIL,LEE COUNTY JAIL,122 W. 3RD STREET,DIXON,LEE,IL,61021,CHI,25/07/2006,22/02/1988,41.84141374,-89.48274059
locations.csv,"exact latitude, longitude (city)",LEECOTX,LEE COUNTY JAIL,424 SOUTH MAIN STREET,GIDDINS,GIDDINS,TX,78942,SNA,,,30.165322,-96.944578
locations.csv,"exact latitude, longitude (city)",LEHIGPA,LEHIGH COUNTY JAIL (PENNSYLVANIA),38 N 4TH ST,ALLENTOWN,LEHIGH,PA,18102,PHI,2005-06-07,9/12/86,40.60479398,-75.46572184
sarahs research,"county approximate center only (latitude, longitude)",LEVYCFL,LEVY COUNTY JAIL,,,Levy,FL,,,,,29.3336,-82.5357
locations.csv,"exact latitude, longitude (city)",LEWISMT,LEWIS & CLARK COUNTY JAIL,221 BRECKENRIDGE STREET,HELENA,LEWIS AND CLARK,MT,59601,SLC,29/09/2016,22/01/1991,46.58637942,-112.036538
locations.csv,"exact latitude, longitude (city)",LEWISNY,LEWIS COUNTY JAIL,5252 OUTER STOWE STREET,LOWVILLE,LEWIS,NY,13367,BUF,16/07/2012,9/8/98,43.778601,-75.500889
sarahs research,"county approximate center only (latitude, longitude)",LEXFCKY,,,,Fayette,KY,,,,,38.0423,-84.4587
locations.csv,"exact latitude, longitude (city)",LEXINSC,LEXINGTON COUNTY JAIL,521 GIBSON ROAD,LEXINGTON,LEXINGTON,SC,29072,ATL,2001-11-17,2007-12-10,33.97848075,-81.25083986
sarahs research,Latitude Longitude based only on state,LHMCBMA,LAHEY HOSPITAL & MED CTR,,,,MA,,,,,42.2302,-71.5301
sarahs research,Latitude Longitude based only on state,LICEPLA,LOUISIANA ICE PROCESSING CENTER,,,,LA,,,,,31.1695,-91.8678
locations.csv,"exact latitude, longitude (city)",LIMESTX,LIMESTONE COUNTY DETENTION CENTER,910 NORTH TYUS STREET,GROESBECK,LIMESTONE,TX,76642,SNA,13/07/2013,19/07/1991,31.52878353,-96.51234696
sarahs research,Latitude Longitude based only on state,LIMMCTX,LIMESTON MEDICAL CENTER,,,,TX,,,,,31.0545,-97.5635
locations.csv,"exact latitude, longitude (city)",LINCOCO,LINCOLN COUNTY JAIL,"BOX 10, 103 3RD AVENUE",HUGO,LINCOLN,CO,80821,DEN,27/06/2007,25/01/1997,39.132499,-103.472434
locations.csv,"exact latitude, longitude (city)",LINCOME,LINCOLN COUNTY JAIL,"42 Bath Rd, Wiscasset, ME 04578",WISCASSETT,LINCOLN,ME,4578,BOS,22/01/2006,2011-08-03,44.004991,-69.669542
locations.csv,"exact latitude, longitude (city)",LINCOMO,LINCOLN COUNTY DETENTION CENTER,65 BUSINESS PARK DRIVE,TROY,LINCOLN,MO,63379,CHI,2004-11-17,28/02/2000,38.97101443,-90.96348024
locations.csv,"exact latitude, longitude (city)",LINCONE,LINCOLN COUNTY JAIL,3020 N JEFFERS,NORTH PLATTE,LINCOLN,NE,69101,SPM,2002-10-03,24/08/1992,41.107277,-100.764118
locations.csv,"exact latitude, longitude (city)",LINCOWY,LINCOLN COUNTY JAIL,"1032 Beech Ave Kemmerer, WY 83101",KEMMERER,JASPER,WY,83101,DEN,2005-03-08,14/12/2007,41.7931166,-110.5416241
locations.csv,"exact latitude, longitude (city)",LINNCOR,LINN CO JAIL,1115 JACKSON STREET SOUTHEAST,ALBANY,LINN,OR,97322,SEA,2002-06-15,28/02/1991,44.62942952,-123.0978208
locations.csv,"exact latitude, longitude (city)",LINNJIA,LINN COUNTY JAIL,53 3RD AVENUE BRIDGE,CEDAR RAPIDS,LINN,IA,52401,SPM,2004-11-17,28/01/1994,41.97529487,-91.67008471
sarahs research,Latitude Longitude based only on state,LIRSFCO,LIRS - LFSRM FORT COLLINS LTFC CO,,,,CO,,,,,39.0598,-105.3111
locations.csv,"exact latitude, longitude (city)",LIRSJUV,LUTHERAN IMMIGRATION AND REFERRAL SERVICES,700 LIGHT STREET,BALTIMORE,BALTIMORE CITY,MD,21230,BAL,,,39.28076095,-76.61331384
locations.csv,"exact latitude, longitude (city)",LIVINNY,LIVINGSTON COUNTY JAIL,4 COURT STREET,GENESEO,LIVINGSTON,NY,14454,BUF,2004-11-17,22/11/1996,42.800297,-77.816272
locations.csv,"exact latitude, longitude (city)",LKLNDLA,LAKELAND NURSING HOME,81 HILLSDALE DR.,PINEVILLE,RAPIDES,LA,71360,NOL,21/05/2009,2011-05-04,31.3402,-92.39921
locations.csv,"exact latitude, longitude (city)",LKWDSMN,LAKE OF THE WOODS COUNTY JAIL,"808 2ND ST., SE",BAUDETTE,LAKE OF THE WOODS,MN,56623,SPM,2011-01-07,2010-01-07,48.7105187,-94.5992934
locations.csv,"exact latitude, longitude (city)",LLUMCCA,LOMA LINDA UNIVERSITY MED CENTER,11234 ANDERSON STREET,LOMA LINDA,SAN BERNARDINO,CA,92354,LOS,26/10/2017,2008-10-14,34.04911185,-117.2634355
sarahs research,"exact latitude, longitude (city)",LOCMHNY,,,,,NY,,,,,42.1657,-74.9481
locations.csv,"exact latitude, longitude (city)",LOGANCO,LOGAN COUNTY JAIL,110 NORTH RIVERVIEW ROAD,STERLING,LOGAN,CO,80751,DEN,15/11/2007,27/09/1990,40.6243337,-103.1791793
sarahs research,"county approximate center only (latitude, longitude)",LOGANOK,LOGAN COUNTY JAIL,,,Logan,OK,,,,,35.8424,-97.4366
locations.csv,"exact latitude, longitude (city)",LONOKAR,LONOKE COUNTY DETENTION,3RD AND WRIGHT STREET,LONOKE,LONOKE,AR,72086,NOL,19/12/2004,11/2/98,34.7876874,-91.8980025
locations.csv,"exact latitude, longitude (city)",LONPDAR,LONOKE POLICE DEPARTMENT,203 W. FRONT STREET,LONOKE,LONOKE,AR,72086,NOL,2004-11-17,2012-03-02,34.5416135,-91.7548073
locations.csv,"exact latitude, longitude (city)",LOSCJCA,LOS ANGELES COUNTY JAIL,450 BAUCHET STREET,LOS ANGELES,LOS ANGELES,CA,90012,LOS,24/11/2013,22/10/1980,34.05905809,-118.2313412
locations.csv,"exact latitude, longitude (city)",LOSHOLD,LOS ANGELES CUSTODY CASE,300 N. LOS ANGELES ST. RM B-18,SAN PEDRO,LOS ANGELES,CA,90731,LOS,2004-11-17,1/1/83,34.054044,-118.239721
locations.csv,"exact latitude, longitude (city)",LOSPACA,LOS PADRINOS JUVENILE HALL,7285 QUILL DRIVE,DOWNEY,LOS ANGELES,CA,90242,LOS,2006-04-03,8/1/98,33.93573634,-118.1618771
locations.csv,"exact latitude, longitude (city)",LOUCOVA,LOUDOUN COUNTY JAIL,42035 LOUDOUN CENTER PLACE,LEESBURG,LOUDOUN,VA,20175,WAS,23/02/2010,15/08/1994,39.075238,-77.544925
locations.csv,"exact latitude, longitude (city)",LOUHOLD,LOUISVILLE HOLD ROOM,400 S 6TH STREET,LOUISVILLE,JEFFERSON,KY,40202,CHI,2009-10-17,2009-01-14,38.25320155,-85.76107196
locations.csv,"exact latitude, longitude (city)",LOYMCIL,LOYOLA MEDICAL CENTER,2160 S. FIRST AVE.,MAYWOOD,COOK,IL,60153,CHI,2004-11-10,13/07/2006,41.86058,-87.834527
sarahs research,Latitude Longitude based only on state,LPAPSAZ,LA PALMA CORR CTR APSO,,,,AZ,,,,,33.7298,-111.4312
sarahs research,"exact latitude, longitude (city)",LPD77CA,LOS ANGELES POLICE PD 77TH DIV.,,Los Angeles,Los Angeles,CA,,,,,34.1141,-118.4068
sarahs research,Latitude Longitude based only on state,LPZRHAZ,LA PAZ REGIONAL HOSPITAL,,,,AZ,,,,,33.7298,-111.4312
locations.csv,,LRAHOLD,LITTLE ROCK HOLD ROOM,UNAVAILABLE,LITTLE ROCK,PULASKI,AR,72201,NOL,,,34.9697,-92.3731
locations.csv,"exact latitude, longitude (city)",LRDHOLD,LAREDO DETENTION CENTER HOLD ROOM,4702 EAST SAUNDERS STREET,LAREDO,WEBB,TX,78041,SNA,2012-06-17,25/05/2011,27.529078,-99.44792
locations.csv,"exact latitude, longitude (city)",LRDICDF,LAREDO PROCESSING CENTER,4702 EAST SAUNDERS STREET,LAREDO,WEBB,TX,78041,SNA,2004-11-17,20/06/1983,27.5294764,-99.44777311
sarahs research,Latitude Longitude based only on state,LRDMCTX,LAREDO MEDICAL CENTER,,,,TX,,,,,31.0545,-97.5635
sarahs research,Latitude Longitude based only on state,LRKBHFL,LARKIN BEHAVIORAL HEALTH SVCS,,,,FL,,,,,27.7663,-81.6868
locations.csv,"exact latitude, longitude (city)",LRKNHFL,LARKIN HOSPITAL,6129 SW 70TH ST,SOUTH MIAMI,MIAMI-DADE,FL,33143,MIA,2004-11-17,18/03/2009,25.7062706,-80.29266702
locations.csv,"exact latitude, longitude (city)",LSFHOLD,LOS FRESNOS HOLD ROOM,"213 Orive Blvd, Los Fresnos, TX 78566",LOS FRESNOS,CAMERON,TX,78566,SNA,15/03/2016,12/6/00,26.0745673,-97.5121806
locations.csv,"exact latitude, longitude (city)",LSHOSMA,LEMUEL SHATTUCK HOSPITAL,170 MORTON STREET,JAMAICA PLAIN,SUFFOLK,MA,2130,BOS,2007-08-16,14/04/1994,42.2999102,-71.1063401
locations.csv,"exact latitude, longitude (city)",LSRDCTX,LA SALLE COUNTY REGIONAL DETENTION CENTER,832 EAST TEXAS STATE HIGHWAY 44,ENCINAL,LA SALLE,TX,78019,SNA,2004-11-17,2010-06-11,28.045288,-99.336083
sarahs research,"exact latitude, longitude (city)",LTVHOLD,,,Lorton,Fairfax,VA,,,,,38.6983,-77.2164
locations.csv,"exact latitude, longitude (city)",LUBBOTX,LUBBOCK COUNTY DETENTION CENTER,811 MAIN STREET,LUBBOCK,LUBBOCK,TX,79401,DAL,30/10/2017,2002-01-07,33.5854229,-101.8434337
locations.csv,"exact latitude, longitude (city)",LUFKNTX,LUFKIN POLICE DEPARTMENT,300 E. SHEPHERD STREET,LUFKIN,ANGELINA,TX,75901,HOU,,,31.336934,-94.726863
locations.csv,"exact latitude, longitude (city)",LUNCONM,LUNA COUNTY DETENTION CENTER,1700 4TH STREET NORTHEAST,DEMING,LUNA,NM,88030,ELP,2003-06-11,15/08/1997,32.275782,-107.777403
locations.csv,"exact latitude, longitude (city)",LVGCINV,LAS VEGAS CITY JAIL,LAS VEGAS CITY JAIL,LAS VEGAS,CLARK,NV,89101,SLC,26/01/2005,1/6/91,36.166628,-115.100271
locations.csv,"exact latitude, longitude (city)",LVGHOLD,LAS VEGAS HOLD ROOM,3373 PEPPER LANE,LAS VEGAS,CLARK,NV,89120,SLC,29/10/2017,22/10/2008,36.0583473,-115.2251266
sarahs research,"exact latitude, longitude (city)",LVYHOPA,,,,,PA,,,,,40.5908,-77.2098
locations.csv,"exact latitude, longitude (city)",LYOLAIL,LOYOLA CENTER FOR HEALTH,1211 W ROOSEVELT RD,MAYWOOD,COOK,IL,60153,CHI,2012-10-17,2006-12-16,41.86428869,-87.84715661
locations.csv,"exact latitude, longitude (city)",LYONCMN,LYON COUNTY JAIL,611 WEST MAIN ST.,MARSHALL,LYON,MN,56258,SPM,22/02/2004,16/07/1996,44.45052154,-95.79397888
locations.csv,"exact latitude, longitude (city)",LYONJIA,LYON COUNTY JAIL,410 SOUTH BOONE STREET,ROCK RAPIDS,LYON,IA,51246,SPM,2006-01-03,30/03/1998,43.4274954,-96.16940686
locations.csv,"exact latitude, longitude (city)",MABSHOS,BRIDGEWATER STATE HOSPITAL,BRIDGEWATER STATE HOSPITAL,BRIDGEWATER,PLYMOUTH,MA,2324,BOS,2011-06-15,9/11/00,41.9466983,-70.9526157
locations.csv,"exact latitude, longitude (city)",MACCOMI,MACOMB COUNTY JAIL,43565 ELIZABETH ROAD,MOUNT CLEMENS,MACOMB,MI,48043,DET,13/10/2011,29/10/1990,42.61252834,-82.88227369
locations.csv,"exact latitude, longitude (city)",MACONIL,MACON COUNTY JUVENILE FACILITY,333 S. FRANKLIN,DECATUR,MACON,IL,62523,CHI,24/08/1992,17/08/1990,39.839246,-88.953166
locations.csv,"exact latitude, longitude (city)",MADISIA,MADISON COUNTY JAIL,1012 NORTH 1ST STREET,WINTERSET,MADISON,IA,50273,SPM,2002-10-02,10/4/00,41.343417,-94.013567
locations.csv,"exact latitude, longitude (city)",MADISID,MADISON COUNTY JAIL,15 NORTH 2ND STREET EAST,REXBURG,MADISON,ID,83440,SLC,19/08/2012,20/03/1998,43.827089,-111.779306
locations.csv,"exact latitude, longitude (city)",MADISLA,MADISON PARISH DET CENTER,RT 3 BOX 3,TALLULAH,MADISON,LA,71282,NOL,2003-03-04,2002-03-04,32.393409,-91.204677
locations.csv,"exact latitude, longitude (city)",MADISMS,MADISON COUNTY,2935 HIGHWAY 51,CANTON,MADISON,MS,39046,NOL,2011-11-04,9/12/92,32.643411,-90.023566
locations.csv,"exact latitude, longitude (city)",MADISNE,MADISON COUNTY JAIL,CLARA DAVIS DR,MADISON,MADISON,NE,68748,SPM,20/06/2007,10/4/96,41.8445326,-97.4568932
locations.csv,"exact latitude, longitude (city)",MADISNY,MADISON COUNTY JAIL,138 NORTH COURT STREET,WAMPSVILLE,MADISON,NY,13163,BUF,15/09/2013,24/10/1987,43.080706,-75.707453
locations.csv,"exact latitude, longitude (city)",MAHONOH,MAHONING COUNTY JAIL,110 FIFTH AVENUE,YOUNGSTOWN,MAHONING,OH,44503,DET,29/04/2012,16/01/2004,41.104242,-80.654914
locations.csv,"exact latitude, longitude (city)",MALHCOR,MALHEUR COUNTY JAIL,251 B STREET,VALE,MALHEUR,OR,97918,SEA,2007-02-01,14/06/1999,43.8633413,-117.6107276
locations.csv,"exact latitude, longitude (city)",MANATFL,MANATEE COUNTY DETENTION-ANNEX,11490 HARLEE RD.,PALMETTO,MANATEE,FL,34221,MIA,28/10/2004,18/03/1993,27.641239,-82.535283
locations.csv,"exact latitude, longitude (city)",MANHOLD,MANCHESTER HOLDROOM,811 CANAL STREET,MANCHESTER,HILLSBOROUGH,NH,3101,BOS,29/08/2017,2010-01-11,42.99851926,-71.46659763
locations.csv,"exact latitude, longitude (city)",MANSFTX,MANSFIELD LAW ENFORCEMENT CENTER,1601 HERITAGE PARKWAY,MANSFIELD,TARRANT,TX,76063,DAL,2009-02-04,24/07/1998,32.554109,-97.110843
locations.csv,"exact latitude, longitude (city)",MAPLEOH,MAPLE HEIGHTS CITY JAIL,5373 LEE ROAD,MAPLE HEIGHTS,SUMMIT,OH,44137,DET,30/03/2011,16/12/1999,41.414988,-81.565423
locations.csv,"exact latitude, longitude (city)",MARICOR,MARION COUNTY JAIL,4000 AUMSVILLE HIGHWAY SE,SALEM,MARION,OR,97301,SEA,17/01/2008,21/06/1990,44.891436,-122.9572791
locations.csv,"exact latitude, longitude (city)",MARINCA,MARIN COUNTY,3 PETER BEHR DRIVE,SAN RAFAEL,MARIN,CA,94903,SFR,28/11/2002,29/04/1997,37.99688967,-122.5289549
sarahs research,"county approximate center only (latitude, longitude)",MARIOFL,MARION COUNTY JAIL,,,Marion,FL,,,,,29.178,-82.1511
locations.csv,"exact latitude, longitude (city)",MARIOIN,MARION COUNTY JAIL,40 SOUTH ALABAMA STREET,INDIANAPOLIS,MARION,IN,46204,CHI,2004-11-17,22/12/1993,39.765936,-86.15358438
locations.csv,"exact latitude, longitude (city)",MARSHIA,MARSHALL COUNTY JAIL,2369 JESSUP AVENUE,MARSHALLTOWN,MARSHALL,IA,50158,SPM,2004-11-17,6/2/92,42.010496,-93.05982
locations.csv,"exact latitude, longitude (city)",MARSHMN,MARSHAL COUNTY JAIL,208 E. COLVIN AVE,WARRENTON,MARSHALL,MN,56762,SPM,,,48.195554,-96.768627
locations.csv,"exact latitude, longitude (city)",MARTIFL,MARTIN COUNTY JAIL,800 SOUTHEAST MONTEREY ROAD,STUART,MARTIN,FL,34994,MIA,2011-02-14,6/10/93,27.175606,-80.239852
locations.csv,"exact latitude, longitude (city)",MARTIWA,MARTIN HALL JUVENILE,201 S PINE ST,MEDICAL LAKE,SPOKANE,WA,99022,SEA,14/03/2004,16/03/1998,47.570502,-117.696595
locations.csv,"exact latitude, longitude (city)",MASONWA,MASON COUNTY JAIL,411 NORTH 4TH STREET,SHELTON,MASON,WA,98584,SEA,2005-01-03,2002-01-03,47.21560816,-123.1033484
locations.csv,"exact latitude, longitude (city)",MATEWKS,TEWKSBURY STATE HOSPITAL,918 MAIN STREET,TEWKSBURY,MIDDLESEX,MA,1876,BOS,2005-03-09,20/01/2009,42.613319,-71.23592
locations.csv,"exact latitude, longitude (city)",MATSHOS,TAUNTON STATE HOSPITAL,23 SUMMER STREET,TAUNTON,BRISTOL,MA,2780,BOS,2002-10-17,26/05/2005,41.9009817,-71.0892959
locations.csv,"exact latitude, longitude (city)",MAVERTX,MAVERICK COUNTY JAIL,1051 BALBOA JONES BOULEVARD,EAGLE PASS,MAVERICK,TX,78852,SNA,15/06/2015,4/3/92,28.7193239,-100.4599858
sarahs research,"exact latitude, longitude (city)",MCAHOLD,MCALLEN HOLD ROOM,,Mcallen,Hidalgo,TX,,,,,26.2252,-98.2467
locations.csv,"exact latitude, longitude (city)",MCCDCTX,MCLENNAN COUNTY DETENTION CENTER,520 COLUMBUS AVE,WACO,MCLENNAN,TX,76705,SNA,2010-04-11,2008-02-05,31.55812353,-97.13398424
locations.csv,"exact latitude, longitude (city)",MCCLETX,MCCLELLAN COUNTY JAIL,501 WASHINGTON AVENUE,WACO,MCLENNAN,TX,76701,SNA,23/05/2013,22/07/1999,31.557534,-97.133016
locations.csv,"exact latitude, longitude (city)",MCESTAZ,MARICOPA ESTRELLA - PHO,2939 WEST DURANGO,PHOENIX,MARICOPA,AZ,85009,PHO,18/07/2000,9/3/98,33.42767815,-112.1240951
locations.csv,"exact latitude, longitude (city)",MCFAJAZ,MARICOPA COUNTY JAIL,201 SOUTH 4TH AVENUE,PHOENIX,MARICOPA,AZ,85003,PHO,2012-09-12,2003-10-07,33.4455438,-112.0782984
sarahs research,"exact latitude, longitude (city)",MCHALMN,,,,,MN,,,,,45.6945,-93.9002
locations.csv,"exact latitude, longitude (city)",MCHENIL,MCHENRY COUNTY CORRECTIONAL FACILITY,2200 NORTH SEMINARY AVENUE,WOODSTOCK,MCHENRY,IL,60098,CHI,2004-11-17,24/12/1987,42.3370015,-88.4431677
locations.csv,"exact latitude, longitude (city)",MCINTGA,MCINTOSH COUNTY JAIL,714 HWY 251,DARIEN,MCINTOSH,GA,31305,ATL,14/08/2006,2009-08-06,31.408816,-81.455941
locations.csv,"exact latitude, longitude (city)",MCJUVOH,MULTI COUNTY,815 FAIRCREST STREET SW,CANTON,STARK,OH,44706,DET,2001-08-04,26/09/1997,40.7509224,-81.4018694
locations.csv,"exact latitude, longitude (city)",MCKINNM,MCKINLEY COUNTY ADULT DETENTION,255 S. BOARDMAN,GALLUP,MCKINLEY,NM,87301,ELP,2003-06-07,17/11/2003,35.5021729,-108.7332668
locations.csv,"exact latitude, longitude (city)",MCLBJAZ,MARICOPA LOWER BUCKEYE JAIL- PHO,3250 W LOWER BUCKEYE RD,PHOENIX,MARICOPA,AZ,85009,PHO,,,33.4244736,-112.1296098
locations.csv,"exact latitude, longitude (city)",MCMADAZ,MCSO MADISON FACILITY,225 W. MADISON,PHOENIX,MARICOPA,AZ,85003,PHO,2002-12-04,3/7/91,33.445574,-112.077051
locations.csv,"exact latitude, longitude (city)",MCMEDAZ,MARICOPA MEDICAL CENTER,"1035 E Jefferson St, Suite B, Phoenix, Arizona",PHOENIX,MARICOPA,AZ,85038,PHO,16/05/2013,18/09/1997,33.446667,-112.059446
locations.csv,"exact latitude, longitude (city)",MCSPEAZ,MCSO SPECIAL USE FACILITY,120 S. 1ST AVENUE,PHOENIX,MARICOPA,AZ,85003,PHO,8/10/98,1/10/98,33.44684355,-112.0751886
locations.csv,"exact latitude, longitude (city)",MCTOWAZ,MARICOPA TOWERS - PHO,3127 W. GIBSON LANE,PHOENIX,MARICOPA,AZ,85009,PHO,23/11/1999,20/11/1991,33.42706044,-112.124019
sarahs research,"exact latitude, longitude (city)",MDLNDNE,,,,,NE,,,,,41.4925,-99.9018
locations.csv,"exact latitude, longitude (city)",MEADESD,MEADE COUNTY,1400 MAIN STREET,STURGIS,MEADE,SD,57785,SPM,2003-11-08,28/04/1997,44.41453,-103.515705
locations.csv,"exact latitude, longitude (city)",MECKLN2,MECKLENBURG COUNTY JAIL CENTRAL,801 EAST FOURTH ST,CHARLOTTE,MECKLENBURG,NC,28202,ATL,,,35.220405,-80.836156
locations.csv,"exact latitude, longitude (city)",MECKLNC,MECKLENBURG COUNTY DETENTION CENTER NORTH,5234 SPECTOR DRIVE,CHARLOTTE,MECKLENBURG,NC,28202,ATL,2004-11-17,15/03/1988,35.31491702,-80.84112443
locations.csv,"exact latitude, longitude (city)",MEDHOLD,MEDFORD SUB-OFFICE,310 WEST 6TH STREET,MEDFORD,JACKSON,OR,97501,SEA,25/02/2013,16/10/1995,42.32540398,-122.8769674
locations.csv,"exact latitude, longitude (city)",MEDINOH,MEDINA COUNTY JAIL,555 INDEPENDENCE DRIVE,MEDINA,MEDINA,OH,44256,DET,2011-11-02,12/3/99,41.1280226,-81.88880723
locations.csv,"exact latitude, longitude (city)",MEDINTX,MEDINA COUNTY JAIL,1101 15TH STREET,HONDO,MEDINA,TX,78861,SNA,2004-03-07,13/05/1993,29.351148,-99.141781
sarahs research,"exact latitude, longitude (city)",MEHOSCA,,,,,CA,,,,,36.1162,-119.6816
locations.csv,"exact latitude, longitude (city)",MEJUVTX,MEDINA COUNTY JUVENILE CORRECTIONAL,2516 MCHAUGHTEN DR.,HONDO,MEDINA,TX,78861,SNA,21/02/2007,18/05/1993,29.358365,-99.155305
sarahs research,"exact latitude, longitude (city)",MEMCRCA,,,,,CA,,,,,36.1162,-119.6816
sarahs research,"exact latitude, longitude (city)",MEMHOCA,,,,,CA,,,,,36.1162,-119.6816
locations.csv,"exact latitude, longitude (city)",MEMHOLD,MEMPHIS HOLD ROOM,842 VIRGINIA RUN COVE,MEMPHIS,SHELBY,TN,38122,NOL,24/10/2017,2002-04-10,35.15751129,-89.88252957
locations.csv,"exact latitude, longitude (city)",MEMPHTN,MEMPHIS/SHELBY COUNTY JUVENILE,616 ADAMS AVENUE,MEMPHIS,SHELBY,TN,38105,NOL,2001-11-06,18/04/1987,35.1462884,-90.044533
sarahs research,"exact latitude, longitude (city)",MEMRHFL,,,,,FL,,,,,27.7663,-81.6868
locations.csv,"exact latitude, longitude (city)",MENMJUV,NORTHERN MAINE JUVENILE DETENTION,1182 DOVER ROAD,CHARLESTON,PENOBSCOT,ME,4422,BOS,21/08/2006,18/06/2003,45.09154852,-69.09008712
locations.csv,"exact latitude, longitude (city)",MERCECA,MERCED COUNTY JAIL,"700 W. 22nd St.Merced, CA 95340",MERCED,MERCED,CA,95344,SFR,,,37.307502,-120.483676
locations.csv,"exact latitude, longitude (city)",MERCEPA,MERCER COUNTY,55 THOMPSON ROAD,MERCER,MERCER,PA,16137,PHI,17/07/2008,2011-05-04,41.46044551,-80.21536751
sarahs research,"exact latitude, longitude (city)",MERCYFL,,,,,FL,,,,,27.7663,-81.6868
locations.csv,"exact latitude, longitude (city)",MERRINH,MERRIMACK COUNTY JAIL,326 DANIEL WEBSTER HIGHWAY,BOSCAWAN,MERRIMACK,NH,3301,BOS,2009-09-03,22/09/1994,43.359433,-71.64642
locations.csv,"exact latitude, longitude (city)",MESJACO,MESA COUNTY JAIL,215 RICE STREET,GRAND JUNCTION,MESA,CO,81501,DEN,14/04/2014,1/11/90,39.068602,-108.5740444
sarahs research,Latitude Longitude based only on state,METHOTX,METHODIST HOSPITAL,,,,TX,,,,,31.0545,-97.5635
locations.csv,"exact latitude, longitude (city)",METROFL,METRO DADE JAIL,5680 SOUTHWEST 87TH AVENUE,MIAMI,MIAMI-DADE,FL,33173,MIA,18/09/2008,8/10/88,25.7153218,-80.3360369
locations.csv,"exact latitude, longitude (city)",MEYTHCT,MAINE YOUTH CENTER - LONG CREEK,675 WESTBROOK ST.,SOUTH PORTLAND,CUMBERLAND,ME,4106,BOS,30/09/2017,2002-05-01,43.6395847,-70.3089901
locations.csv,,MGAHOLD,MONTGOMERY HOLD ROOM,UNAVAILABLE,MONTGOMERY,MONTGOMERY,AL,36191,NOL,,,32.8067,-86.7911
sarahs research,"exact latitude, longitude (city)",MHCHSMI,,,,,MI,,,,,43.3266,-84.5361
sarahs research,Latitude Longitude based only on state,MHFSHMN,M HEALTH FAIRVIEW SOUTHDALE HOSP,,,,MN,,,,,45.6945,-93.9002
sarahs research,Latitude Longitude based only on state,MHMSATX,METHODIST HOSPITAL METROPOLITAN,,,,TX,,,,,31.0545,-97.5635
sarahs research,Latitude Longitude based only on state,MHNHHTX,MEMORIAL HERMANN NE HOSP,,,,TX,,,,,31.0545,-97.5635
sarahs research,Latitude Longitude based only on state,MHNSATX,METHODIST HOSPITAL NORTHEAST,,,,TX,,,,,31.0545,-97.5635
sarahs research,"exact latitude, longitude (city)",MHRHOPA,,,,,PA,,,,,40.5908,-77.2098
sarahs research,Latitude Longitude based only on state,MHSOSTX,METHODIST HOSPITAL STONE OAK,,,,TX,,,,,31.0545,-97.5635
sarahs research,Latitude Longitude based only on state,MHTFHOH,MERCY HEALTH - TIFFIN HOSPITAL,,,,OH,,,,,40.3888,-82.7649
sarahs research,Latitude Longitude based only on state,MHTSATX,METHODIST HOSPITAL TEXSAN,,,,TX,,,,,31.0545,-97.5635
locations.csv,"exact latitude, longitude (city)",MIAHOLD,MIAMI DISTRICT,15665 BISCAYNE BOULEVARD,MIAMI,MIAMI-DADE,FL,33160,MIA,2004-11-17,13/08/2004,25.9199582,-80.15496114
locations.csv,"exact latitude, longitude (city)",MICHIRE,CHIPPEWA REGIONAL-KINCHLOE,4269 W M 80,KINCHELOE,COUNTY,MI,49788,DET,,,46.259624,-84.453107
locations.csv,"exact latitude, longitude (city)",MIDBIMA,MIDDLESEX COUNTY (BILLERICA),40 THORNDIKE STREET,CAMBRIDGE,MIDDLESEX,MA,2141,BOS,16/01/2009,2012-01-09,42.36948,-71.0794
locations.csv,"exact latitude, longitude (city)",MIDDLNJ,MIDDLESEX COUNTY JAIL,APPLE ORCHARD ROAD,NORTH BRUNSWICK,MIDDLESEX,NJ,8902,NEW,28/10/2009,12/6/89,40.421388,-74.488991
locations.csv,"exact latitude, longitude (city)",MIDLATX,MIDLAND COUNTY DETENTION CENTER,115 W. INDUSTRIAL ROAD,MIDLAND,MIDLAND,TX,79702,ELP,26/10/2017,2007-07-11,31.993732,-102.076911
sarahs research,"county approximate center only (latitude, longitude)",MIDMHTX,MIDLAND MEMORIAL HOSPITAL,,,Midland,TX,,,,,32.0243,-102.1147
locations.csv,"exact latitude, longitude (city)",MIJUVSD,MINNEHAHA JUVENILE DETENTION CENTER,4200 WEST AVENUE,SIOUX FALLS,MINNEHAHA,SD,57106,SPM,21/06/2006,17/02/1997,43.505989,-96.745316
locations.csv,"exact latitude, longitude (city)",MILHOLD,MILWAUKEE HOLDROOM,310 E. KNAPP STREET,MILWAUKEE,MILWAUKEE,WI,53201,CHI,2011-10-17,2001-01-11,43.0475026,-87.9078194
locations.csv,"exact latitude, longitude (city)",MILLRAR,MILLER COUNTY JAIL,2300 EAST STREET,TEXARKANA,MILLER,AR,71854,NOL,2002-11-17,16/07/2003,33.39980132,-94.02270787
locations.csv,"exact latitude, longitude (city)",MINERMT,MINERAL COUNTY JAIL,310 RIVER STREET,SUPERIOR,MINERAL,MT,59872,SLC,2005-04-09,15/04/1997,47.1918156,-114.8912635
locations.csv,"exact latitude, longitude (city)",MINICID,MINICASSIA DETENTION CENTER,1415 ALBION AVENUE,BURLEY,CASSIA,ID,83318,SLC,2004-11-17,5/1/92,42.53528029,-113.7918093
locations.csv,"exact latitude, longitude (city)",MINNESD,MINNEHAHA COUNTY JAIL,500 NORTH MINNESOTA AVENUE,SIOUX FALLS,MINNEHAHA,SD,57104,SPM,29/10/2017,7/4/94,43.5784603,-96.7285574
sarahs research,"exact latitude, longitude (city)",MIRHPRI,,,,,RI,,,,,41.6809,-71.5118
locations.csv,"exact latitude, longitude (city)",MISCOMO,MISSISSIPPI COUNTY DETENTION CENTER,200 WEST COMMERCIAL STREET,CHARLESTON,MISSISSIPPI,MO,63834,CHI,25/03/2015,24/11/1999,36.923458,-89.351767
locations.csv,"exact latitude, longitude (city)",MISS557,SEAL BEACH DETENTION CENTER,913 SEAL BEACH BLVD.,SEAL BEACH,ORANGE,CA,90740,LOS,,,33.75100734,-118.0883479
locations.csv,"exact latitude, longitude (city)",MISSOMT,MISSOULA COUNTY,2340 MULLAN ROAD,MISSOULA,MISSOULA,MT,59808,SLC,27/08/2015,24/02/1993,46.8827745,-114.0271291
locations.csv,"exact latitude, longitude (city)",MIWPRPH,WALTER REUTHER PSYCHIATRIC CENTER,30901 PALMER ROAD,WESTLAND,COUNTY,MI,48186,DET,2011-02-14,15/11/2013,42.29655473,-83.34578967
locations.csv,"exact latitude, longitude (city)",MLDHOLD,"MIDLAND, TX ERO HOLDROOM",400 S. MAIN STREET,MIDLAND,MIDLAND,TX,79701,ELP,20/08/2017,20/02/2013,31.994252,-102.074372
sarahs research,"exact latitude, longitude (city)",MLJHOLD,MOUNT LAUREL HOLD ROOM,,Mount Laurel Township,Burlington,NJ,,,,,39.9659,-74.9643
sarahs research,"exact latitude, longitude (city)",MLPHHMI,,,,,MI,,,,,43.3266,-84.5361
sarahs research,"exact latitude, longitude (city)",MMCCRIA,,,,,IA,,,,,42.0115,-93.2105
sarahs research,"exact latitude, longitude (city)",MMMCSMI,,,,,MI,,,,,43.3266,-84.5361
locations.csv,"exact latitude, longitude (city)",MNCFRUS,MINNESOTA CORRECTIONAL FACILITY (RUSH CITY),7600 525TH STREET,RUSH CITY,CHISAGO,MN,55069,SPM,2001-06-05,1/3/00,45.709511,-92.988748
locations.csv,"exact latitude, longitude (city)",MNCFSTW,MINNESOTA CORRECTIONAL FACILITY (STILLWATER),5329 OSGOOD,STILLWATER,WASHINGTON,MN,55082,SPM,2007-11-02,13/06/1980,45.0411189,-92.8076019
locations.csv,"exact latitude, longitude (city)",MNCOAKC,MINNESOTA CORRECTIONAL FACILITY (OAK PARK HEIGHTS),"5329 N Osgood Ave, Oak Park Heights, MN 55082",STILLWATER,WASHINGTON,MN,55082,SPM,22/12/2008,4/8/95,45.05295206,-92.83115056
locations.csv,"exact latitude, longitude (city)",MNROEMI,MONROE COUNTY DETENTION MAIN,100 EAST 2ND STREET,MONROE,MONROE,MI,48161,DET,13/09/2017,2008-11-13,41.914749,-83.398858
locations.csv,"exact latitude, longitude (city)",MNTGMAL,MONTGOMERY CITY JAIL,320 NORTH RIPLEY STREET,MONTGOMERY,MONTGOMERY,AL,36104,NOL,2002-11-17,26/05/2011,32.38155571,-86.29825808
sarahs research,"exact latitude, longitude (city)",MOAHOLD,MOBILE HOLDROOM,,Mobile,Mobile,AL,,,,,30.6782,-88.1162
locations.csv,"exact latitude, longitude (city)",MOFFECO,MOFFAT COUNTY JAIL,800 WEST 1ST STREET,CRAIG,MOFFAT,CO,81625,DEN,2004-11-17,12/12/91,40.50679779,-107.5585057
locations.csv,"exact latitude, longitude (city)",MOHAVAZ,MOHAVE COUNTY CORRECTIONAL CENTER,415 PINE STREET,KINGMAN,MOHAVE,AZ,86401,PHO,,,35.1923041,-114.051336
locations.csv,"exact latitude, longitude (city)",MONCJAL,MONTGOMERY CITY JAIL,103 NORTH PERRY STREET,MONTGOMERY,MONTGOMERY,AL,36104,NOL,2011-02-16,14/11/2006,32.37877969,-86.30762302
locations.csv,"exact latitude, longitude (city)",MONMONJ,MONMOUTH COUNTY CORRECTIONAL INSTITUTION,1 WATERWORKS ROAD,FREEHOLD,MONMOUTH,NJ,7728,NYC,17/01/2014,9/8/89,40.2678971,-74.28696232
locations.csv,"exact latitude, longitude (city)",MONONIA,MONONA COUNTY JAIL (IOWA),909 7TH STREET,ONAWA,MONONA,IA,51040,SPM,2010-02-03,14/11/1996,42.02690062,-96.09298718
locations.csv,"exact latitude, longitude (city)",MONROFL,MONROE COUNTY DETENTION CENTER,5501 COLLEGE ROAD,KEY WEST,MONROE,FL,33040,MIA,2004-11-17,20/09/1995,24.57218474,-81.74893038
locations.csv,"exact latitude, longitude (city)",MONROMI,MONROE COUNTY DETENTION-DORM,7000 EAST DUNBAR ROAD,MONROE,MONROE,MI,48161,DET,2004-11-17,13/07/1995,41.893515,-83.394064
locations.csv,"exact latitude, longitude (city)",MONRONY,MONROE COUNTY JAIL,130 PLYMOUTH AVENUE SOUTH,ROCHESTER,MONROE,NY,14614,BUF,2001-11-09,30/11/1987,43.152392,-77.614157
locations.csv,"exact latitude, longitude (city)",MONTECA,MONTEREY COUNTY,1410 Natividad Road,SALINAS,MONTEREY,CA,93906,LOS,2/10/97,29/09/1997,36.702649,-121.6317417
locations.csv,"exact latitude, longitude (city)",MONTECO,MONTEZUMA COUNTY JAIL,730 EAST DRISCOLL STREET,CORTEZ,MONTEZUMA,CO,81321,DEN,13/09/2007,3/6/92,37.3579619,-108.5718486
locations.csv,"exact latitude, longitude (city)",MONTGAL,MONTGOMERY COUNTY MAC SIM BUTLER DETENTION FACILIT,250 MCDONOUGH STREET,MONTGOMERY,MONTGOMERY,AL,36103,NOL,,,39.760184,-84.179834
locations.csv,"exact latitude, longitude (city)",MONTGMO,MONTGOMERY COUNTY JAIL,211 EAST THIRD STREET,MONTGOMERY CITY,MONTGOMERY,MO,63361,CHI,2004-11-17,26/06/1998,38.979586,-91.504377
locations.csv,"exact latitude, longitude (city)",MONTGNY,MONTGOMERY COUNTY JAIL,PARK STREET,FONDA,MONTGOMERY,NY,12068,BUF,19/05/2009,15/10/1987,42.9529841,-74.3740641
locations.csv,"exact latitude, longitude (city)",MONTGPA,MONTGOMERY COUNTY CORRECTIONAL FACILITY,60 EAGLEVILLE ROAD,NORRISTOWN,MONTGOMERY,PA,19403,PHI,13/07/2015,16/03/1987,40.15904,-75.422263
locations.csv,"exact latitude, longitude (city)",MONTGTX,JOE CORLEY DETENTION FACILITY,500 HILBIG RD.,CONROE,MONTGOMERY,TX,77301,HOU,2004-11-17,16/08/2008,30.3359939,-95.44819816
locations.csv,"exact latitude, longitude (city)",MONTRCO,MONTROSE COUNTY JAIL,1200 NORTH GRAND AVENUE,MONTROSE,MONTROSE,CO,81401,DEN,29/06/2008,30/04/1991,38.485115,-107.890298
locations.csv,"exact latitude, longitude (city)",MORGACO,MORGAN COUNTY JAIL,801 EAST BEAVER AVENUE,FORT MORGAN,MORGAN,CO,80701,DEN,29/04/2009,13/09/1991,40.251332,-103.789522
locations.csv,"exact latitude, longitude (city)",MORGNMO,MORGAN COUNTY ADULT DETENTION CENTER,211 EAST NEWTON STREET,VERSAILLES,MORGAN,MO,65084,CHI,2004-11-17,28/02/2003,38.43162758,-92.83975127
locations.csv,"exact latitude, longitude (city)",MOROWOH,MORROW COUNTY CORRECTIONAL FACILITY,101 HOME ROAD,MOUNT GILEAD,MORROW,OH,43338,DET,2004-11-17,28/08/2009,40.5599306,-82.80671785
locations.csv,"exact latitude, longitude (city)",MORRINJ,MORRIS COUNTY JAIL,23 COURT STREET,MORRISTOWN,MORRIS,NJ,7960,NEW,18/11/1997,21/06/1989,40.79711892,-74.48455325
locations.csv,"exact latitude, longitude (city)",MOUNTND,MOUNTRAIL COUNTY JAIL,101 NORTH MAIN STREET,STANLEY,MOUNTRAIL,ND,58784,SPM,13/12/2010,29/07/1996,48.320834,-102.390752
locations.csv,"exact latitude, longitude (city)",MOYOUMI,MONROE COUNTY YOUTH CENTER,3600 SOUTH CUSTER ROAD,MONROE,MONROE,MI,48161,DET,23/09/2003,9/4/98,41.93096983,-83.45908938
locations.csv,"exact latitude, longitude (city)",MPSIPAN,SAIPAN DEPARTMENT OF CORRECTIONS (SUSUPE),"Susupe, Saipan 96950, CNMI",SAIPAN,SAIPAN,MP,96950,SFR,22/05/2013,2007-06-11,15.156223,145.703679
sarahs research,Latitude Longitude based only on state,MRMCSCA,MARIAN REGIONAL MEDICAL CENTER,,,,CA,,,,,36.1162,-119.6816
sarahs research,Latitude Longitude based only on state,MRREGVA,MIDDLE RIVER REGIONAL JAIL,,,,VA,,,,,37.7693,-78.17
sarahs research,Latitude Longitude based only on state,MRYHOMO,MERCY HOSPITAL SOUTH,,,,MO,,,,,38.4561,-92.2884
sarahs research,"exact latitude, longitude (city)",MRYHPMN,,,,,MN,,,,,45.6945,-93.9002
locations.csv,"exact latitude, longitude (city)",MSF,MIAMI STAGING FACILITY,"33 NE 4th St, Miami, FL 33132",MIAMI,MIAMI-DADE,FL,33101,MIA,2001-11-17,2003-01-10,25.7784607,-80.1931315
sarahs research,"exact latitude, longitude (city)",MSTHSTX,,,,,TX,,,,,31.0545,-97.5635
sarahs research,"exact latitude, longitude (city)",MSVPCPA,MOSHANNON VALLEY PROCESSING CENTER,,Philipsburg,Clearfield,PA,,,,,40.8952,-78.2146
sarahs research,"exact latitude, longitude (city)",MTGHOLD,MONTGOMERY HOLD RM,,Conroe,Montgomery,TX,,,,,30.3238,-95.4824
sarahs research,"exact latitude, longitude (city)",MTGPCTX,MONTGOMERY PROCESSING CTR,,Conroe,Montgomery,TX,,,,,30.3238,-95.4824
sarahs research,Latitude Longitude based only on state,MTHOSTX,METHODIST HOSPITAL SOUTH,,,,TX,,,,,31.0545,-97.5635
sarahs research,"exact latitude, longitude (city)",MTNITPA,,,,,PA,,,,,40.5908,-77.2098
locations.csv,"exact latitude, longitude (city)",MTPPDCA,MONTEREY PARK CITY JAIL,320 WEST NEWMARK AVENUE,MONTEREY PARK,KING,CA,91754,LOS,27/09/2010,2011-11-07,34.05916,-118.125959
locations.csv,"exact latitude, longitude (city)",MULTNOR,MULTNOMAH COUNTY JAIL,11540 NORTHEAST INVERNESS DRIVE,PORTLAND,MULTNOMAH,OR,97220,SEA,26/01/2000,18/06/1983,45.5634814,-122.5441087
locations.csv,"exact latitude, longitude (city)",MUSCAIA,MUSCATINE COUNTY JAIL,400 WALNUT STREET,MUSCATINE,MUSCATINE,IA,52761,SPM,25/10/2017,13/04/1994,41.4243549,-91.0446662
locations.csv,"exact latitude, longitude (city)",MUSIKCA,JAMES A. MUSICK FACILITY,13502 MUSICK ROAD,IRVINE,ORANGE,CA,92618,LOS,2004-11-17,2009-08-10,33.6630294,-117.7005928
locations.csv,"exact latitude, longitude (city)",MUSSEMT,MUSSELSHELL COUNTY JAIL,820 MAIN STREET,ROUNDUP,MUSSELSHELL,MT,59072,SLC,2001-06-17,14/07/2007,46.44966786,-108.5417885
sarahs research,Latitude Longitude based only on state,MVMCMAZ,MOUNTAIN VISTA MED CTR,,,,AZ,,,,,33.7298,-111.4312
sarahs research,"exact latitude, longitude (city)",MVPNHPA,,,,,PA,,,,,40.5908,-77.2098
sarahs research,Latitude Longitude based only on state,MWASHVA,MARY WASHINGTON HOSPITAL,,,,VA,,,,,37.7693,-78.17
sarahs research,"exact latitude, longitude (city)",MYOMKMN,,,,,MN,,,,,45.6945,-93.9002
locations.csv,"exact latitude, longitude (city)",NASSAFL,NASSAU COUNTY JAIL,76001 BOBBY MOORE CIRCLE,YULEE,NASSAU,FL,32097,MIA,27/08/2009,14/05/1996,30.610685,-81.631404
locations.csv,"exact latitude, longitude (city)",NASSANY,NASSAU COUNTY CORRECTIONAL CENTER,100 CARMAN AVENUE,EAST MEADOW,NASSAU,NY,11554,NYC,16/06/2017,26/04/2002,40.72780699,-73.55616534
sarahs research,"county approximate center only (latitude, longitude)",NASTRNY,NASSAU COUNTY ICE TRAILER,,,Nassau,NY,,,,,40.7241,-73.5125
locations.csv,"exact latitude, longitude (city)",NATROWY,NATRONA COUNTY JAIL,1100 BRUCE LANE,CASPER,NATRONA,WY,82601,DEN,31/10/2017,3/12/91,42.862257,-106.345052
locations.csv,"exact latitude, longitude (city)",NAVARTX,NAVARRO CO JAIL,300 WEST 2ND AVENUE,CORSICANA,NAVARRO,TX,75110,DAL,2004-07-02,4/1/90,32.089143,-96.48253
locations.csv,"exact latitude, longitude (city)",NAVSOAZ,NAVAJO COUNTY SHERIFF,100 EAST CARTER DRIVE,HOLBROOK,NAVAJO,AZ,86025,PHO,29/08/2013,28/01/2000,34.871553,-110.154716
sarahs research,Latitude Longitude based only on state,NBGHOLD,NEWBURGH HOLDING,,,,NY,,,,,42.1657,-74.9481
locations.csv,"exact latitude, longitude (city)",NBRMCFL,NORTH BROWARD MEDICAL CENTER,201 EAST SAMPLE ROAD,POMPANO BEACH,BROWARD,FL,33060,MIA,13/08/2017,2003-11-10,26.2754093,-80.0986378
locations.csv,"exact latitude, longitude (city)",NCDOCRA,NORTH CAROLINA DEPARTMENT OF CORRECTIONS (RALEIGH),COMBINED RECORDS,RALEIGH,WAKE,NC,27603,ATL,2006-12-06,7/9/89,35.779687,-78.65428
sarahs research,Latitude Longitude based only on state,NEBHSTX,NORTHEAST BAPTIST HOSPITAL,,,,TX,,,,,31.0545,-97.5635
locations.csv,"exact latitude, longitude (city)",NEHASTI,HASTINGS DETENTION CENTER,4201 WEST 2ND,HASTINGS,ADAMS,NE,68901,SPM,2010-05-05,24/06/2002,40.585571,-98.438216
locations.csv,"exact latitude, longitude (city)",NEJUVNE,NORTHEAST NEBRASKA JUVENILE SERVICES,120 CLARA DAVIS DRIVE,MADISON,MADISON,NE,68748,SPM,17/08/2009,15/11/1996,41.8445326,-97.4568932
locations.csv,"exact latitude, longitude (city)",NEOMAHA,OMAHA CORRECTIONAL CENTER,2323 AVE J,OMAHA,DOUGLAS,NE,68111,SPM,17/06/1997,12/12/96,41.2812941,-95.8987635
locations.csv,"exact latitude, longitude (city)",NEW0600,MARION COUNTY DETENTION CENTER,201 WAREHOUSE RD.,LEBANON,MARION,KY,40033,NOL,,,37.56543329,-85.27223956
locations.csv,"exact latitude, longitude (city)",NEW608,CUMBERLAND COUNTY DETENTION CENTER,204 GILLESPIE ST,FAYETTEVILLE,CUMBERLAND,NC,28301,ATL,,,35.0503815,-78.87916185
locations.csv,"exact latitude, longitude (city)",NEWHOLD,NEW/INS OS HOLD ROOM,970 BROAD STREET,NEWARK,ESSEX,NJ,7102,NEW,20/10/2017,1/1/88,40.73036437,-74.17498616
locations.csv,"exact latitude, longitude (city)",NEWTOTX,NEWTON COUNTY CORRECTIONAL CENTER,ROUTE 1,NEWTON,NEWTON,TX,75966,HOU,25/03/2006,6/11/90,30.84519256,-93.76144577
locations.csv,"exact latitude, longitude (city)",NGDCTGA,NORTH GEORGIA DETENTION CENTER,622 MAIN STREET SOUTHWEST,GAINESVILLE,HALL,GA,30501,ATL,23/03/2014,2006-01-09,34.29467486,-83.82416645
locations.csv,"exact latitude, longitude (city)",NHSPCON,NEW HAMPSHIRE STATE PENITENTIARY (CONCORD),281 NORTH STATE STREET,CONCORD,MERRIMACK,NH,3301,BOS,14/04/2009,16/03/1989,43.2273988,-71.5576108
locations.csv,"exact latitude, longitude (city)",NHSPWOM,NEW HAMPSHIRE,317 MAST ROAD,GOFFSTOWN,HILLSBOROUGH,NH,3045,BOS,28/03/2007,17/07/1990,43.00986831,-71.54039621
locations.csv,"exact latitude, longitude (city)",NIACINY,NIAGARA FALLS CITY JAIL,520 HYDE PARK BLVD.,NIAGARA FALLS,NIAGARA,NY,14302,BUF,2/9/98,24/01/1989,43.09201303,-79.02296401
locations.csv,"exact latitude, longitude (city)",NIAGANY,NIAGARA COUNTY JAIL,5526 NIAGARA STREET EXTENTION,LOCKPORT,NIAGARA,NY,14094,BUF,14/01/2010,20/10/1989,43.180452,-78.735648
locations.csv,"exact latitude, longitude (city)",NIOBRWY,NIOBRARA COUNTY JAIL,416 SOUTH ELM STREET,LUSK,NIOBRARA,WY,82225,DEN,23/10/2008,2006-09-06,42.76089174,-104.4509136
sarahs research,Latitude Longitude based only on state,NLSCOLA,NELSON COLEMAN CORRECTIONS CENTER,,,,LA,,,,,31.1695,-91.8678
sarahs research,"exact latitude, longitude (city)",NMCOMNE,,,,,NE,,,,,41.4925,-99.9018
locations.csv,"exact latitude, longitude (city)",NNREGVA,NORTHERN NECK REGIONAL JAIL,"3908 Richmond Rd, Warsaw, VA 22572",WARSAW,RICHMOND,VA,22572,WAS,13/03/2007,18/08/2000,37.96468,-76.79151
sarahs research,"exact latitude, longitude (city)",NNVMCNV,,,,,NV,,,,,38.3135,-117.0554
locations.csv,"exact latitude, longitude (city)",NOBLEMN,NOBLES COUNTY JAIL,1530 AIRPORT ROAD,WORTHINGTON,NICOLLET,MN,56187,SPM,2004-11-17,30/09/1997,43.649224,-95.593433
locations.csv,"exact latitude, longitude (city)",NOCPDIL,NORTH CHICAGO POLICE DEPARTMENT,1850 LEWIS AVENUE,NORTH CHICAGO,LAKE,IL,60064,CHI,23/03/2004,16/10/1985,42.32600677,-87.856184
locations.csv,"exact latitude, longitude (city)",NOJUVOR,NORTHERN OREGON JUVENILE DETENTION,211 WEBBER STREET,THE DALLES,WASCO,OR,97058,SEA,2004-11-17,15/12/1999,45.6100519,-121.202763
locations.csv,"exact latitude, longitude (city)",NOLHOLD,NEW ORLEANS DD&P,701 LOYOLA AVENUE ROOM 9001,NEW ORLEANS,ORLEANS,LA,70113,NOL,30/08/2017,5/11/99,29.948091,-90.077862
locations.csv,"exact latitude, longitude (city)",NOLVGNV,NORTH LAS VEGAS,2332 NORTH LAS VEGAS BOULEVARD,NORTH LAS VEGAS,CLARK,NV,89030,SLC,22/06/2011,26/05/1992,36.20230153,-115.1195983
locations.csv,"exact latitude, longitude (city)",NONOLCA,NORTH COUNTY JAIL,550 6TH STREET,OAKLAND,ALAMEDA,CA,94607,SFR,14/07/2003,30/11/1990,37.79983474,-122.2770514
locations.csv,"exact latitude, longitude (city)",NORCOOR,NORTHERN OREGON CORRECTIONAL FACILITY,211 WEBBER ROAD,THE DALLES,WASCO,OR,97058,SEA,2004-11-17,9/1/87,45.6100519,-121.202763
locations.csv,"exact latitude, longitude (city)",NORFOMA,NORFOLK COUNTY JAIL,200 WEST STREET,DEDHAM,NORFOLK,MA,2026,BOS,2004-01-15,17/07/1980,42.2597568,-71.2087651
locations.csv,"exact latitude, longitude (city)",NORFOVA,NORFOLK CITY JAIL,811 EAST CITY HALL AVENUE,NORFOLK,NORFOLK CITY,VA,23510,WAS,2004-11-17,2011-08-06,36.84600504,-76.28316583
locations.csv,"exact latitude, longitude (city)",NORHOLD,NORFOLK SUB-OFFICE HOLD,5280 HENNEMAN DRIVE,NORFOLK,NORFOLK,VA,23513,WAS,2010-05-17,14/09/2010,36.8761636,-76.22287045
locations.csv,"exact latitude, longitude (city)",NOROYOH,NORTH ROYALTON CITY JAIL,14000 BENNETT RD.,N. ROYALTON,CUYAHOGA,OH,44133,DET,2010-07-03,6/2/97,41.314116,-81.73715
sarahs research,Latitude Longitude based only on state,NRJDCVA,NW REG JUV DET CTR,,,,VA,,,,,37.7693,-78.17
sarahs research,"exact latitude, longitude (city)",NRLKCMI,NORTH LAKE CORRECTIONAL FACILITY,,Baldwin,Lake,MI,,,,,43.8971,-85.8531
locations.csv,"exact latitude, longitude (city)",NRPHOLD,NORTH PLATTE HOLD ROOM,"300 East 3rd Street North Platte, NE 69101",NORTH PLATTE,LINCOLN,NE,69101,SPM,2011-03-11,2011-03-11,41.135013,-100.759979
locations.csv,"rough latitude, longitude based only on state",NSVHOLD,NASHVILLE HOLD ROOM,UNAVAILABLE,NASHVILLE,DAVIDSON,TN,37201,NOL,,,35.7478,-86.6923
locations.csv,"exact latitude, longitude (city)",NUECETX,NUECES COUNTY JAIL,901 LEOPARD STREET,CORPUS CHRISTI,NUECES,TX,78401,SNA,14/02/2002,29/12/1995,27.79625,-97.3998
sarahs research,Latitude Longitude based only on state,NUMCENY,NASSAU UNIV MED CTR,,,,NY,,,,,42.1657,-74.9481
locations.csv,"exact latitude, longitude (city)",NVJDCVA,NORTHERN VIRGINIA JUVENILE DETENTION CENTER,200 SOUTH WHITING STREET,ALEXANDRIA,COUNTY,VA,22304,WAS,25/09/2017,2009-07-15,38.812562,-77.137071
locations.csv,"exact latitude, longitude (city)",NVNORCC,NORTHERN NEVADA CORRECTIONAL CENTER,1721 E. SNYDER AVE,CARSON CITY,COUNTY,NV,89701,SLC,6/11/96,27/10/1988,39.108512,-119.74409
locations.csv,"exact latitude, longitude (city)",NVSDCNV,NEVADA SOUTHERN DETENTION CENTER,2190 EAST MESQUITE AVENUE,PAHRUMP,NYE,NV,89060,SLC,2004-11-17,2002-05-16,36.24902657,-115.9827748
locations.csv,"exact latitude, longitude (city)",NWHNVNC,NEW HANOVER COUNTY JAIL,3950 JUVENILE RD,CASTLE HAYNE,NEW HANOVER,NC,28429,ATL,2002-11-17,2005-06-12,34.327352,-77.895749
sarahs research,Latitude Longitude based only on state,NWRCCMN,NW REGIONAL CORRECTIONS CENTER,,,,MN,,,,,45.6945,-93.9002
locations.csv,"exact latitude, longitude (city)",NWREGVA,NORTHWEST REGIONAL ADULT DETENTION CENTER,141 FORT COLLIER ROAD,WINCHESTER,FREDERICK,VA,22603,WAS,2002-11-09,2001-02-08,39.19850623,-78.14630154
locations.csv,"exact latitude, longitude (city)",NWSCFVT,NORTHWEST STATE CORRECTIONAL FACILITY,3649 LOWER NEWTON ROAD,SWANTON,FRANKLIN,VT,5488,BOS,,,44.850107,-73.132564
locations.csv,"exact latitude, longitude (city)",NYARTHC,ARTHUR KILL CORRECTIONAL FACILITY,2911 ARTHUR KILL ROAD,STATEN ISLAND,RICHMOND,NY,10309,NYC,16/04/2007,11/10/84,40.5498962,-74.22816125
locations.csv,"exact latitude, longitude (city)",NYBUFFC,BUFFALO CORRECTIONAL FACILITY,3052 WENDE ROAD,ALDEN,ERIE,NY,14004,BUF,27/05/2009,27/05/2009,42.93196345,-78.5401029
locations.csv,"exact latitude, longitude (city)",NYCHOLD,NYC FIELD OFFICE,26 FEDERAL PLAZA,NEW YORK,NEW YORK,NY,10278,NYC,2004-11-17,13/06/1996,40.6404815,-74.17030725
locations.csv,"exact latitude, longitude (city)",NYCLINC,CLINTON C.F. DANNEMMORA,1074 COOK ST RTE 374,DANNEMMORA,CLINTON,NY,12929,BOS,22/11/2005,18/11/2005,44.726414,-73.714862
locations.csv,"exact latitude, longitude (city)",NYEPANV,"NYE COUNTY DETENTION CENTER, SOUTHERN (PAHRUMP)",1520 E. BASIN ROAD,PAHRUMP,NYE,NV,89060,SLC,,,36.219543,-115.982801
sarahs research,Latitude Longitude based only on state,NYFISHC,FISHKILL C.F. BEACON NY,,,,NY,,,,,42.1657,-74.9481
sarahs research,Latitude Longitude based only on state,NYGREAC,GREAT MEADOW C.F.,,,,NY,,,,,42.1657,-74.9481
sarahs research,Latitude Longitude based only on state,NYGROVC,GROVELAND C.F. SONYEA,,,,NY,,,,,42.1657,-74.9481
sarahs research,Latitude Longitude based only on state,NYMARCC,MARCY CORRECTIONAL,,,,NY,,,,,42.1657,-74.9481
locations.csv,"exact latitude, longitude (city)",NYOGDNC,OGDENSBURG CORRECTIONAL,ONE CORRECTION WAY,OGDENSBURG,ST LAWRENCE,NY,13669,BUF,,,44.721621,-75.44791
locations.csv,"exact latitude, longitude (city)",NYORLNC,ORLEANS CORRECTIONAL,35-31 GAINES BASIN ROAD,ALBION,ORLEANS,NY,14411,BUF,2009-10-05,2003-10-05,43.244379,-78.220154
locations.csv,"exact latitude, longitude (city)",NYULSTC,ULSTER CORRECTIONAL FACILITY,750 BERME RD,NAPANOCH,ULSTER,NY,12458,NYC,,,41.74366,-74.355587
sarahs research,"exact latitude, longitude (city)",NYWASHC,,,,,NY,,,,,42.1657,-74.9481
locations.csv,"exact latitude, longitude (city)",OAK,OAKDALE FEDERAL DETENTION,2105 EAST WHATLEY ROAD,OAKDALE,ALLEN,LA,71463,NOL,2002-11-17,1905-06-02,30.8207012,-92.64069075
locations.csv,"exact latitude, longitude (city)",OAKHOLD,OAKDALE HOLDING ROOM,1010 E WHATLEY ROAD,OAKDALE,ALLEN,LA,71463,NOL,15/09/2016,20/02/1987,30.832183,-92.63684
locations.csv,"exact latitude, longitude (city)",OAKLACA,OAKLAND CITY JAIL,611 BROADWAY,OAKLAND,ALAMEDA,CA,94607,SFR,19/06/2006,2/4/90,37.79903257,-122.2747485
locations.csv,"exact latitude, longitude (city)",OBRIJIA,OBRIEN COUNTY JAIL (IOWA),240 1ST STREET NORTHEAST,PRINGHAR,O'BRIEN,IA,51245,SPM,2012-03-03,27/02/1997,43.087804,-95.62665
locations.csv,"exact latitude, longitude (city)",OCCWJCA,ORANGE COUNTY CENTRAL WOMEN'S JAIL,550 NORTH FLOWER STREET,SANTA ANA,ORANGE,CA,92703,LOS,2004-11-17,21/01/2014,33.7487096,-117.8771597
locations.csv,"exact latitude, longitude (city)",OCIRCCA,ORANGE COUNTY INTAKE RELEASE FACILITY,550 NORTH FLOWER STREET,SANTA ANA,ORANGE,CA,92703,LOS,2004-11-17,2005-11-10,33.7487096,-117.8771597
locations.csv,"exact latitude, longitude (city)",ODESSTX,ODESSA DETENTION CENTER,205 NORTH GRANT AVENUE,ODESSA,ECTOR,TX,79761,ELP,2012-12-12,26/03/2002,31.84579331,-102.3678404
locations.csv,"exact latitude, longitude (city)",OGCMCCA,ORANGE CO MEDICAL CENTER,1001 N TUSTIN AVE,SANTA ANA,ORANGE,CA,92705,LOS,15/05/2017,2006-01-16,33.7539445,-117.8330274
locations.csv,"exact latitude, longitude (city)",OGLECIL,OGLE COUNTY JAIL,103 JEFFERSON STREET,OREGON,OGLE,IL,61061,CHI,30/10/2002,22/07/1998,42.01315747,-89.32985122
sarahs research,Latitude Longitude based only on state,OGRMCNY,ORANGE REGIONAL MED CTR,,,,NY,,,,,42.1657,-74.9481
locations.csv,"exact latitude, longitude (city)",OGUHOLD,OGDEN HOLD ROOM,"2487 S. 1620 W., UNIT E.",OGDEN,WEBER,UT,84401,SLC,,,41.220537,-112.018854
sarahs research,Latitude Longitude based only on state,OHNORWE,CORRECTIONS CENTER OF NW OHIO,,,,OH,,,,,40.3888,-82.7649
locations.csv,"exact latitude, longitude (city)",OKANOWA,OKANOGAN COUNTY,149 4TH AVENUE NORTH,OKANOGAN,OKANOGAN,WA,98840,SEA,17/11/2016,1/10/92,48.36574553,-119.581578
locations.csv,"exact latitude, longitude (city)",OKCHOLD,OKLAHOMA CITY HOLD ROOM,4400 SW 44TH STREET,OKLAHOMA CITY,OKLAHOMA CITY,OK,73119,DAL,2012-09-17,2005-03-13,35.42401994,-97.5967341
sarahs research,"exact latitude, longitude (city)",OKCIMMC,CIMARRON CORRECTIONAL FACILITY,,Cushing,Payne,OK,,,,,35.9794,-96.7609
locations.csv,"exact latitude, longitude (city)",OKCOJOK,OKLAHOMA COUNTY JAIL,201 NORTH SHARTEL AVENUE,OKLAHOMA CITY,OKLAHOMA,OK,73102,DAL,21/09/2008,3/11/89,35.46956705,-97.52675523
sarahs research,"exact latitude, longitude (city)",OKMHKTX,,,,,TX,,,,,31.0545,-97.5635
locations.csv,"exact latitude, longitude (city)",OKMULOK,OKMULGEE COUNTY JAIL,314 W. 7TH STREET,OKMULGEE,OKMULGEE,OK,74447,DAL,2004-11-17,15/08/2017,35.62237634,-95.97423614
sarahs research,"exact latitude, longitude (city)",OLACCLA,,,,,LA,,,,,31.1695,-91.8678
locations.csv,"exact latitude, longitude (city)",OLDHAKY,OLDHAM COUNTY JAIL,100 W MAIN STREET,LA GRANGE,OLDHAM,KY,40031,CHI,2002-11-17,23/12/1997,38.4071363,-85.3808399
locations.csv,"exact latitude, longitude (city)",OLMSTMN,OLMSTED COUNTY,101 4TH STREET SOUTHEAST,ROCHESTER,OLMSTED,MN,55904,SPM,6/3/00,6/2/98,44.019372,-92.460729
locations.csv,"exact latitude, longitude (city)",OMAHOLD,OMAHA FIELD OFFICE HOLD ROOM,2323 AVENUE J,OMAHA,DOUGLAS,NE,68110,SPM,25/07/2017,13/03/2006,41.2812941,-95.8987635
locations.csv,"exact latitude, longitude (city)",ONECONY,ONEIDA COUNTY JAIL,6075 JUDD ROAD,ORISKANY,ONEIDA,NY,13424,BUF,2003-01-16,10/11/94,43.155943,-75.376746
locations.csv,"exact latitude, longitude (city)",ONEIDID,ONEIDA COUNTY JAIL,10 COURT STREET,MALAD,ONEIDA,ID,83252,SLC,2008-02-04,2006-02-04,42.18663,-112.243686
locations.csv,"exact latitude, longitude (city)",ONONDNY,ONONDAGA COUNTY JAIL,555 SOUTH STATE STREET,SYRACUSE,ONONDAGA,NY,13202,BUF,2009-07-17,14/07/1989,43.0461648,-76.14642169
locations.csv,"exact latitude, longitude (city)",ONTARNY,ONTARIO COUNTY JAIL,3045 COUNTY COMPLEX DRIVE,CANANDAIGUA,ONTARIO,NY,14424,BUF,14/05/2015,25/02/1988,42.882834,-77.211753
locations.csv,"exact latitude, longitude (city)",OPJUVLA,ORLEANS PARISH JUVENILE FACILITY,2800 GRAVIER STREET,NEW ORLEANS,ORLEANS,LA,70119,NOL,18/08/2004,1/3/93,29.961463,-90.093506
locations.csv,"exact latitude, longitude (city)",ORANGFL,ORANGE COUNTY JAIL,3855 SOUTH JOHN YOUNG PARKWAY,ORLANDO,ORANGE,FL,32839,MIA,2004-11-17,5/2/96,28.5038122,-81.41640494
locations.csv,"exact latitude, longitude (city)",ORANGNY,ORANGE COUNTY JAIL,110 WELLS FARM ROAD,GOSHEN,ORANGE,NY,10924,NYC,2004-11-17,19/08/2008,41.40466912,-74.3574594
locations.csv,"exact latitude, longitude (city)",ORLEANY,ORLEANS COUNTY JAIL,26 SOUTH PLATT STREET,ALBION,ORLEANS,NY,14411,BUF,2010-08-09,20/10/1987,43.24546626,-78.19235804
locations.csv,"exact latitude, longitude (city)",ORLEAVT,ORLEANS COUNTY JAIL,255 MAIN ST,NEWPORT,ORLEANS,VT,5855,BOS,,,44.93498165,-72.21144976
locations.csv,"exact latitude, longitude (city)",ORLHOLD,ORLANDO HOLD ROOM,9403 TRADEPORT DRIVE,ORLANDO,ORLANDO,FL,32827,MIA,15/10/2017,21/01/2001,28.42749625,-81.3338145
locations.csv,"exact latitude, longitude (city)",ORPARL2,ORLEANS PARISH/SOUTH WHITE,857 SOUTH WHITE,NEW ORLEANS,ORLEANS PARISH,LA,70119,NOL,,,29.96019,-90.094332
locations.csv,"exact latitude, longitude (city)",ORPARLA,ORLEANS PARISH SHERIFF,2800 GRAVIER STREET,NEW ORLEANS,ORLEANS,LA,70119,NOL,24/04/2012,18/02/1987,29.961463,-90.093506
locations.csv,"exact latitude, longitude (city)",OSAHOKS,OSAWATAMIE STATE HOSPITAL,500 STATE HOSPITAL DRIVE,OSAWATAMIE,MIAMI,KS,66064,CHI,18/03/2013,2011-04-08,38.51033,-94.939831
sarahs research,"county approximate center only (latitude, longitude)",OSCEOFL,OSCEOLA COUNTY JAIL,,,Osceola,FL,,,,,28.3041,-81.4169
locations.csv,"exact latitude, longitude (city)",OSWEGNY,OSWEGO COUNTY JAIL,39 CHURCHILL ROAD,OSWEGO,OSWEGO,NY,13126,BUF,25/09/2007,28/03/1990,43.43199815,-76.47994522
locations.csv,"exact latitude, longitude (city)",OTEROCO,OTERO COUNTY JAIL,222 EAST SECOND STREET,LAJUNTA,OTERO,CO,81050,DEN,2008-03-06,10/1/97,37.986843,-103.539597
locations.csv,"exact latitude, longitude (city)",OTERONM,OTERO COUNTY DETENTION,1000 NEW YORK,ALAMOGORDO,OTERO,NM,88310,ELP,2007-02-17,24/01/2003,32.852357,-106.007951
locations.csv,"exact latitude, longitude (city)",OTOECNE,OTOE COUNTY JAIL,1021 CENTRAL AVENUE,NEBRASKA CITY,OTOE,NE,68410,SPM,2010-10-02,9/12/96,40.67621235,-95.85835129
locations.csv,"exact latitude, longitude (city)",OTROPNM,OTERO COUNTY PRISON FACILITY,10 MCGREGOR RANGE ROAD,CHAPARRAL,DONA ANA,NM,88081,ELP,20/09/2017,30/11/2005,32.07876,-106.278026
locations.csv,"exact latitude, longitude (city)",OTRPCNM,OTERO COUNTY PROCESSING CENTER,26 MCGREGOR RANGE ROAD,CHAPARRAL,DONA ANA,NM,88081,ELP,2004-11-17,2008-12-01,32.08042,-106.28262
locations.csv,"exact latitude, longitude (city)",OTSEGNY,OTSEGO COUNTY JAIL,172 COUNTY HIGHWAY 33 WEST,COOPERSTOWN,OTSEGO,NY,13326,BUF,17/01/2008,22/02/1996,42.753418,-74.855063
locations.csv,"exact latitude, longitude (city)",OTTAWMI,OTTAWA COUNTY,3100 PORT SHELDON ROAD,HUDSONVILLE,OTTAWA,MI,49426,DET,19/01/2006,13/08/1991,42.887572,-85.85925166
locations.csv,"exact latitude, longitude (city)",OXFORME,OXFORD COUNTY JAIL,25 WESTERN AVENUE,SOUTH PARIS,OXFORD,ME,4281,BOS,26/08/2004,2006-07-04,44.22216071,-70.51734001
sarahs research,"county approximate center only (latitude, longitude)",OZARKMO,OZARK COUNTY SHERIFF'S OFFICE,,,Ozark,MO,,,,,36.6063,-92.4245
locations.csv,"exact latitude, longitude (city)",OZAUKWI,OZAUKEE COUNTY JAIL,1201 S. SPRINGS,PORT WASHINGTON,OZAUKEE,WI,53074,CHI,16/11/2005,29/11/2001,43.37373,-87.897963
locations.csv,"exact latitude, longitude (city)",PALMBFL,PALM BEACH COUNTY JAIL,3228 GUN CLUB ROAD,WEST PALM BEACH,PALM BEACH,FL,33406,MIA,13/05/2009,26/09/1995,26.67306236,-80.09224477
locations.csv,"exact latitude, longitude (city)",PAMREVA,PAMUNKEY REGIONAL JAIL,7240 COURTLAND FARM ROAD,HANOVER,HANOVER,VA,23069,WAS,2006-10-10,1/10/99,37.75195734,-77.35902542
sarahs research,Latitude Longitude based only on state,PAMSATX,PAM HEALTH SPECIALTY HOSPITAL 1,,,,TX,,,,,31.0545,-97.5635
locations.csv,"exact latitude, longitude (city)",PARKCMT,PARK COUNTY DETENTION CENTER,414 E. CALLENDAR PO BOX 43,LIVINGSTON,LEWIS AND CLARK,MT,59602,SLC,25/10/2009,19/04/2008,45.663363,-110.555668
locations.csv,"exact latitude, longitude (city)",PARKCWY,PARK COUNTY JAIL,1402 RIVER VIEW DRIVE,CODY,PARK,WY,82414,DEN,2007-07-08,2004-10-07,44.53220288,-109.0605911
locations.csv,"exact latitude, longitude (city)",PARKJCO,PARK COUNTY JAIL,1180 COUNTY ROAD 16,FAIRPLAY,PARK,CO,80440,DEN,29/07/2016,16/11/1990,39.2177087,-105.9799334
locations.csv,"exact latitude, longitude (city)",PASADCA,PASADENA CITY JAIL,207 NORTH GARFIELD AVENUE,PASADENA,LEE,CA,91101,LOS,20/01/2013,24/05/2004,34.149188,-118.144762
locations.csv,"exact latitude, longitude (city)",PASSANJ,PASSAIC COUNTY JAIL,11 SHERIFFS PLAZA,PATERSON,PASSAIC,NJ,7501,NEW,2003-04-06,1/1/88,40.913016,-74.174113
locations.csv,"exact latitude, longitude (city)",PAULDGA,PAULDING COUNTY GEORGIA,25 INDUSTRIAL WAY NORTH,DALLAS,PAULDING,GA,30132,ATL,2009-01-03,7/8/90,33.943437,-84.81863
locations.csv,"exact latitude, longitude (city)",PAVHRPR,PAVIA HOSPITAL-HATO TEY,"435 Avenida Juan Ponce de LeÌ_nSan Juan, 00917",SAN JUAN,COUNTY,PR,917,MIA,21/04/2017,25/01/2016,18.41936,-66.055968
sarahs research,Latitude Longitude based only on state,PBDPDMA,PEABODY PD,,,,MA,,,,,42.2302,-71.5301
locations.csv,"exact latitude, longitude (city)",PCJDCIL,PEORIA COUNTY JUV DET CENTER,223 N MAXWELL RD,PEORIA,PEORIA,IL,61604,CHI,2007-12-16,2007-12-16,40.688861,-89.69345275
sarahs research,"county approximate center only (latitude, longitude)",PCKNSAL,PICKENS COUNTY DET CTR,,,Pickens,AL,,,,,33.1237,-88.1593
sarahs research,"exact latitude, longitude (city)",PCRMMGA,,,,,GA,,,,,33.0406,-83.6431
locations.csv,"exact latitude, longitude (city)",PCSHOLD,PECOS HOLD ROOM,250 EAST PALMER ROAD,PECOS,REEVES,TX,79772,ELP,2002-10-17,2010-03-10,31.3981762,-103.5214509
locations.csv,"exact latitude, longitude (city)",PDNHOLD,PDN HOLD ROOM,1000 S. EL PASO STREET,EL PASO,EL PASO,TX,79901,ELP,17/05/2013,13/07/2012,31.74968832,-106.4867865
locations.csv,"exact latitude, longitude (city)",PECOSTX,PECOS CRIMINAL JUSTICE CENTER,172 WEST RAUL FLOREZ BOULEVARD,PECOS,REEVES,TX,79772,ELP,25/06/2012,28/02/2008,31.398588,-103.511566
locations.csv,"exact latitude, longitude (city)",PEMBIND,PEMBINA COUNTY JAIL,308 COURT HOUSE DRIVE,CAVALIER,PEMBINA,ND,58220,SPM,21/05/2009,7/6/96,48.79061482,-97.62589
locations.csv,"exact latitude, longitude (city)",PENDOWA,PEND ORIELLE CORRECTIONAL FACILITY,331 SOUTH GARDEN AVENUE,NEWPORT,PEND OREILLE,WA,99156,SEA,28/04/2009,19/06/2004,48.17905691,-117.058017
locations.csv,"exact latitude, longitude (city)",PENNIMN,PENNINGTON COUNTY,P.O. BOX 484,THIEFRIVER FALLS,PENNINGTON,MN,56701,SPM,17/12/2006,11/6/96,48.116799,-96.181822
locations.csv,"exact latitude, longitude (city)",PENNISD,PENNINGTON COUNTY JAIL (SOUTH DAKOTA),307 SAINT JOSEPH STREET,RAPID CITY,PENNINGTON,SD,57701,SPM,2002-11-17,14/06/1994,44.07892823,-103.2210237
locations.csv,"exact latitude, longitude (city)",PENOBME,PENOBSCOT COUNTY JAIL,85 HAMMOND STREET,BANGOR,PENOBSCOT,ME,4401,BOS,2001-10-13,10/2/95,44.80142619,-68.77755554
locations.csv,"exact latitude, longitude (city)",PERRYAL,PERRY COUNTY CORRECTIONAL CENTER,UNITED STATES HIGHWAY 80 EAST,UNIONTOWN,PERRY,AL,36786,NOL,2008-06-09,22/07/2006,32.634284,-87.316173
locations.csv,"exact latitude, longitude (city)",PERRYIL,PERRY COUNTY JAIL,12 EAST WATER STREET,PINCKNEYVILLE,PERRY,IL,62274,CHI,27/04/2003,8/10/97,38.08003342,-89.38167938
sarahs research,"county approximate center only (latitude, longitude)",PHELPMO,PHELPS COUNTY JAIL,,,Phelps,MO,,,,,37.9459,-91.7607
locations.csv,"exact latitude, longitude (city)",PHELPNE,PHELPS COUNTY JAIL,715 5TH AVENUE,HOLDREGE,PHELPS,NE,68949,SPM,2004-11-17,29/02/2000,40.43904671,-99.37040143
sarahs research,"exact latitude, longitude (city)",PHELSMO,,,,,MO,,,,,38.4561,-92.2884
locations.csv,"exact latitude, longitude (city)",PHIHOLD,PHILADELPHIA DISTRICT OFFICE HOLD ROOM,1600 CALLOWHILL ST,PHILADELPHIA,PHILADELPHIA,PA,19130,PHI,28/09/2017,16/06/1980,39.95995,-75.16547
locations.csv,"exact latitude, longitude (city)",PHILLMT,PHILLIPS COUNTY JAIL (MONTANA),314 SOUTH 2ND AVENUE WEST,MALTA,PHILLIPS,MT,59538,SLC,2006-04-10,28/06/1992,48.35676886,-107.8775363
locations.csv,"exact latitude, longitude (city)",PHOHOLD,PHOENIX DISTRICT OFFICE,2035 NORTH CENTRAL AVENUE,PHOENIX,MARICOPA,AZ,85004,PHO,2004-11-17,9/12/97,33.4707851,-112.0730899
sarahs research,"exact latitude, longitude (city)",PHOSMGA,,,,,GA,,,,,33.0406,-83.6431
sarahs research,"exact latitude, longitude (city)",PHPMHGA,,,,,GA,,,,,33.0406,-83.6431
sarahs research,"exact latitude, longitude (city)",PHRCENJ,,,,,NJ,,,,,40.2989,-74.521
locations.csv,"exact latitude, longitude (city)",PIC,PORT ISABEL,27991 BUENA VISTA BOULEVARD,LOS FRESNOS,CAMERON,TX,78566,SNA,2004-11-17,1905-05-25,26.155046,-97.33829
locations.csv,"exact latitude, longitude (city)",PICKJOH,PICKAWAY COUNTY JAIL,600 ISLAND ROAD,CIRCLEVILLE,PICKAWAY,OH,43113,DET,2004-02-16,8/3/96,39.610607,-82.953115
locations.csv,"exact latitude, longitude (city)",PIEPDOK,PIEDMONT POLICE DEPARTMENT,415 PIEDMONT ROAD,PIEDMONT,CANADIAN,OK,73078,DAL,,,35.66872716,-97.7452654
sarahs research,"county approximate center only (latitude, longitude)",PIERCND,PIERCE COUNTY JAIL,,,Pierce,ND,,,,,48.3654,-99.9903
locations.csv,"exact latitude, longitude (city)",PIERCNE,PIERCE COUNTY JAIL,111 WEST COURT STREET,PIERCE,PIERCE,NE,68767,SPM,16/12/2002,4/1/93,42.20006108,-97.52758592
locations.csv,"exact latitude, longitude (city)",PIKCOPA,PIKE COUNTY CORRECTIONAL FACILITY,175 PIKE COUNTY BOULEVARD,LORDS VALLEY,PIKE,PA,18428,PHI,2004-11-17,13/03/1996,41.38881,-75.071465
locations.csv,"exact latitude, longitude (city)",PIMAJAZ,PIMA COUNTY JAIL,1270 WEST SILVERLAKE ROAD,TUCSON,PIMA,AZ,85713,PHO,2004-11-17,10/12/92,32.2013392,-110.9906302
locations.csv,"exact latitude, longitude (city)",PINALAZ,PINAL COUNTY JAIL,971 N. JASON LOPEZ CIRCLE,FLORENCE,PINAL,AZ,85132,PHO,27/09/2017,30/10/1992,33.0412907,-111.3760342
locations.csv,"exact latitude, longitude (city)",PINELFL,PINELLAS COUNTY JAIL,14400 49TH STREET NORTH,CLEARWATER,PINELLAS,FL,33762,MIA,2004-11-17,1/10/98,27.901529,-82.706199
locations.csv,"exact latitude, longitude (city)",PINEPLA,PINE PRAIRIE CORRECTIONAL CENTER,1133 HAMPTON DUPRE ROAD,PINE PRAIRIE,EVANGELINE,LA,70576,NOL,2004-11-17,28/02/2000,30.788073,-92.413408
locations.csv,"exact latitude, longitude (city)",PISCAME,PISCATAQUIS COUNTY JAIL,52 COURT STREET,DOVER-FOXCROFT,PISCATAQUIS,ME,4426,BOS,2001-06-14,14/03/1997,45.18308767,-69.22442969
locations.csv,"exact latitude, longitude (city)",PITHOLD,PITTSBURGH HOLD ROOM,3000 SIDNEY ST SUITE 100,PITTSBURGH,ALLEGHENY,PA,15203,PHI,2012-10-17,2009-08-17,40.424825,-79.960811
locations.csv,"exact latitude, longitude (city)",PITKICO,PITKIN COUNTY JAIL,506 EAST MAIN STREET,ASPEN,PITKIN,CO,81611,DEN,2006-02-08,12/4/91,39.19030455,-106.8170569
locations.csv,"exact latitude, longitude (city)",PKEHOLD,PIKE COUNTY ERO HOLD ROOM,170 PIKE COUNTY BLVD,HAWLEY,PIKE,PA,18428,PHI,,,41.388359,-75.072108
sarahs research,Latitude Longitude based only on state,PKLDHTX,PARKLAND HOSPITAL,,,,TX,,,,,31.0545,-97.5635
sarahs research,"exact latitude, longitude (city)",PKMEDIN,,,,,IN,,,,,39.8494,-86.2583
locations.csv,"exact latitude, longitude (city)",PLAQULA,PLAQUEMINES PARISH DETENTION,110 PRISON RD.,BRAITHWAITHE,PLAQUEMINES,LA,70040,NOL,30/09/2005,2003-12-01,29.59831,-89.824228
locations.csv,"exact latitude, longitude (city)",PLATTMO,PLATTE COUNTY DETENTION CENTER,415 THIRD STREET,PLATTE CITY,PLATTE,MO,64079,CHI,2004-11-17,22/01/1992,39.1903532,-94.6837149
locations.csv,"exact latitude, longitude (city)",PLATTNE,PLATTE COUNTY JAIL (NEBRASKA),1125 17TH STREET EAST,COLUMBUS,PLATTE,NE,68601,SPM,2006-03-01,28/10/1996,41.43189433,-97.31567098
locations.csv,"exact latitude, longitude (city)",PLATTWY,PLATTE COUNTY JAIL,850 MAPLE STREET,WHEATLAND,PLATTE,WY,82201,DEN,2004-11-17,4/4/00,42.055382,-104.952706
locations.csv,"exact latitude, longitude (city)",PLMBHTX,PALMS BEHAVIORAL HEALTH,613 VICTORIA LN,HARLINGEN,CAMERON,TX,78550,SNA,2010-12-16,2010-12-16,26.163359,-97.671657
locations.csv,"exact latitude, longitude (city)",PLRMCCA,PALMDALE REGIONAL MEDICAL CENTER,38600 MEDICAL CENTER DR,PALMDALE,LOS ANGELES,CA,93551,LOS,2007-04-15,2006-04-15,34.5831938,-118.1446251
locations.csv,"exact latitude, longitude (city)",PLYMOMA,PLYMOUTH COUNTY CORRECTIONAL FACILITY,26 LONG POND ROAD,PLYMOUTH,PLYMOUTH,MA,2360,BOS,2004-11-17,1/4/94,41.9318079,-70.65129918
locations.csv,"exact latitude, longitude (city)",PMHOSFL,PALMETTO HOSPITAL,2001 W. 68TH ST.,HIALEAH,MIAMI-DADE,FL,33016,MIA,2004-11-17,21/10/2000,25.885214,-80.324795
sarahs research,"exact latitude, longitude (city)",PMMRHMI,,,,,MI,,,,,43.3266,-84.5361
locations.csv,"exact latitude, longitude (city)",PMREGVA,PIEDMONT REGIONAL JAIL,801 INDUSTRIAL PARK ROAD,FARMVILLE,PRINCE EDWARD,VA,23901,WAS,14/12/2009,10/2/97,37.32060119,-78.42539229
locations.csv,"exact latitude, longitude (city)",POLKCMN,POLK COUNTY JAIL,BOX 416,CROOKSTON,POLK,MN,56716,SPM,2006-01-04,15/09/1993,47.77082,-96.624021
locations.csv,"exact latitude, longitude (city)",POLKCTX,POLK COUNTY ADULT DETENTION FACILITY,3400 FM 350 SOUTH,LIVINGSTON,POLK,TX,77351,HOU,2004-11-17,16/05/2006,30.6981513,-95.00579154
locations.csv,"exact latitude, longitude (city)",POLKJFL,POLK COUNTY JAIL,2390 BOB PHILIPS ROAD,BARTOW,POLK,FL,33830,MIA,26/10/2005,2/10/98,27.881488,-81.81947
locations.csv,"exact latitude, longitude (city)",POLKJIA,POLK COUNTY JAIL,1985 NE 51ST PLACE,DES MOINES,POLK,IA,50313,SPM,2004-11-17,21/04/1992,41.653605,-93.587813
locations.csv,"exact latitude, longitude (city)",POMHOLD,PORTLAND MAINE HOLD ROOM,511 NORTHWEST BROADWAY,PORTLAND,CUMBERLAND,ME,4101,BOS,2001-02-16,22/06/2011,43.63491743,-70.25004189
locations.csv,"exact latitude, longitude (city)",POMONCA,POMONA CITY JAIL,490 WEST MISSION BOULEVARD,POMONA,LOS ANGELES,CA,91766,LOS,2005-03-17,30/05/2008,34.05492324,-117.754213
locations.csv,"exact latitude, longitude (city)",PONDEMT,PONDERA COUNTY JAIL,20 4TH AVENUE SOUTHWEST,CONRAD,PONDERA,MT,59425,SLC,2012-10-10,1/12/90,48.16898539,-111.9472006
locations.csv,"exact latitude, longitude (city)",POOHOLD,PORTLAND DISTRICT OFFICE,1111 SOUTHWEST 2ND AVENUE,PORTLAND,MULTNOMAH,OR,97204,SEA,2002-11-17,13/11/1995,45.5150962,-122.6763292
locations.csv,"exact latitude, longitude (city)",PORTSVA,PORTSMOUTH CITY JAIL,701 CRAWFORD STREET,PORTSMOUTH,NORFOLK,VA,23704,WAS,2006-10-06,15/08/1990,36.840545,-76.304303
locations.csv,"exact latitude, longitude (city)",POTTAIA,POTTAWATTAMIE COUNTY JAIL,1400 BIG LAKE ROAD,COUNCIL BLUFFS,POTTAWATTAMIE,IA,51501,SPM,2004-11-17,29/11/1995,41.281836,-95.867184
sarahs research,"county approximate center only (latitude, longitude)",POTTRTX,POTTER COUNTY JAIL,,,Potter,TX,,,,,35.1984,-101.8316
locations.csv,"exact latitude, longitude (city)",POWDRMT,POWDER RIVER COUNTY JAIL,114 N PARK AVENUE,BROADUS,POWDER RIVER,MT,59317,SLC,,,45.44372614,-105.4084346
locations.csv,"exact latitude, longitude (city)",POWERID,POWER COUNTY JAIL,550 GIFFORD STREET,AMERICAN FALLS,POWER,ID,83211,SLC,24/06/1991,24/06/1991,42.78278817,-112.8485565
sarahs research,"county approximate center only (latitude, longitude)",PRESBNY,NEW YORK PRESBYTERIAN HOSPITAL,,,New York,NY,,,,,40.7834,-73.9662
locations.csv,"exact latitude, longitude (city)",PRESITX,PRESIDIO COUNTY JAIL,310 NORTH HIGHLAND STREET,MARFA,PRESIDIO,TX,79843,ELP,17/09/2011,31/10/1996,30.31336567,-104.0212517
locations.csv,"exact latitude, longitude (city)",PRLDCTX,PRAIRIELAND DETENTION FACILITY,1209 SUNFLOWER LN,ALVARADO,JOHNSON,TX,76009,DAL,2004-11-17,17/01/2017,32.42078539,-97.19690234
locations.csv,"exact latitude, longitude (city)",PRLHOLD,PRAIRIELAND SUBOFFICE HOLD ROOM,1209 SUNFLOWER LN,ALVARADO,JOHNSON,TX,76009,DAL,,,32.42078539,-97.19690234
sarahs research,Unknown,PROHOLD,PROHOLD,,,,,,,,,0,0
locations.csv,"exact latitude, longitude (city)",PROWECO,PROWERS COUNTY JAIL,103 EAST OAK STREET,LAMAR,PROWERS,CO,81052,DEN,2010-03-10,2006-03-06,38.08617973,-102.618786
sarahs research,Latitude Longitude based only on state,PRSHANM,PRESBYTERIAN HOSP ABQ,,,,NM,,,,,34.8405,-106.2485
locations.csv,"exact latitude, longitude (city)",PRUHOLD,PROVO HOLD ROOM,3075 NORTH MAIN,SPANISH FORK,UTAH,UT,84660,SLC,,,40.148962,-111.659712
locations.csv,Latitude Longitude based only on state,PRVEGAL,VEGA ALTA DETENTION,"BO. ESPINOSA CARR. #2, KM 2.4",VEGA ALTA,VEGA ALTA,PR,692,MIA,,,18.2208,-66.5901
sarahs research,"exact latitude, longitude (city)",PRVMDKS,,,,,KS,,,,,39.01,98.48
locations.csv,"exact latitude, longitude (city)",PTCOULA,POINTE COUPEE PARISH DETENTION CENTER,10933 CAJUNII ROAD HWY 981,NEW ROADS,POINTE COUPEE,LA,70760,NOL,2004-05-05,24/10/1988,30.74728,-91.383482
locations.csv,"exact latitude, longitude (city)",PUEBLCO,PUEBLO COUNTY JAIL,909 COURT STREET,PUEBLO,PUEBLO,CO,81003,DEN,27/03/2014,22/10/1990,38.2755452,-104.6105561
locations.csv,"exact latitude, longitude (city)",PUEHOLD,PUEBLO HOLDROOM,"935 CO-67 Florence, CO 81226",FLORENCE,FREMONT,CO,81226,DEN,2007-06-17,2001-09-11,38.393003,-105.116869
locations.csv,"exact latitude, longitude (city)",PULASIL,PULASKI COUNTY JAIL,1026 SHAWNEE COLLEGE ROAD,ULLIN,PULASKI,IL,62992,CHI,2004-11-17,26/02/2016,37.272085,-89.175133
locations.csv,"exact latitude, longitude (city)",PULASKY,PULASKI COUNTY DETENTION CENTER,300 HAIL KNOB ROAD,SOMERSET,PULASKI,KY,42503,CHI,13/01/2006,19/10/2000,37.084944,-84.628173
sarahs research,"county approximate center only (latitude, longitude)",PUTMAFL,PUTNAM COUNTY JAIL,,,Putnam,FL,,,,,29.6493,-81.6705
sarahs research,"county approximate center only (latitude, longitude)",PUTNMTN,PUTNAM COUNTY SHERIFF,,,Putnam,TN,,,,,36.1482,-85.5109
sarahs research,"exact latitude, longitude (city)",PVHOSIN,,,,,IN,,,,,39.8494,-86.2583
sarahs research,Latitude Longitude based only on state,PVLYHCA,PARADISE VALLEY HOSPITAL,,,,CA,,,,,36.1162,-119.6816
locations.csv,"exact latitude, longitude (city)",PWHOSFL,PALMS WEST HOSPITAL,13001 SOUTHERN BLVD,LOXAHATCHEE,PALM BEACH,FL,33470,MIA,26/02/2011,16/02/2011,26.684044,-80.252606
locations.csv,"exact latitude, longitude (city)",PWILLVA,PRINCE WILLIAM COUNTY CORRECTIONAL FACILITY,9320 LEE AVENUE,MANASSAS,MANASSAS CITY,VA,20110,WAS,2010-10-17,7/12/91,38.75190824,-77.47775919
locations.csv,"exact latitude, longitude (city)",QLTYGCO,QUALITY INN,2650 GILSTRIP COURT,GLENWOOD SPRINGS,GARFIELD,CO,81647,DEN,2008-04-07,2008-04-07,39.559827,-107.364331
locations.csv,"exact latitude, longitude (city)",QLTYSCA,QUALITY SUITES,2351 OTAY MESA DRIVE,CALIPATRIA,SAN DIEGO,CA,92154,SND,2004-11-17,17/03/2014,32.556366,-116.942224
locations.csv,"exact latitude, longitude (city)",QUEHONY,QUEENS HOUSE OF DETENTION,126-01 82ND STREET,KEW GARDENS,QUEENS,NY,11415,NYC,,,40.71073049,-73.83179187
locations.csv,"exact latitude, longitude (city)",QUEICDF,"INS/WACKENHUT CON/FAC, NY",182-22 150TH AVE,JAMAICA,QUEENS,NY,11413,NYC,14/06/2005,3/11/90,40.711163,-73.809031
sarahs research,Latitude Longitude based only on state,QUEMCHI,QUEEN'S MEDICAL CENTER,,,,HI,,,,,21.0943,-157.4983
locations.csv,"exact latitude, longitude (city)",RAADCMN,RAMSEY COUNTY ADULT DETENTION CENTER,425 GROVE STREET,ST. PAUL,RAMSEY,MN,55101,SPM,2004-11-17,5/4/97,44.955749,-93.089261
locations.csv,"exact latitude, longitude (city)",RACINWI,RACINE COUNTY JAIL,717 WISCONSIN AVENUE,RACINE,RACINE,WI,53403,CHI,20/10/2003,9/7/97,42.72563422,-87.7836402
sarahs research,"exact latitude, longitude (city)",RADDFGA,ROBERT A DEYTON DETENTION FAC,,Lovejoy,Clayton,GA,,,,,33.4426,-84.3177
locations.csv,"exact latitude, longitude (city)",RAJAIMN,RAMSEY COUNTY JAIL,14 W. KELLOGG BLVD,ST. PAUL,RAMSEY,MN,55102,SPM,16/12/2003,6/3/91,44.94379242,-93.09319505
locations.csv,"exact latitude, longitude (city)",RAPPSVA,RAPPAHANNOCK REGIONAL JAIL,1745 JEFFERSON DAVIS HIGHWAY,STAFFORD,FREDERICKSBURG CITY,VA,22554,WAS,29/04/2015,27/08/1987,38.3184947,-77.4719874
locations.csv,"exact latitude, longitude (city)",RAVALMT,RAVALLI COUNTY JAIL,"RAVALLI COUNTY CH, 205 BEDFORD",HAMILTON,RAVALLI,MT,59840,SLC,2012-11-06,2003-04-03,46.244452,-114.157481
locations.csv,"exact latitude, longitude (city)",RCKISIL,ROCK ISLAND CORRECTIONAL CENTER,1317 THIRD AVENUE,ROCK ISLAND,ROCK ISLAND,IL,61201,CHI,29/01/2014,27/01/2014,41.509178,-90.580878
locations.csv,"exact latitude, longitude (city)",RCMHOLD,RICHMOND SUB-OFFICE HOLD,"400 N 8th St, Richmond, VA 23219",RICHMOND,RICHMOND,VA,23219,WAS,29/10/2017,21/07/2010,37.542324,-77.433933
sarahs research,Latitude Longitude based only on state,RDHOSPA,READING HOSPITAL,,,,PA,,,,,40.5908,-77.2098
sarahs research,Latitude Longitude based only on state,RDRVHTX,RED RIVER HOSPITAL,,,,TX,,,,,31.0545,-97.5635
locations.csv,"exact latitude, longitude (city)",RDUHOLD,RALEIGH HOLD ROOM,"120 Wilkinson Ave, Cary, NC 27513",CARY,WAKE,NC,27512,ATL,19/10/2017,15/12/2011,35.7897439,-78.7796076
locations.csv,"exact latitude, longitude (city)",REDETTX,REEVES COUNTY DETENTION,98 WEST COUNTY ROAD 204,PECOS,REEVES,TX,79772,ELP,16/02/2011,2004-01-01,31.3961529,-103.5395362
sarahs research,Latitude Longitude based only on state,REDHOLD,REDDING HOLD ROOM,,,,CA,,,,,36.1162,-119.6816
locations.csv,"exact latitude, longitude (city)",REGJCWA,REGIONAL JUSTICE CENTER,401 4TH AVENUE NORTH,KENT,KING,WA,98032,SEA,16/12/2002,7/1/98,47.38456725,-122.2384287
locations.csv,"exact latitude, longitude (city)",REHOSIL,RIVEREDGE HOSPITAL,8311 WEST ROOSEVELT ROAD,FOREST PARK,COOK,IL,60130,CHI,13/08/2015,16/07/1987,41.8649929,-87.8038743
locations.csv,"exact latitude, longitude (city)",REJAITX,REEVES COUNTY JAIL,52 COUNTY ROAD 204,PECOS,REEVES,TX,79772,ELP,16/06/2009,19/04/1990,31.38933574,-103.5266665
locations.csv,"exact latitude, longitude (city)",REJUVTX,REEVES CO. JUV. DET. CTR.,98 W COUNTY ROAD 203,PECOS,REEVES,TX,79772,ELP,8/7/98,12/7/96,31.391136,-103.533477
locations.csv,"exact latitude, longitude (city)",REMEDMN,REGIONS MEDICAL CENTER,640 JACKSON STREET,ST. PAUL,RAMSEY,MN,55101,SPM,2010-05-07,4/1/95,44.95561265,-93.09465236
locations.csv,"exact latitude, longitude (city)",RENHOLD,RENO HOLD ROOM,"911 E Parr Blvd, Reno, NV 89512",RENO,WASHOE,NV,89512,SLC,23/10/2017,26/04/2012,39.5729049,-119.8094503
locations.csv,"exact latitude, longitude (city)",RENOJKS,RENO COUNTY JAIL,210 W. 1ST STREET,HUTCHINSON,RENO,KS,67501,CHI,2012-03-07,7/10/93,38.05377,-97.936828
locations.csv,"exact latitude, longitude (city)",RENOYKS,RENO COUNTY YOUTH SERVICES,219 WEST 2ND AVENUE,HUTCHINSON,RENO,KS,67501,CHI,13/05/2003,20/10/2000,38.05463424,-97.937152
locations.csv,"exact latitude, longitude (city)",RENSSNY,RENSSELAER COUNTY CORRECTIONAL FACILITY,4000 MAIN STREET,TROY,RENSSELAER,NY,12180,BUF,28/11/2007,15/12/1993,42.7101578,-73.70085814
locations.csv,"exact latitude, longitude (city)",RGHOSTX,RIO GRANDE STREET HOSPITAL,1401 RANGERVILLE RD.,HARLINGEN,CAMERON,TX,78550,SNA,26/09/2016,4/10/96,26.172737,-97.700713
locations.csv,"exact latitude, longitude (city)",RGRNDTX,RIO GRANDE DETENTION CENTER,1001 SAN RIO BOULEVARD,LAREDO,WEBB,TX,78046,SNA,2004-11-17,2001-01-14,27.377813,-99.489677
locations.csv,"exact latitude, longitude (city)",RGS,RIO GRANDE VALLEY STAGING,27991 BUENA VISTA BLVD,LOS FRESNOS,CAMERON,TX,78566,SNA,2003-08-17,2004-06-10,26.155113,-97.338322
locations.csv,"exact latitude, longitude (city)",RICECKS,RICE COUNTY DETENTION CENTER,1482 WEST UNITED STATES HIGHWAY 56,LYONS,RICE,KS,67554,CHI,14/10/2013,23/06/2006,38.347486,-98.223738
locations.csv,"exact latitude, longitude (city)",RICECMN,RICE COUNTY JAIL,P.O. BOX 158,FARIBAULT,RICE,MN,55021,SPM,13/03/2006,9/8/91,44.293906,-93.27095
locations.csv,"exact latitude, longitude (city)",RICHMVA,RICHMOND CITY JAIL,1701 FAIRFIELD WAY,RICHMOND,RICHMOND,VA,23223,WAS,2011-04-16,14/08/1988,37.5491236,-77.4188828
sarahs research,"exact latitude, longitude (city)",RICHOLD,RICHLAND HOLD ROOM,,Richland,Benton,WA,,,,,46.2824,-119.2939
locations.csv,"exact latitude, longitude (city)",RICRANS,"ACI (CRANSTON, RHODE ISLAND)",39 HOWARD AVE,CRANSTON,PROVIDENCE,RI,2920,BOS,2004-04-05,11/9/96,41.74722048,-71.46723859
sarahs research,"exact latitude, longitude (city)",RIHPRRI,,,,,RI,,,,,41.6809,-71.5118
locations.csv,"exact latitude, longitude (city)",RIIHOLD,ROCK ISLAND HOLD ROOM,1317 3RD AVENUE,ROCK ISLAND,ROCK ISLAND,IL,61201,CHI,20/09/2017,2007-06-11,41.50918615,-90.58073053
locations.csv,"exact latitude, longitude (city)",RIKISNY,"RIKERS ISLAND, QUEENS, NY",1500 HAZEN ST,ELMHURST,QUEENS,NY,11370,NYC,2012-09-04,24/08/2004,40.792035,-73.886738
locations.csv,"exact latitude, longitude (city)",RIOBLCO,RIO BLANCO COUNTY JAIL,555 MAIN STREET,MEEKER,RIO BLANCO,CO,81641,DEN,2006-01-08,10/9/92,40.03754943,-107.9129705
locations.csv,"exact latitude, longitude (city)",RIOCCCA,RIO COSUMNES CORR. CENTER,12500 BRUCEVILLE ROAD,ELK GROVE,SACRAMENTO,CA,95757,SFR,2004-11-17,2012-07-13,38.4031734,-121.4176697
locations.csv,"exact latitude, longitude (city)",RIOGRCO,RIO GRANDE COUNTY JAIL,640 CHERRY STREET,DEL NORTE,RIO GRANDE,CO,81132,DEN,25/10/2017,18/06/1997,37.67659639,-106.3506827
locations.csv,"exact latitude, longitude (city)",RIVERCA,RIVERSIDE COUNTY SHERIFF,4095 LEMON STREET,RIVERSIDE,RIVERSIDE,CA,92225,LOS,9/11/99,12/11/98,33.97813549,-117.3740521
locations.csv,"exact latitude, longitude (city)",RIVHOLD,RIVERSIDE CUSTODY CASE,"2060 Chicago Ave A-10, Riverside, CA 92507",RIVERSIDE,ORANGE,CA,92705,LOS,2009-12-02,2003-01-01,33.992799,-117.348354
sarahs research,"exact latitude, longitude (city)",RMKHOLD,ROANOKE SUB-OFFICE HOLD ROOM,,Roanoke,Roanoke,VA,,,,,37.2785,-79.9581
locations.csv,"exact latitude, longitude (city)",RNDLLTX,RANDALL COUNTY JAIL,9100 SOUTH GEORGIA STREET,AMARILLO,RANDALL,TX,79118,DAL,2004-11-17,2001-05-07,35.116465,-101.866116
locations.csv,"exact latitude, longitude (city)",ROANOVA,ROANOKE COUNTY JAIL,401 EAST MAIN STREET,SALEM,SALEM,VA,24153,WAS,2005-07-15,24/04/1997,37.293689,-80.053459
locations.csv,"exact latitude, longitude (city)",ROBERSD,ROBERTS COUNTY,412 THIRD AVENUE EAST,SISSETON,ROBERTS,SD,57262,SPM,2002-02-12,1/5/97,45.663878,-97.047077
locations.csv,"exact latitude, longitude (city)",ROBERTN,ROBERTSON COUNTY,311 FIFTH AVENUE EAST,SPRINGFIELD,ROBERTSON,TN,37172,NOL,2006-02-07,10/5/99,36.508565,-86.880826
locations.csv,"exact latitude, longitude (city)",ROCCOTX,ROCKWALL COUNTY DETENTION CENTER,950 T.L. TOWNSEND DR,ROCKWALL,ROCKWALL,TX,75087,DAL,25/06/1991,26/06/1990,32.92232441,-96.45314298
sarahs research,"exact latitude, longitude (city)",ROCGHNY,,,,,NY,,,,,42.1657,-74.9481
locations.csv,"exact latitude, longitude (city)",ROCKIIL,ROCK ISLAND COUNTY CORRECTIONAL CENTER,1317 3RD AVENUE,ROCK ISLAND,ROCK ISLAND,IL,61201,CHI,2003-11-17,18/11/1998,41.50918615,-90.58073053
locations.csv,"exact latitude, longitude (city)",ROCKINH,ROCKINGHAM COUNTY JAIL,101 NORTH ROAD,BRENTWOOD,ROCKINGHAM,NH,3833,BOS,2011-08-10,1/5/96,43.011607,-71.053791
locations.csv,"exact latitude, longitude (city)",ROCKIVA,ROCKINGHAM COUNTY JAIL,25 SOUTH LIBERTY STREET,HARRISONBURG,HARRISONBURG CITY,VA,22801,WAS,2004-11-17,13/11/1989,38.44956526,-78.87046789
locations.csv,"exact latitude, longitude (city)",RONKEVA,ROANOKE CITY JAIL,340 CAMPBELL AVENUE SOUTHWEST,ROANOKE,ROANOKE,VA,24016,WAS,2004-11-17,25/11/2008,37.27138849,-79.94723813
locations.csv,"exact latitude, longitude (city)",ROSEAMN,ROSEAU COUNTY JAIL,302 SIXTH STREET,ROSEAU,ROSEAU,MN,56751,SPM,2008-06-09,18/06/1996,48.839881,-95.76663
locations.csv,"exact latitude, longitude (city)",ROSEBMT,ROSEBUD COUNTY JAIL,180 SOUTH 13TH AVENUE,FORSYTH,ROSEBUD,MT,59327,SLC,20/03/2011,14/11/2005,46.26639949,-106.673267
locations.csv,"exact latitude, longitude (city)",ROUNDPA,"ROUNDHOUSE (PHILADELPHIA, PENNSYLVANIA)",POLICE ADMINISTRATION BUILDING,PHILADELPHIA,PHILADELPHIA,PA,19106,PHI,17/02/2004,12/5/86,39.954633,-75.152009
locations.csv,"exact latitude, longitude (city)",ROUTTCO,ROUTT COUNTY JAIL,2025 SHIELD DRIVE,STEAMBOAT SPRINGS,ROUTT,CO,80487,DEN,13/04/2010,28/08/1996,40.50190473,-106.8600344
locations.csv,"exact latitude, longitude (city)",RPCHOLD,RAPID CITY HOLD ROOM,1675 SAMCO ROAD,RAPID CITY,PENNINGTON,SD,57702,SPM,2010-07-11,2007-11-10,44.09919672,-103.2646852
locations.csv,"exact latitude, longitude (city)",RRFINWA,RED ROOF INN,16838 INTERNATIONAL BLVD,SEATAC,KING,WA,98188,SEA,2003-11-17,15/02/2009,47.4511275,-122.2947371
locations.csv,"exact latitude, longitude (city)",RRIVRIL,ROCK RIVER HEALTH CARE,707 W. RIVERSIDE DR,ROCKFORD,WINNEBAGO,IL,61103,CHI,2012-02-17,19/11/2016,42.316638,-89.071697
locations.csv,"exact latitude, longitude (city)",RSREGVA,RIVERSIDE REGIONAL JAIL,1000 RIVER ROAD,HOPEWELL,HOPEWELL CITY,VA,23860,WAS,25/09/2014,3/11/97,37.295038,-77.321437
sarahs research,Latitude Longitude based only on state,RSWHOLD,ROSWELL HOLD ROOM,,,,NM,,,,,34.8405,-106.2485
locations.csv,"exact latitude, longitude (city)",RUNLSTX,RUNNELS COUNTY JAIL,200 S. HICKORY HILL,BALLINGER,RUNNELS,TX,76821,SNA,29/04/2004,30/12/2002,31.720531,-99.958472
locations.csv,"exact latitude, longitude (city)",RUTHETN,RUTHERFORD COUNTY SHERIFF,940 NEW SALEM ROAD,MURFREESBORO,RUTHERFORD,TN,37129,NOL,24/02/2003,22/05/1997,35.8466695,-86.4077519
locations.csv,"exact latitude, longitude (city)",RUTJVTN,RUTHERFORD COUNTY JUVENILE DETENTION CENTER,400 WEST MAIN ST,MURFREESBORO,RUTHERFORD,TN,37130,NOL,2005-09-03,27/11/2002,35.846452,-86.395266
sarahs research,"exact latitude, longitude (city)",RVBHHTX,,,,,TX,,,,,31.0545,-97.5635
sarahs research,"exact latitude, longitude (city)",RVRCCLA,River Correctional Center,,Ferriday,Concordia,LA,,,,,31.6343,-91.5562
sarahs research,"exact latitude, longitude (city)",RWCCMLA,RICHWOOD COR CENTER,,Monroe,Ouachita,LA,,,,,32.5185,-92.0774
locations.csv,"exact latitude, longitude (city)",SAAHOLD,SANTA ANA DRO HOLDROOM,34 CIVIC CENTER PLAZA,SANTA ANA,ORANGE,CA,90701,LOS,2005-06-17,2001-11-07,33.748562,-117.875155
locations.csv,"exact latitude, longitude (city)",SACCOIA,SAC COUNTY JAIL,100 SOUTH STATE STREET,SAC CITY,SAC,IA,50583,SPM,2004-11-02,22/10/2002,42.421104,-94.988341
locations.csv,"exact latitude, longitude (city)",SACHOLD,SACRAMENTO HOLD,650 CAPITOL MALL,SACRAMENTO,SACRAMENTO,CA,95814,SFR,26/10/2017,25/06/2000,38.57813929,-121.4995672
locations.csv,"exact latitude, longitude (city)",SACITCA,SANTA ANA CITY JAIL,62 CIVIC CENTER PLAZA,SANTA ANA,ORANGE,CA,92701,LOS,2008-05-17,12/6/97,33.750177,-117.880487
locations.csv,"exact latitude, longitude (city)",SACRACA,SACRAMENTO COUNTY JAIL,651 I STREET,SACRAMENTO,SACRAMENTO,CA,95814,SFR,31/07/2017,20/05/1997,38.582987,-121.49743
locations.csv,"exact latitude, longitude (city)",SAGHOLD,SAN ANGELO HOLDROOM,3197 EXECUTIVE DR,SAN ANGELO,TOM GREEN,TX,76904,DAL,2002-04-17,2002-04-17,31.42195134,-100.4640316
locations.csv,"exact latitude, longitude (city)",SAGUACO,SAGUACHE COUNTY JAIL,530 5TH STREET,SAGUACHE,SAGUACHE,CO,81149,DEN,2003-02-08,22/06/1992,38.08528973,-106.138084
locations.csv,"exact latitude, longitude (city)",SAIHOLD,SAIPAN HOLD,"Susupe, Saipan 96950, CNMI",SAIPAN,SAIPAN,MP,96950,SFR,23/10/2017,2008-05-14,15.156223,145.703679
locations.csv,"exact latitude, longitude (city)",SAJHOLD,SAN JUAN STAGING FACILITY,"7 Cll TabonucoGuaynabo, 00968, Puerto Rico",GUAYNABO,GUAYNABO,PR,968,MIA,23/09/2017,20/04/1990,18.406539,-66.106714
locations.csv,"exact latitude, longitude (city)",SALEMNJ,SALEM COUNTY CORRECTIONAL FACILITY,"125 Cemetery Rd, Woodstown, NJ 08098",WOODSTOWN,COUNTY,NJ,80898,NEW,2004-11-17,9/5/86,39.614489,-75.356102
sarahs research,"exact latitude, longitude (city)",SALHOLD,SALISBURY HOLD ROOM,,Salisbury,Wicomico,MD,,,,,38.3756,-75.5865
locations.csv,"exact latitude, longitude (city)",SALINKS,SALINE COUNTY JAIL,251 N. 10TH,SALINA,SALINE,KS,67401,CHI,26/04/2005,11/7/95,38.83536834,-97.61348937
sarahs research,"county approximate center only (latitude, longitude)",SALINNE,SALINE COUNTY JAIL,,,Saline,NE,,,,,40.6253,-96.9575
locations.csv,"exact latitude, longitude (city)",SAMBCMI,SAMARITAN BEHAVIORAL CENTER,"5555 CONNER AVENUE, SUITE 3 NORTH",DETROIT,COUNTY,MI,48213,DET,2004-11-17,27/03/2013,42.390695,-82.982098
locations.csv,"exact latitude, longitude (city)",SANANCA,SANTA ANA COUNTY JAIL,1050 CIVIC CENTER DRIVE,SANTA ANA,ORANGE,CA,92703,LOS,2009-12-09,2/1/97,33.750122,-117.880573
locations.csv,"exact latitude, longitude (city)",SANDONM,SANDOVAL COUNTY DETENTION CENTER,100 MONTOYA ROAD,BERNALILLO,SANDOVAL,NM,87004,ELP,2007-03-12,25/03/1999,35.321519,-106.570305
locations.csv,"exact latitude, longitude (city)",SANJAIL,SANGAMON COUNTY JAIL,1 SHERIFFS PLAZA,SPRINGFIELD,SANGAMON,IL,62701,CHI,17/10/2017,13/04/1989,39.800056,-89.642601
locations.csv,"exact latitude, longitude (city)",SANMINM,SAN MIGUEL COUNTY DETENTION CENTER,26 NM 283,LAS VEGAS,SAN MIGUEL,NM,87701,ELP,2003-10-01,16/05/1997,35.557635,-105.2279758
locations.csv,"exact latitude, longitude (city)",SANPATX,SAN PATRICIO COUNTY JAIL,300 NORTH RACHAL AVENUE,SINTON,SAN PATRICIO,TX,78387,SNA,2/2/99,30/05/1998,28.039057,-97.510348
locations.csv,"exact latitude, longitude (city)",SANTACR,TONY ESTRADA LAW ENFORCEMENT CENTER,2170 NORTH CONGRESS DRIVE,NOGALES,SANTA CRUZ,AZ,85621,PHO,,,31.36975914,-110.9403304
locations.csv,"exact latitude, longitude (city)",SANTANM,SANTA FE COUNTY JAIL,2515 CAMINO ENTRADA,SANTA FE,SANTA FE,NM,87507,ELP,13/07/2015,3/3/99,35.63597375,-106.0199822
locations.csv,"exact latitude, longitude (city)",SARASFL,SARASOTA COUNTY JAIL,2020 MAIN ST,SARASOTA,SARASOTA,FL,34237,MIA,14/02/2005,22/12/1995,27.336377,-82.529935
locations.csv,"exact latitude, longitude (city)",SARJUNE,SARPY COUNTY JUVENILE,1257 GOLDENGATE DRIVE #8,PAPILLION,CASS,NE,68048,SPM,2010-04-14,14/04/1999,41.141368,-96.03921
locations.csv,"exact latitude, longitude (city)",SARPYNE,SARPY COUNTY JAIL,1208 GOLDEN GATE DRIVE,PAPILLION,SARPY,NE,68046,SPM,2012-02-11,2/12/90,41.14318758,-96.04171089
sarahs research,"county approximate center only (latitude, longitude)",SAUKCWI,SAUK COUNTY SHERIFF,,,Sauk,WI,,,,,43.4695,-89.7376
locations.csv,"exact latitude, longitude (city)",SBARBCA,SANTA BARBRA COUNTY JAIL,4436 CALLE REAL,SANTA BARBRA,SANTA BARBRA,CA,93110,LOS,19/10/1999,5/1/99,34.444148,-119.776223
locations.csv,"exact latitude, longitude (city)",SBDHOLD,SAN BERNADINO HOLD ROOM,655 WEST RIALTO AVENUE,SAN BERNADINO,SAN BERNARDINO,CA,92410,LOS,2003-11-17,2006-11-08,34.10077,-117.297624
locations.csv,"exact latitude, longitude (city)",SBERNCA,SAN BERNARDINO COUNTY JAIL,630 EAST RIALTO AVENUE,SAN BERNARDINO,SAN BERNARDINO,CA,92408,LOS,28/01/2014,19/12/1989,34.10154663,-117.2716512
locations.csv,"exact latitude, longitude (city)",SCHNENY,SCHNECTADY COUNTY JAIL,320 VEEDER AVENUE,SCHNECTADY,SCHENECTADY,NY,12307,BUF,2005-06-07,23/02/1996,42.810067,-73.939953
locations.csv,"exact latitude, longitude (city)",SCHOHNY,SCHOHARIE COUNTY JAIL,"MAIN STREET, PO BOX 332",SCHOHARIE,SCHOHARIE,NY,12157,BUF,2005-02-04,26/03/2001,42.672958,-74.307633
locations.csv,"exact latitude, longitude (city)",SCMENCA,SANTA CLARA CO JAIL/MENS,"ELMWOOD MEN'S FACILITY / 945 Thompson Street, Milpitas, CA 95035",MILPITAS,SANTA CLARA,CA,95035,SFR,4/4/99,27/04/1998,37.417661,-121.911489
locations.csv,"exact latitude, longitude (city)",SCNORCA,SANTA CLARA COUNTY MAIN JAIL,885 NORTH SAN PEDRO ST,SAN JOSE,SANTA CLARA,CA,95110,SFR,14/06/2012,20/07/1995,37.35195267,-121.9056373
sarahs research,"exact latitude, longitude (city)",SCOTTIA,,,,,IA,,,,,42.0115,-93.2105
locations.csv,"exact latitude, longitude (city)",SCOTTMN,SCOTT COUNTY JAIL,301 FULLER STREET SOUTH,SHAKOPEE,SCOTT,MN,55372,SPM,2002-03-03,30/12/1991,44.795466,-93.527342
locations.csv,"exact latitude, longitude (city)",SCOTTMO,SCOTT COUNTY JAIL,211 S. NEW MADRID ST.,BENTON,SCOTT,MO,63786,CHI,31/03/2014,2003-12-09,37.096581,-89.564259
locations.csv,"exact latitude, longitude (city)",SCOTTNE,SCOTTS BLUFF COUNTY JAIL,1725 10TH ST,GERING,SCOTTS BLUFF,NE,69341,SPM,2004-11-17,26/10/1992,41.82607718,-103.6604624
locations.csv,"exact latitude, longitude (city)",SCRUZAZ,SANTA CRUZ COUNTY JAIL,1250 NORTH HOHOKAM DRIVE,NOGALES,SANTA CRUZ,AZ,85621,PHO,21/04/2009,22/05/1990,31.35537155,-110.9278234
locations.csv,"exact latitude, longitude (city)",SCRUZCA,SANTA CRUZ COUNTY MAIN JAIL,259 WATER STREET,SANTA CRUZ,SANTA CRUZ,CA,95060,SFR,23/09/1999,1/9/99,36.97893934,-122.0236645
locations.csv,"exact latitude, longitude (city)",SCSOUCA,SANTA CLARA COUNTY JAIL,SANTA CLARA COUNTY JAIL/SOUTH,SAN JOSE,SANTA CLARA,CA,95110,SFR,2002-05-02,2/10/97,37.3514718,-121.9062345
sarahs research,Latitude Longitude based only on state,SCVMCCA,SHARP CHULA VISTA MEDICAL CENTER,,,,CA,,,,,36.1162,-119.6816
locations.csv,"exact latitude, longitude (city)",SDHOSCA,SAN DIEGO AREA HOSPITAL,751 MED. CENTER CT,CHULA VISTA,SAN DIEGO,CA,91911,SND,24/08/2016,2010-10-07,32.6188528,-117.0230189
locations.csv,"exact latitude, longitude (city)",SDPROCA,S.D. COUNTY PROBATION,3977 OHIO STREET,SAN DIEGO,SAN DIEGO,CA,92104,SND,1/9/98,1/9/98,32.74985394,-117.1288177
locations.csv,"exact latitude, longitude (city)",SEAHOLD,SEATTLE FIELD OFFICE HOLD ROOM,12500 TUKWILLA INTL.,SEATTLE,KING,WA,98168,SEA,19/10/2017,2005-07-01,47.490701,-122.291143
locations.csv,"exact latitude, longitude (city)",SEAICDF,SEATTLE CONTRACT DETENTION,815 AIRPORT WAY SOUTH,SEATTLE,KING,WA,98134,SEA,19/10/2007,17/04/1989,47.59511695,-122.3270858
locations.csv,"exact latitude, longitude (city)",SEBASAR,SEBASTIAN COUNTY DETENTION CENTER,801 SOUTH A STREET,FORT SMITH,SEBASTIAN,AR,72901,NOL,2004-11-17,7/1/98,35.382833,-94.4251108
locations.csv,"exact latitude, longitude (city)",SEBJVAR,SEBASTIAN COUNTY JUVENILE,"801 SOUTH ""A"" ST.",FORT SMITH,SEBASTIAN,AR,72901,NOL,24/01/2007,14/02/2005,35.382743,-94.425108
locations.csv,"exact latitude, longitude (city)",SEDGWKS,SEDGWICK COUNTY JAIL,141 W. ELM,WICHITA,SEDGWICK,KS,67203,CHI,20/05/2007,21/02/1991,37.69461,-97.340055
locations.csv,"exact latitude, longitude (city)",SEH,ST. ELIZABETH'S HOSPITAL (DC),1100 ALABAMA AVENUE SOUTHEAST,WASHINGTON,DISTRICT OF COLUMBIA,DC,20032,WAS,9/4/95,6/6/80,38.8483075,-76.9869176
locations.csv,"exact latitude, longitude (city)",SENECNY,SENECA COUNTY JAIL,44 W. WILLIAM ST.,CORNING,STEUBEN,NY,14830,BUF,2007-05-14,18/06/2009,42.14993775,-77.0628675
locations.csv,"exact latitude, longitude (city)",SENECOH,SENECA COUNTY JAIL,3040 SOUTH STATE HIGHWAY 100,TIFFIN,SENECA,OH,44883,DET,2004-11-17,22/03/1996,41.079514,-83.153682
locations.csv,"exact latitude, longitude (city)",SEWARKS,SEWARD COUNTY JAIL,112 E. 5TH,LIBERAL,SEWARD,KS,67901,CHI,2005-06-07,25/11/1991,37.04266612,-100.920949
locations.csv,"exact latitude, longitude (city)",SFCOJCA,SAN FRANCISCO COUNTY JAIL,425 7TH STREET,SAN FRANCISCO,SAN FRANCISCO,CA,94103,SFR,12/6/92,1/12/89,37.775226,-122.4049149
locations.csv,"exact latitude, longitude (city)",SFCORNM,SANTA FE CORNELL DETENTION,4312 HIGHWAY 14 SANTA FE NM 87505,SANTA FE,SANTA FE,NM,87508,ELP,25/03/2012,8/1/99,35.563707,-106.053574
locations.csv,"exact latitude, longitude (city)",SFDHOLD,SIOUX FALLS HOLD ROOM,300 EAST 8TH STREET,SIOUX FALLS,MINNEHAHA,SD,57103,SPM,17/06/2017,2004-05-11,43.548712,-96.72369
locations.csv,"exact latitude, longitude (city)",SFJUVOK,SAC & FOX NATION JUVENILE DETENTION,RT 2,STROUD,LINCOLN,OK,74079,DAL,2001-05-05,30/04/1998,35.74629088,-96.6615667
locations.csv,"exact latitude, longitude (city)",SFRHOLD,SFR HOLD ROOM,630 SANSOME ST.,SAN FRANCISCO,SAN FRANCISCO,CA,94111,SFR,16/10/2017,15/03/2008,37.7963088,-122.4015046
locations.csv,,SGUHOLD,SAINT GEORGE HOLD ROOM,UNAVAILABLE,SAINT GEORGE,WASHINGTON,UT,84770,SLC,,,40.15,-111.8624
locations.csv,"exact latitude, longitude (city)",SHACOKS,SHAWNEE COUNTY DEPARTMENT OF CORRECTIONS,501 SOUTHEAST 8TH AVENUE,TOPEKA,SHAWNEE,KS,66607,CHI,2004-11-17,11/9/98,39.0481007,-95.6718263
locations.csv,"exact latitude, longitude (city)",SHAJUKS,SHAWNEE COUNTY JUVENILE DETENTION CENTER,401 SE 8TH STREET,TOPEKA,SHAWNEE,KS,66607,CHI,2012-09-17,10/3/99,39.047595,-95.670171
locations.csv,"exact latitude, longitude (city)",SHECOVA,SHENANDOAH COUNTY JAIL,109 WEST COURT STREET,WOODSTOCK,SHENANDOAH,VA,22664,WAS,2009-10-14,10/3/98,38.8819702,-78.5057146
locations.csv,"exact latitude, longitude (city)",SHELBKY,SHELBY COUNTY DETENTION CENTER,1000 DETENTION ROAD,SHELBYVILLE,SHELBY,KY,40065,CHI,,,38.218802,-85.221294
locations.csv,"exact latitude, longitude (city)",SHELBTN,SHELBY COUNTY,201 POPLAR AVENUE,MEMPHIS,SHELBY,TN,38103,NOL,2003-10-05,17/08/1992,35.149377,-90.048211
locations.csv,"exact latitude, longitude (city)",SHERBMN,SHERBURNE COUNTY JAIL,13880 UNITED STATES HIGHWAY 10,ELK RIVER,SHERBURNE,MN,55330,SPM,2004-11-17,1/4/91,45.304329,-93.619191
locations.csv,"exact latitude, longitude (city)",SHERIMT,SHERIDAN COUNTY JAIL,100 WEST LAUREL AVENUE,PLENTYWOOD,SHERIDAN,MT,59254,SLC,2007-03-15,29/09/1991,48.778326,-104.557544
locations.csv,"exact latitude, longitude (city)",SHERIWY,SHERIDAN COUNTY JAIL,54 WEST 13TH STREET,SHERIDAN,SHERIDAN,WY,82801,DEN,24/03/2009,17/02/2008,44.81608816,-106.9558958
sarahs research,Latitude Longitude based only on state,SHMCHNV,SUMMERLIN HOSPITAL MEDICAL CENTER,,,,NV,,,,,38.3135,-117.0554
locations.csv,"exact latitude, longitude (city)",SHOSHID,SHOSHONE COUNTY PUBLIC SAFETY FACILITY,717 BANK ST,WALLACE,SHOSHONE,ID,83873,SLC,28/11/2005,2004-04-05,47.47169476,-115.9220778
locations.csv,"exact latitude, longitude (city)",SILBOMT,BUTTE-SILVER BOW COUNTY JAIL,155 WEST QUARTZ STREET,BUTTE,SILVER BOW,MT,59701,SLC,2012-09-10,2004-05-01,46.01528006,-112.5387644
locations.csv,"exact latitude, longitude (city)",SILERTN,SILVERDALE/HAMILTON COUNTY,7609 STANDIFER GAP ROAD,CHATTANOOGA,HAMILTON,TN,37421,NOL,2006-02-08,5/7/00,35.0514851,-85.13669949
locations.csv,"exact latitude, longitude (city)",SIMPSMS,SIMPSON COUNTY JAIL,CHANCERY COURT BLDG.,MENDENHALL,SIMPSON,MS,39114,NOL,2003-03-04,17/07/1991,31.960339,-89.859843
locations.csv,"exact latitude, longitude (city)",SIOUXIA,SIOUX COUNTY JAIL,4363 IRONWOOD AVENUE,ORANGE CITY,SIOUX,IA,51041,SPM,2012-03-03,7/7/93,43.01680344,-96.07643806
locations.csv,"exact latitude, longitude (city)",SITKAAK,SITKA CITY JAIL,304 LAKE STREET,SITKA,SITKA,AK,99835,SEA,30/04/2015,20/09/1992,57.05260155,-135.3336124
locations.csv,"exact latitude, longitude (city)",SJCOJCA,SAN JOAQUIN COUNTY JAIL,7000 N. CANLIS BLVD,FRENCH CAMP,SAN JOAQUIN,CA,95231,SFR,25/03/1997,19/01/1996,37.8855762,-121.2982741
locations.csv,"exact latitude, longitude (city)",SJS,SAN JUAN STAGING,"651 FEDERAL DRIVE, SUITE 104",GUAYNABO,GUAYNABO,PR,965,MIA,17/09/2017,30/09/2013,18.423358,-66.114827
locations.csv,"exact latitude, longitude (city)",SJUANNM,SAN JUAN COUNTY DETENTION CENTER,103 South Oliver Drive,AZTEC,SAN JUAN,NM,87410,ELP,,,36.82580645,-108.0218508
locations.csv,"exact latitude, longitude (city)",SJUHOLD,SAN JUAN AIRPORT HOLD ROOM,LUIS MUNOZ MARIN IA,SAN JUAN,SAN JUAN,PR,937,MIA,2001-09-16,13/05/2015,18.437531,-66.004703
locations.csv,"exact latitude, longitude (city)",SLCHOLD,SALT LAKE CITY HOLD ROOM,"3575 Market St, West Valley City, UT 84119",WEST VALLEY CITY,SALT LAKE,UT,84120,SLC,2009-05-17,2008-08-13,40.6845765,-111.9612484
sarahs research,Latitude Longitude based only on state,SLHTWTX,ST LUKE'S HEALTH - THE WOODLANDS,,,,TX,,,,,31.0545,-97.5635
locations.csv,"exact latitude, longitude (city)",SLJUVMO,ST. LOUIS JUVENILE CENTER,501 S. BRENTWOOD,ST. LOUIS,SAINT LOUIS,MO,63105,CHI,2008-04-04,18/03/1997,38.64439483,-90.34293134
locations.csv,"exact latitude, longitude (city)",SLOBICA,SAN LUIS OBISPO CO JAIL,1585 KANSAS AVENUE,SAN LUIS OBISPO,SAN LUIS OBISPO,CA,93406,LOS,2009-08-17,26/10/1998,35.3213217,-120.7252554
locations.csv,"exact latitude, longitude (city)",SLOXBUT,SALT LAKE COUNTY OXBOW JAIL,3148 SOUTH 1100 WEST,SALT LAKE CITY,SALT LAKE,UT,84119,SLC,15/03/2000,14/10/1994,40.702483,-111.922838
locations.csv,"exact latitude, longitude (city)",SLRDCAZ,SAN LUIS REGIONAL DETENTION CENTER,406 NORTH AVENUE D,SAN LUIS,YUMA,AZ,85349,PHO,2004-11-17,28/01/2008,32.49847,-114.778342
locations.csv,"exact latitude, longitude (city)",SLSLCUT,SALT LAKE COUNTY METRO JAIL,3415 SOUTH 900 WEST,SALT LAKE CITY,SALT LAKE,UT,84119,SLC,29/10/2017,2/3/93,40.7262389,-111.9167772
sarahs research,"exact latitude, longitude (city)",SMAHOLD,SANTA MARIA SUB OFFICE ERO,,Santa Maria,Santa Barbara,CA,,,,,34.9333,-120.4431
locations.csv,"exact latitude, longitude (city)",SMARYMD,ST. MARYS COUNTY DETENTION CENTER,41880 BALDRIDGE STREET,LEONARDTOWN,SAINT MARYS,MD,20650,BAL,26/06/2009,23/10/1997,38.30172712,-76.62949526
locations.csv,"exact latitude, longitude (city)",SMATECA,SAN MATEO CO JAIL,300 BRADFORD STREET,REDWOOD CITY,SAN MATEO,CA,94063,SFR,20/01/1998,23/11/1996,37.487763,-122.232173
locations.csv,"exact latitude, longitude (city)",SMCORLA,ST. MARTIN PARISH CORRECTIONAL CENTER,400 ST MARTIN STREET,ST MARTINVILLE,SAINT MARTIN,LA,70582,NOL,29/08/2006,25/05/1988,30.119188,-91.829587
locations.csv,"exact latitude, longitude (city)",SMJUVCA,SAN MATEO JUVENILLE HALL,21 TOWER ROAD,SAN MATEO,SAN MATEO,CA,94402,SFR,18/07/2007,15/08/1996,37.5156188,-122.3341154
locations.csv,"exact latitude, longitude (city)",SMMEDLA,ST. MARTIN PARISH MEDICAL,400 ST MARTIN STREET,ST MARTINVILLE,SAINT MARTIN,LA,70582,NOL,28/09/2006,5/1/97,30.119188,-91.829587
sarahs research,"county approximate center only (latitude, longitude)",SMNOLFL,SEMINOLE COUNTY JAIL,,,Seminole,FL,,,,,28.7891,-81.2757
locations.csv,"exact latitude, longitude (city)",SMPARLA,ST. MARTIN PARISH,437 WEST MILLS AVENUE,BREAUX BRIDGE,SAINT MARTIN,LA,70517,NOL,2004-01-05,27/04/2000,30.27621804,-91.91785374
locations.csv,"exact latitude, longitude (city)",SNAHOLD,SAN ANTONIO DRO HOLD ROOM,8940 FOURWINDS DRIVE,SAN ANTONIO,BEXAR,TX,78239,SNA,2004-10-17,23/03/2010,29.52218155,-98.39182655
locations.csv,"exact latitude, longitude (city)",SNDCOCA,SAN DIEGO COUNTY JAIL,446 ALTA ROAD,SAN DIEGO,SAN DIEGO,CA,92158,SND,17/05/2016,2011-11-08,32.590171,-116.921245
locations.csv,"exact latitude, longitude (city)",SNDHOLD,SAN DIEGO DISTRICT STAGING,"220 W C St, San Diego, CA 92101",SAN DIEGO,SAN DIEGO,CA,92101,SND,2004-11-17,28/02/1986,32.717307,-117.165183
locations.csv,"exact latitude, longitude (city)",SNJHOLD,SNJ HOLD ROOM,1887 MONTEREY ROAD,SAN JOSE,SANTA CLARA,CA,95112,SFR,19/07/2016,16/01/2009,37.23883,-121.7742945
locations.csv,"exact latitude, longitude (city)",SNMGLCO,SAN MIGUEL COUNTY JAIL,"851 63l RoadTelluride, CO 81435 ",TELLURIDE,SAN MIGUEL,CO,81435,DEN,19/09/2007,2007-03-07,37.944149,-107.899141
sarahs research,"exact latitude, longitude (city)",SNTRHNY,,,,,NY,,,,,42.1657,-74.9481
locations.csv,"exact latitude, longitude (city)",SNYDEPA,SNYDER COUNTY JAIL,600 OLD COLONY ROAD,SELINSGROVE,SNYDER,PA,17870,PHI,2008-07-08,24/02/1994,40.82356,-76.890266
locations.csv,"exact latitude, longitude (city)",SOBAYCA,SOUTH BAY DETENT FACILITY,500 3RD AVENUE,CHULA VISTA,SAN DIEGO,CA,91910,SND,2007-04-16,1905-06-04,32.632657,-117.077746
locations.csv,"exact latitude, longitude (city)",SOLONOH,SOLON CITY JAIL,33000 SOLON ROAD,SOLON,CUYAHOGA,OH,44139,DET,26/08/2013,2/1/00,41.3906074,-81.4397818
locations.csv,"exact latitude, longitude (city)",SOMERME,SOMERSET COUNTY JAIL,131 EAST MADISON ROAD,MADISON,SOMERSET,ME,4950,BOS,25/06/2006,29/08/1998,44.7893856,-69.88266087
locations.csv,"exact latitude, longitude (city)",SOMERPA,SOMERSET COUNTY JAIL,127 EAST FAIRVIEW STREET,SOMERSET,SOMERSET,PA,15501,PHI,2011-03-07,18/05/2004,40.010314,-79.07787062
locations.csv,"exact latitude, longitude (city)",SOUTECO,SOUTHERN UTE DETENTION CENTER,"149 Co Rd 517, Ignacio, CO 81137",IGNACIO,LA PLATA,CO,81137,DEN,2003-12-09,2009-01-06,37.132919,-107.633797
locations.csv,"exact latitude, longitude (city)",SPGHOLD,SPRINGFIELD DRO HOLD,2401 W. OLD ROUTE 66,STRAFFORD,GREENE,MO,65757,CHI,,,37.2669575,-93.1294134
locations.csv,"exact latitude, longitude (city)",SPHOSCA,SAN PEDRO PENINSULA HOSPITAL,1300 W 7TH ST,SAN PEDRO,LOS ANGELES,CA,90732,LOS,19/03/2014,8/9/95,33.7393391,-118.3066854
locations.csv,"exact latitude, longitude (city)",SPMHOLD,US INS/DETENTION & DEPORTATION,2901 METRO DRIVE STE 100,BLOOMINGTON,HENNEPIN,MN,55425,SPM,15/08/2017,25/07/1989,44.860123,-93.230675
sarahs research,"exact latitude, longitude (city)",SPOHOLD,SPOKANE HOLD ROOM,,Spokane,Spokane,WA,,,,,47.6671,-117.433
locations.csv,"exact latitude, longitude (city)",SPOKAWA,SPOKANE COUNTY,1100 WEST MALLON AVENUE,SPOKANE,SPOKANE,WA,99260,SEA,2008-08-08,2010-12-02,47.66536816,-117.4280017
sarahs research,Latitude Longitude based only on state,SPOTSVA,SPOTSYLVANIA REG MED CTR,,,,VA,,,,,37.7693,-78.17
locations.csv,"exact latitude, longitude (city)",SPP,SAN PEDRO SERVICE PROCESSING CENTER,"2001 Seaside Ave Processing Center San Pedro, CA 90731",SAN PEDRO,LOS ANGELES,CA,90731,LOS,24/10/2007,27/06/1988,33.733309,-118.292224
sarahs research,"exact latitude, longitude (city)",SPRHONY,,,,,NY,,,,,42.1657,-74.9481
locations.csv,"exact latitude, longitude (city)",SPRNGOR,SPRINGFIELD CITY JAIL,344 A STREET,SPRINGFIELD,LANE,OR,97477,SEA,31/10/2017,29/10/2012,44.0475018,-123.0214501
locations.csv,"exact latitude, longitude (city)",SRITACA,SANTA RITA JAIL,5325 BRODER BOULEVARD,DUBLIN,ALAMEDA,CA,94568,SFR,2008-01-03,29/07/1991,37.71782845,-121.8879894
locations.csv,"exact latitude, longitude (city)",SRJDFID,SNAKE RIVER JUVENILE,2515 WRIGHT AVENUE,TWIN FALLS,TWIN FALLS,ID,83301,SLC,16/11/2009,21/06/2002,42.54311355,-114.4337813
sarahs research,"county approximate center only (latitude, longitude)",SROSAFL,SANTA ROSA COUNTY JAIL,,,Santa Rosa,FL,,,,,30.4174,-86.8907
sarahs research,"exact latitude, longitude (city)",SSHNHNY,,,,,NY,,,,,42.1657,-74.9481
sarahs research,"exact latitude, longitude (city)",SSHSWMA,,,,,MA,,,,,42.2302,-71.5301
locations.csv,"exact latitude, longitude (city)",SSMHOLD,SAULT SAINTE MARIE HOLDROOM,325 COURT SUITE #3,SAULT STE. MARIE,COUNTY,MI,49783,DET,,,46.49755,-84.345642
locations.csv,"exact latitude, longitude (city)",STAHOLD,SAINT ALBANS HOLD ROOM,64 GRICEBROOK ROAD,SAINT ALBANS,COUNTY,VT,5478,BOS,27/08/2014,2004-02-14,44.80115263,-73.07364169
locations.csv,"exact latitude, longitude (city)",STANTKS,STANTON COUNTY JAIL,208 N CHESTNUT ST,JOHNSON,STANTON,KS,67855,CHI,17/06/2004,16/06/2004,37.57194118,-101.7495107
locations.csv,"exact latitude, longitude (city)",STARKOH,STARK COUNTY JAIL,"4500 Atlantic Blvd NE, Canton, OH 44705",CANTON,STARK,OH,44711,DET,14/09/2004,23/12/2003,40.839641,-81.308695
locations.csv,"exact latitude, longitude (city)",STARRTX,STARR COUNTY JAIL,100 E. 6TH ST,RIO GRANDE CITY,STARR,TX,78582,SNA,29/11/2004,6/5/87,26.383102,-98.819073
locations.csv,"exact latitude, longitude (city)",STCANVI,ST X ANNAS HOPE,"Christiansted, St Croix 00820",SAINT CROIX,SAINT CROIX,VI,820,MIA,2005-08-04,22/08/1995,17.743948,-64.707982
locations.csv,"exact latitude, longitude (city)",STCDFTX,SOUTH TEXAS DETENTION COMPLEX,566 VETERANS DRIVE,PEARSALL,FRIO,TX,78061,SNA,2004-11-17,27/06/2005,28.8946514,-99.1219428
locations.csv,"exact latitude, longitude (city)",STCGOVI,ST. X GOLDEN GROVE,"RR 1 Golden Grove, St. Croix, VI, USA 00802",CHRISTIANSTED,SAINT CROIX,VI,820,MIA,2009-06-08,27/08/1996,36.834537,-76.033768
sarahs research,Latitude Longitude based only on state,STCHOVA,SENTARA CAREPLEX HOSPITAL,,,,VA,,,,,37.7693,-78.17
sarahs research,"exact latitude, longitude (city)",STCHRLA,,,,,LA,,,,,31.1695,-91.8678
locations.csv,"exact latitude, longitude (city)",STCLAMI,SAINT CLAIR COUNTY JAIL,1170 MICHIGAN ROAD,PORT HURON,SAINT CLAIR,MI,48060,DET,2004-11-17,5/9/91,42.94196024,-82.48124175
locations.csv,"exact latitude, longitude (city)",STCLAMO,ST. CLAIR COUNTY JAIL,360 CHESTNUT STREET,OSCEOLA,ST. CLAIR,MO,64776,CHI,2010-07-03,4/9/91,38.04702184,-93.70183453
locations.csv,"exact latitude, longitude (city)",STCROWI,ST. CROIX COUNTY JAIL,1101 CARMICHAEL RD,HUDSON,ST CROIX,WI,54016,SPM,17/05/2001,1/4/91,44.981443,-92.7231243
locations.csv,"exact latitude, longitude (city)",STDHOLD,SOUTH TEXAS/PEARSALL HOLD ROOM,566 VETERAN DRIVE,PEARSALL,FRIO,TX,78061,SNA,17/10/2017,2002-03-11,28.895232,-99.121238
sarahs research,"exact latitude, longitude (city)",STELHOH,,,,,OH,,,,,40.3888,-82.7649
locations.csv,"exact latitude, longitude (city)",STEUBNY,STEUBEN COUNTY JAIL,7007 RUMSEY STREET EXTENSION,BATH,STEUBEN,NY,14810,BUF,13/11/2013,6/11/87,42.349616,-77.295631
locations.csv,"exact latitude, longitude (city)",STEVEWA,STEVENS COUNTY JAIL,215 SOUTH OAK STREET,COLVILLE,STEVENS,WA,99114,SEA,19/12/2016,2005-12-03,48.54252786,-117.9041854
locations.csv,"exact latitude, longitude (city)",STFRAMO,ST. FRANCOIS COUNTY JAIL,1550 DOUBET ROAD,FARMINGTON,SAINT FRANCOIS,MO,63640,CHI,31/05/2005,2/6/97,37.7641034,-90.43770197
locations.csv,"exact latitude, longitude (city)",STFRCTX,SOUTH TEXAS FAMILY RESIDENTIAL CENTER,1925 WEST HIGHWAY 85,DILLEY,FRIO,TX,78017,SNA,2004-11-17,19/12/2014,28.658051,-99.200575
sarahs research,"exact latitude, longitude (city)",STFRHGA,,,,,GA,,,,,33.0406,-83.6431
sarahs research,"county approximate center only (latitude, longitude)",STGENMO,STE. GENEVIEVE COUNTY SHERIFF/JAIL,,,Ste. Genevieve,MO,,,,,37.9755,-90.0477
locations.csv,"exact latitude, longitude (city)",STHOSTX,SOUTH TEXAS HOSPITAL,1301 RANGERVILLE ROAD,HARLINGEN,CAMERON,TX,78550,SNA,29/06/2003,13/08/1986,26.172737,-97.700713
sarahs research,"exact latitude, longitude (city)",STJHCCA,,,,,CA,,,,,36.1162,-119.6816
sarahs research,Latitude Longitude based only on state,STJMCWA,ST JOSEPH MEDICAL CENTER,,,,WA,,,,,47.4009,-121.4905
sarahs research,"exact latitude, longitude (city)",STJONFL,ST. JOHN'S COUNTY JAIL,,St. Augustine,St. Johns,FL,,,,,29.8976,-81.31
locations.csv,"exact latitude, longitude (city)",STJOSAZ,ST JOSEPHS HOSPITAL,350 WEST THOMAS RD,PHOENIX,MARICOPA,AZ,85013,PHO,2012-07-12,18/08/2009,33.4811191,-112.0793075
locations.csv,"exact latitude, longitude (city)",STJOSCA,ST. JOSEPHS HOSPITAL,1100 WEST STEWART DRIVE,ORANGE,ORANGE,CA,92868,LOS,2011-03-10,2003-04-09,33.78213355,-117.8640264
sarahs research,"exact latitude, longitude (city)",STJOSCO,,,,,CO,,,,,39.0598,-105.3111
locations.csv,"exact latitude, longitude (city)",STJOSIN,ST. JOSEPH COUNTY JAIL,129 S. MAIN ST.,SOUTH BEND,ST JOSEPH,IN,46601,CHI,27/11/2006,2004-09-01,41.67592096,-86.25208667
locations.csv,"exact latitude, longitude (city)",STJOSMI,ST JOSEPH COUNTY (CENTREVILLE),"650 E Main St, Centreville, MI 49032",CENTREVILLE,SAINT JOSEPH,MI,49032,DET,2012-07-07,17/04/1998,41.923478,-85.515439
locations.csv,"exact latitude, longitude (city)",STK,STOCKTON STAGING FACILITY,22 EAST MARKET STREET,STOCKTON,SAN JOAQUIN,CA,95202,SFR,25/05/2017,28/05/2009,37.9511281,-121.2899487
locations.csv,"exact latitude, longitude (city)",STLAWNY,ST LAWRENCE COUNTY JAIL,5 JUDSON STREET,CANTON,SAINT LAWRENCE,NY,13617,BUF,23/09/2013,4/5/88,44.59820413,-75.16868434
locations.csv,"exact latitude, longitude (city)",STLHOLD,ST. LOUIS HOLDROOM,1222 SPRUCE STREET,ST. LOUIS,ST. LOUIS CITY,MO,63101,CHI,2011-07-13,2002-03-11,38.62431814,-90.19991016
sarahs research,"county approximate center only (latitude, longitude)",STLUCFL,ST. LUCIE COUNTY JAIL,,,St. Lucie,FL,,,,,27.2796,-80.3884
locations.csv,"exact latitude, longitude (city)",STMARAZ,ST MARY'S HOSPITAL,1601 WEST SAINT MARYS ROAD,TUCSON,PIMA,AZ,85745,PHO,16/05/2013,18/06/1999,32.22744275,-111.0001793
locations.csv,"exact latitude, longitude (city)",STMARCA,ST MARY MEDICAL CENTER,18300 CALIFORNIA 18,APPLE VALLEY,COUNTY,CA,92807,LOS,22/10/2017,2009-07-14,34.540401,-117.264687
locations.csv,"exact latitude, longitude (city)",STMDPLA,ST. MARTIN D.P. NURSING HOME,200 TEAL ST.,LAKE CHARLES,CALCASIEU,LA,70615,NOL,26/02/2007,26/01/1999,30.21939293,-93.16755351
locations.csv,"exact latitude, longitude (city)",STMRYIL,ST. MARY OF THE NAZARETH,2233 WEST DIVISION STREET,CHICAGO,COOK,IL,60622,CHI,2005-07-11,2008-10-08,41.90309025,-87.68339448
locations.csv,"exact latitude, longitude (city)",STONEMO,STONE COUNTY JAIL,5TH AND MAPLE,GALENA,STONE,MO,65656,CHI,2005-04-04,22/03/2000,36.805412,-93.465763
locations.csv,"exact latitude, longitude (city)",STOPDIL,STONE PARK POLICE DEPARTMENT,1629 NORTH MANNHEIM ROAD,STONE PARK,COOK,IL,60165,CHI,30/04/2009,6/7/88,41.8991876,-87.8836911
locations.csv,"exact latitude, longitude (city)",STORYIA,STORY COUNTY JAIL,1315 SOUTH B AVENUE,NEVADA,STORY,IA,50201,SPM,2004-11-17,29/10/1998,42.009888,-93.44177051
locations.csv,"exact latitude, longitude (city)",STRAFNH,STRAFFORD COUNTY CORRECTIONS,266 COUNTY FARM ROAD,DOVER,STRAFFORD,NH,3820,BOS,2004-11-17,11/2/91,43.2192302,-70.93860828
sarahs research,"exact latitude, longitude (city)",STRMONY,,,,,NY,,,,,42.1657,-74.9481
locations.csv,"exact latitude, longitude (city)",STTAMLA,SAINT TAMMANY PARISH JAIL,701 NORTH COLUMBIA STREET,COVINGTON,SAINT TAMMANY,LA,70433,NOL,2004-11-17,18/04/2012,30.48042118,-90.0953793
locations.csv,"exact latitude, longitude (city)",STTCJVI,ST. T CRIMINAL JUSTICE COMPLEX,HOSPITAL GADE AND VETERANS DRIVE,CHARLOTTE AMALIE,SAINT THOMAS,VI,802,MIA,2007-11-13,22/02/1994,18.340495,-64.927892
locations.csv,"exact latitude, longitude (city)",STUHOLD,STUART HOLD ROOM,3500 SE COMMERCE AVE,STUART,MARTIN,FL,34997,MIA,18/09/2017,14/09/2016,27.155589,-80.212243
locations.csv,"exact latitude, longitude (city)",STUTSND,STUTSMAN COUNTY,205 6TH STREET SE,JAMESTOWN,STUTSMAN,ND,58401,SPM,15/04/2012,8/9/95,46.9032087,-98.70653896
locations.csv,"exact latitude, longitude (city)",STWRTGA,STEWART DETENTION CENTER,146 CCA ROAD,LUMPKIN,STEWART,GA,31815,ATL,2004-11-17,1/9/00,32.036676,-84.771746
locations.csv,"exact latitude, longitude (city)",SUFFOMA,SUFFOLK COUNTY HOUSE OF CORRECTIONS,20 BRADSTON STREET,BOSTON,SUFFOLK,MA,2118,BOS,2004-11-17,5/11/96,42.3329215,-71.0709394
locations.csv,"exact latitude, longitude (city)",SUFFONY,SUFFOLK COUNTY,100 CENTER DRIVE,RIVERHEAD,SUFFOLK,NY,11901,NYC,2004-11-17,21/05/2007,40.914484,-72.670754
locations.csv,"exact latitude, longitude (city)",SULPHLA,SULPHUR CITY,500 B N HUNTINGTON,SULPHUR,CALCASIEU,LA,70663,NOL,2002-06-04,2002-06-04,30.234529,-93.377297
locations.csv,"exact latitude, longitude (city)",SUMMICO,SUMMIT COUNTY JAIL,501 NORTH PARK AVENUE,BRECKENRIDGE,SUMMIT,CO,80424,DEN,2001-07-08,14/11/1991,39.4895663,-106.0484145
locations.csv,"exact latitude, longitude (city)",SUMMIUT,SUMMIT COUNTY JAIL,6300 NORTH SILVER CREEK DRIVE,PARK CITY,SUMMIT,UT,84098,SLC,16/04/2009,13/11/1995,40.720554,-111.478368
sarahs research,"county approximate center only (latitude, longitude)",SUMTEFL,SUMTER COUNTY JAIL,,,Sumter,FL,,,,,28.9034,-81.9887
locations.csv,"exact latitude, longitude (city)",SUNNYWA,SUNNYSIDE JAIL,401 HOMER STREET,SUNNYSIDE,YAKIMA,WA,98944,SEA,30/12/2008,2012-07-04,46.32866171,-120.0231876
locations.csv,"exact latitude, longitude (city)",SUSSEDE,SUSSEX COUNTY PRISON,23203 DUPONT BOULEVARD,GEORGETOWN,GEORGETOWN,DE,19947,PHI,4/1/88,22/12/1987,38.6988197,-75.4006577
locations.csv,"exact latitude, longitude (city)",SUSSENJ,KEOGH-DWYER CORRECTIONAL FACILITY,410 HIGH STREET,NEWTON,SUSSEX,NJ,7860,NYC,21/09/2015,2/8/93,41.0545668,-74.7669569
sarahs research,Latitude Longitude based only on state,SUTMCCA,SUTTER MED CTR SACRAMENTO,,,,CA,,,,,36.1162,-119.6816
sarahs research,"county approximate center only (latitude, longitude)",SUWANFL,SUWANNEE COUNTY JAIL,,,Suwannee,FL,,,,,30.2957,-82.9847
locations.csv,"exact latitude, longitude (city)",SWEETMT,SWEETWATER COUNTY JAIL,200 WEST 1ST AVENUE,BIG TIMBER,SWEET GRASS,MT,59011,SLC,27/05/2008,17/01/2005,45.8335503,-109.9576651
locations.csv,"exact latitude, longitude (city)",SWEETWY,SWEETWATER COUNTY JAIL,50140 UNITED STATES HIGHWAY 191 SOUTH,ROCK SPRINGS,SWEETWATER,WY,82901,DEN,2001-10-17,14/01/1992,41.537427,-109.301349
locations.csv,"exact latitude, longitude (city)",SXCHOLD,SIOUX CITY HOLD ROOM,1400 PIERCE STREET,SIOUX CITY,WOODBURY,IA,51101,SPM,2011-01-15,2009-08-11,42.505131,-96.404939
sarahs research,"exact latitude, longitude (city)",SYRHOLD,SYRACUSE HOLD ROOM,,Syracuse,Onondaga,NY,,,,,43.0407,-76.1437
sarahs research,"exact latitude, longitude (city)",TACGHWA,,,,,WA,,,,,47.4009,-121.4905
locations.csv,"exact latitude, longitude (city)",TALHOLD,TALLAHASSEE HOLD ROOM,1530 COMMONWEALTH BUSINESS BLVD,TALLAHASSEE,LEON,FL,32303,MIA,30/07/2016,29/07/2016,30.471947,-84.354361
sarahs research,"exact latitude, longitude (city)",TALLAMS,,,,,MS,,,,,32.7416,-89.6787
locations.csv,"exact latitude, longitude (city)",TAMHOLD,TAMPA HOLD ROOM,"1201 Orient Rd, Tampa, FL 33619",TAMPA,HILLSBOROUGH,FL,33619,MIA,31/10/2017,2002-05-11,27.959412,-82.372276
locations.csv,"exact latitude, longitude (city)",TANGILA,TANGIPAHOA PARISH JAIL,101 CAMPO LANE,AMITE,TANGIPAHOA,LA,70422,NOL,2002-08-05,10/8/88,30.728717,-90.520211
locations.csv,"exact latitude, longitude (city)",TARRATX,TARRANT COUNTY JAIL,100 N. LAMAR ST.,FT. WORTH,TARRANT,TX,76196,DAL,19/02/2004,4/1/96,32.755679,-97.336173
locations.csv,"exact latitude, longitude (city)",TAYLOIA,TAYLOR COUNTY COURTHOUSE,405 JEFFERSON STREET,BEDFORD,TAYLOR,IA,50833,SPM,23/01/2003,8/2/00,40.66800304,-94.71909137
locations.csv,"exact latitude, longitude (city)",TAYLOTX,TAYLOR COUNTY ADULT DETENTION FACILITY,910 SOUTH 27TH STREET,ABILENE,TAYLOR,TX,79602,DAL,2003-01-12,1/3/99,32.4179209,-99.7679054
locations.csv,"exact latitude, longitude (city)",TAYPDMI,"TAYLOR POLICE DEPARTMENT (TAYLOR, MICHIGAN)",23515 GODDARD ROAD,TAYLOR,WAYNE,MI,48180,DET,2006-02-06,10/3/94,42.226508,-83.26285543
sarahs research,Latitude Longitude based only on state,TBRJLME,TWO BRIDGES REGIONAL JAIL,,,,ME,,,,,44.6939,-69.3819
locations.csv,"exact latitude, longitude (city)",TEHAMCA,TEHAMA COUNTY JAIL,502 OAK STREET,RED BLUFF,TEHAMA,CA,96080,SFR,28/09/2004,5/6/91,40.1756406,-122.2368541
locations.csv,"exact latitude, longitude (city)",TELLECO,TELLER COUNTY JAIL,288 WEAVERVILLE ROAD,DIVIDE,TELLER,CO,80814,DEN,2001-08-17,7/10/98,38.94236032,-105.1539447
locations.csv,"exact latitude, longitude (city)",TEMPLCA,TEMPLE MEDICAL,124 NORTH VIGNES STREET,LOS ANGELES,LOS ANGELES,CA,90012,LOS,27/10/2015,2007-05-10,34.04851296,-118.2339782
locations.csv,"exact latitude, longitude (city)",TENSALA,TENSAS PARISH DETENTION CENTER,8606 HWY 65,WATERPROOF,TENSAS,LA,71375,NOL,2001-03-16,11/12/95,31.808719,-91.397103
locations.csv,"exact latitude, longitude (city)",TETONWY,TETON COUNTY JAIL (WYOMING),180 S. KING STREET,JACKSON,TETON,WY,82716,DEN,2002-11-17,4/11/93,43.4777463,-110.7603554
locations.csv,"exact latitude, longitude (city)",TEXARAR,TEXARKANA ARKANSAS POLICE DEPARTMENT,100 NORTH STATELINE AVENUE,TEXARKANA,MILLER,AR,71854,NOL,28/07/2003,23/05/2001,33.420881,-94.043166
locations.csv,"exact latitude, longitude (city)",TFALLID,TWIN FALLS COUNTY ADULT DETENTION FACILITY,425 SHOSHONE STREET NORTH,TWIN FALLS,TWIN FALLS,ID,83301,SLC,29/05/2017,19/01/1994,42.55835367,-114.4668514
locations.csv,"exact latitude, longitude (city)",TFIHOLD,TWIN FALLS HOLD ROOM,2496 ADDISON AVENUE EAST,TWIN FALLS,TWIN FALLS COUNTY,ID,83301,SLC,25/07/2017,25/07/2017,42.5631215,-114.4790992
locations.csv,"exact latitude, longitude (city)",TGKJLFL,TURNER GUILFORD KNIGHT (TGK) JAIL,7000 NW 41ST ST.,MIAMI,MIAMI-DADE,FL,33166,MIA,2010-09-04,5/1/00,25.8111329,-80.3108541
locations.csv,"exact latitude, longitude (city)",TGREETX,TOM GREEN COUNTY JAIL,122 WEST HARRIS AVENUE,SAN ANGELO,TOM GREEN,TX,76903,DAL,2012-10-17,2008-06-07,31.46284488,-100.4400894
sarahs research,"exact latitude, longitude (city)",THHEBTX,,,,,TX,,,,,31.0545,-97.5635
sarahs research,Latitude Longitude based only on state,THHHBTX,TEX HEALTH HUGULEY HOSP,,,,TX,,,,,31.0545,-97.5635
sarahs research,Latitude Longitude based only on state,THHMHTX,TX HLTH HARRIS METH HOSP,,,,TX,,,,,31.0545,-97.5635
locations.csv,"exact latitude, longitude (city)",THOMAKS,THOMAS COUNTY JAIL,225 N. COURT,COLBY,THOMAS,KS,67701,CHI,22/11/2005,15/03/1994,30.836775,-83.962325
sarahs research,"exact latitude, longitude (city)",THPMCTX,,,,,TX,,,,,31.0545,-97.5635
sarahs research,"exact latitude, longitude (city)",THPSCTX,,,,,TX,,,,,31.0545,-97.5635
locations.csv,"exact latitude, longitude (city)",THURSNE,THURSTON COUNTY JAIL,106 5TH STREET,PENDER,THURSTON,NE,68047,SPM,16/12/2002,9/8/00,42.113926,-96.708578
locations.csv,"exact latitude, longitude (city)",THURSWA,THURSTON COUNTY CORRECTIONAL CENTER,2000 LAKERIDGE DRIVE SW,OLYMPIA,THURSTON,WA,98502,SEA,,,47.0306237,-122.9130487
locations.csv,"exact latitude, longitude (city)",TILLCOR,TILLAMOOK COUNTY JAIL,201 LAURAL AVENUE,TILLAMOOK,TILLAMOOK,OR,97141,SEA,17/06/2004,31/08/1998,45.456872,-123.841525
locations.csv,"exact latitude, longitude (city)",TIOGANY,TIOGA COUNTY JAIL,103 CORPORATE DRIVE,OWEGO,TIOGA,NY,13827,BUF,23/04/2014,1/6/88,42.14256923,-76.26560823
locations.csv,"exact latitude, longitude (city)",TITUSTX,TITUS COUNTY JAIL,304 SOUTH VAN BUREN AVENUE,MT. PLEASANT,TITUS,TX,75455,DAL,26/10/2017,26/07/2017,33.154341,-94.970619
locations.csv,"exact latitude, longitude (city)",TLACYCA,THEO LACY FACILITY,501 THE CITY DRIVE SOUTH,ORANGE,ORANGE,CA,92868,LOS,2004-11-17,2009-08-10,33.78267075,-117.8886173
locations.csv,"exact latitude, longitude (city)",TNWESDF,WESTERN TENNESSEE DETENTION FACILITY,6299 FINDE NAIFEH DRIVE,MASON,TIPTON,TN,38049,NOL,2004-11-17,2/10/96,35.408822,-89.550034
locations.csv,"exact latitude, longitude (city)",TOOELUT,TOOELE COUNTY JAIL,47 SOUTH MAIN STREET,TOOELE,TOOELE,UT,84074,SLC,2004-11-17,8/10/96,40.53024984,-112.2984163
locations.csv,"exact latitude, longitude (city)",TOOLEMT,TOOLE COUNTY DETENTION FACILITY,235 DEER LODGE AVENUE,SHELBY,TOOLE,MT,59474,SLC,30/08/2017,30/01/1991,48.50713249,-111.8561354
locations.csv,"exact latitude, longitude (city)",TOORANM,TORRANCE COUNTY DETENTION FACILITY,COUNTY ROAD 49,ESTANCIA,TORRANCE,NM,87016,ELP,2001-06-17,14/03/2001,34.767387,-106.018496
locations.csv,"exact latitude, longitude (city)",TRAILND,TRAIL COUNTY JAIL,118 WEST CALEDONIA AVENUE,HILLSBORO,TRAILL,ND,58045,SPM,13/11/2007,5/8/97,47.40316843,-97.06404871
locations.csv,"exact latitude, longitude (city)",TRAVITX,TRAVIS CITY JAIL,500 W. 10th St. Austin Texas 78701,AUSTIN,TRAVIS,TX,78701,SNA,23/09/2007,5/5/92,30.273317,-97.746124
locations.csv,"exact latitude, longitude (city)",TRENTMI,TRENTON CITY JAIL,2872 WEST JEFFERSON,TRENTON,WAYNE,MI,48183,DET,30/11/1999,24/07/1995,42.13981,-83.178664
locations.csv,"exact latitude, longitude (city)",TRICOIL,TRI-COUNTY DETENTION CENTER,1026 SHAWNEE COLLEGE ROAD,ULLIN,PULASKI,IL,62992,CHI,2006-03-16,28/05/1999,37.272085,-89.175133
sarahs research,Latitude Longitude based only on state,TRRMCNJ,TRINITAS REGIONAL MED CTR,,,,NJ,,,,,40.2989,-74.521
locations.csv,"exact latitude, longitude (city)",TRUMBOH,TRUMBULL COUNTY JAIL,"605 PANTHER AVE., SE",WARREN,TRUMBULL,OH,44483,DET,15/02/2005,2011-04-03,41.24254313,-80.80687029
locations.csv,"exact latitude, longitude (city)",TUCHOLD,TUCSON INS HOLD ROOM,6431 SOUTH COUNTRY CLUB ROAD,TUCSON,PIMA,AZ,85706,PHO,2001-11-17,1/10/85,32.1353209,-110.9260223
locations.csv,"exact latitude, longitude (city)",TULCOOK,TULSA COUNTY JAIL (DAVID L. MOSS JUSTICE CTR),300 NORTH DENVER AVENUE,TULSA,TULSA,OK,74103,DAL,2004-11-17,22/10/1990,36.1572816,-95.99901266
sarahs research,"exact latitude, longitude (city)",TULHOLD,TULSA HOLD ROOM,,Tulsa,Tulsa,OK,,,,,36.1283,-95.9042
locations.csv,"exact latitude, longitude (city)",TUSCAOH,TUSCARAWAS COUNTY JAIL,2295 REISER AVENUE,NPHILADELPHIA,TUSCARAWAS,OH,44663,DET,15/07/2005,18/07/1986,40.456576,-81.404661
sarahs research,"exact latitude, longitude (city)",TVMSATX,,,,,TX,,,,,31.0545,-97.5635
locations.csv,"exact latitude, longitude (city)",TXAHOLD,TEXARKANA HOLDROOM,100 NORTH STATELINE AVENUE,TEXARKANA,MILLER,AR,71854,NOL,14/08/2016,2009-08-16,33.420881,-94.043166
locations.csv,"exact latitude, longitude (city)",TXDCWOM,TDC/WOMENS,"	1210 Coryell City Road, Gatesville, TX 76528",GATESVILLE,CORYELL,TX,76528,SNA,2012-09-07,2012-02-04,31.461072,-97.729578
locations.csv,"exact latitude, longitude (city)",TXDOMIN,TDC-DOMINGUEZ UNIT,"	6535 Cagnon Road, San Antonio, TX 78252-2202 ",SAN ANTONIO,BEXAR,TX,78252,SNA,2002-08-07,2012-02-04,29.366255,-98.710833
locations.csv,"exact latitude, longitude (city)",TXHUNTS,HUNTSVILLE STATE PENITENTIARY,HUNTSVILLE UNIT,HUNTSVILLE,WALKER,TX,77340,HOU,30/04/1997,30/04/1997,30.721677,-95.5465847
locations.csv,"exact latitude, longitude (city)",TXSJHAV,THOMAS HAVINS SA (TH/82),"500 FM 45 East, Brownwood, TX 76801",BROWNWOOD,BROWN,TX,76801,SNA,,,31.655693,-98.973254
locations.csv,"exact latitude, longitude (city)",TXSJWDM,LINDA WOODMANSJF,WARDEN,GATESVILLE,CORYELL,TX,76528,SNA,2004-06-07,15/03/2004,31.45987,-97.72993
sarahs research,Latitude Longitude based only on state,UBRKHWV,WVU MEDICINE BERKELEY MEDICAL CNTR,,,,WV,,,,,38.4912,-80.9545
sarahs research,Latitude Longitude based only on state,UCBPMCA,CBP MOVEMENT COORDINATION AREA,,,,CA,,,,,36.1162,-119.6816
sarahs research,Latitude Longitude based only on state,UCCHIIL,UCHICAGO MEDICINE HOSPITAL CHICAGO,,,,IL,,,,,40.3495,-88.9861
sarahs research,Latitude Longitude based only on state,UCHRVIL,UCHICAGO MEDICINE INGALLS MEMORIAL,,,,IL,,,,,40.3495,-88.9861
sarahs research,Latitude Longitude based only on state,UCHUHCO,UCHEALTH UNV HOSP OF CO,,,,CO,,,,,39.0598,-105.3111
sarahs research,"exact latitude, longitude (city)",UCSDHCA,,,,,CA,,,,,36.1162,-119.6816
sarahs research,Latitude Longitude based only on state,UCSDMCA,UC SAN DIEGO MEDICAL CENTER,,,,CA,,,,,36.1162,-119.6816
sarahs research,"exact latitude, longitude (city)",UHGMCOH,,,,,OH,,,,,40.3888,-82.7649
sarahs research,Latitude Longitude based only on state,UHOSPIN,UNION HOSPITAL,,,,IN,,,,,39.8494,-86.2583
sarahs research,Latitude Longitude based only on state,UHSHONY,UHS WILSON MEDICAL CENTER,,,,NY,,,,,42.1657,-74.9481
locations.csv,"exact latitude, longitude (city)",UINTAWY,UINTA COUNTY JAIL,77 COUNTY ROAD 109,EVANSTON,UINTA,WY,82930,DEN,23/06/2009,14/11/1995,41.26898,-110.921048
locations.csv,"exact latitude, longitude (city)",UINTCUT,UINTAH COUNTY JAIL,204 EAST 100 NORTH,VERNAL,UINTAH,UT,84078,SLC,2007-09-11,15/02/2002,40.4571043,-109.5254718
locations.csv,"exact latitude, longitude (city)",ULSCONY,ULSTER COUNTY JAIL KINGSTON,61 GOLDEN HILL DR,KINGSTON,ULSTER,NY,12401,BUF,18/05/2004,2005-05-03,41.91793823,-74.01729682
sarahs research,Latitude Longitude based only on state,UMASSMA,UMASS MEMORIAL MEDICAL CENTER,,,,MA,,,,,42.2302,-71.5301
locations.csv,"exact latitude, longitude (city)",UMATCOR,UMATILLA COUNTY JAIL,4700 NORTHWEST PIONEER PLACE,PENDLETON,UMATILLA,OR,97801,SEA,30/08/2016,18/06/1991,45.674301,-118.84931
sarahs research,Latitude Longitude based only on state,UMCEPTX,UNIVERSITY MED CENTER OF EL PASO,,,,TX,,,,,31.0545,-97.5635
sarahs research,"exact latitude, longitude (city)",UMCLVNV,,,,,NV,,,,,38.3135,-117.0554
sarahs research,Latitude Longitude based only on state,UMEMCNY,UNITED MEMORIAL MED CTR,,,,NY,,,,,42.1657,-74.9481
locations.csv,"exact latitude, longitude (city)",UMIAHFL,UNIVERSITY OF MIAMI HOSPITAL,1400 NW 12TH AVENUE,MIAMI,DADE,FL,33136,MIA,15/08/2017,2004-08-17,25.78841925,-80.2163433
sarahs research,"exact latitude, longitude (city)",UNIHONY,,,,,NY,,,,,42.1657,-74.9481
locations.csv,"exact latitude, longitude (city)",UNIONIA,UNION COUNTY JAIL,302 NORTH PINE STREET,CRESTON,UNION,IA,50801,SPM,19/12/2002,22/04/1999,41.05982373,-94.36159702
locations.csv,"exact latitude, longitude (city)",UNIONNM,UNION COUNTY DETENTION CENTER,200 COURT STREET,CLAYTON,UNION,NM,88415,ELP,15/10/2009,2001-07-09,36.448189,-103.190784
locations.csv,"exact latitude, longitude (city)",UNIONSD,UNION COUNTY JAIL,"209 E Main St #250, Elk Point, SD 57025",ELK POINT,UNION,SD,57025,SPM,29/08/2017,29/04/1998,42.685396,-96.682676
sarahs research,Latitude Longitude based only on state,UNIVHNJ,UNIVERSITY HOSPITAL,,,,NJ,,,,,40.2989,-74.521
sarahs research,Latitude Longitude based only on state,UNMEDMD,UNIV OF MARYLAND MEDICAL CENTER,,,,MD,,,,,39.0639,-76.8021
sarahs research,Latitude Longitude based only on state,UNMHANM,UNIVERSITY OF NEW MEXICO HOSPITAL,,,,NM,,,,,34.8405,-106.2485
sarahs research,"exact latitude, longitude (city)",UPMCAPA,,,,,PA,,,,,40.5908,-77.2098
sarahs research,"exact latitude, longitude (city)",UPMCPPA,,,,,PA,,,,,40.5908,-77.2098
locations.csv,"exact latitude, longitude (city)",UPSHUTX,UPSHUR COUNTY JAIL,405 N. TITUS,GILMER,UPSHUR,TX,75644,DAL,26/09/2006,15/05/2000,32.73193833,-94.94437627
sarahs research,Latitude Longitude based only on state,UPSLHIA,UNITY POINT HLTH ST LUKES HOSP,,,,IA,,,,,42.0115,-93.2105
sarahs research,"exact latitude, longitude (city)",UPSLSIA,,,,,IA,,,,,42.0115,-93.2105
locations.csv,"exact latitude, longitude (city)",UPSTANY,UPSTATE UNIVERSITY HOSPITAL,750 E ADAMS ST # 5142,SYRACUSE,ONONDAGA,NY,13210,BUF,2011-07-11,2007-07-11,43.042638,-76.140378
sarahs research,"exact latitude, longitude (city)",URSLATX,URSULA CENTRALIZED PROCESSING CNTR,,McAllen,Hidalgo,TX,,,,,26.2252,-98.2467
locations.csv,"exact latitude, longitude (city)",USMCO,US MARSHALS (COLORADO),901 19TH STREET,DENVER,DENVER,CO,80294,DEN,25/02/2008,18/08/2006,39.7480397,-104.9886959
locations.csv,"exact latitude, longitude (city)",USMMD,US MARSHALS (MARYLAND),101 WEST LOMBARD STREET,BALTIMORE,BALTIMORE CITY,MD,21201,BAL,,,39.2874705,-76.6164649
locations.csv,"exact latitude, longitude (city)",USMMDNC,US MARSHALS MIDDLE DISTRICT,324 W. MARKET ST. ROOM 234,GREENSBORO,GUILFORD,NC,27401,ATL,,,36.073248,-79.793452
locations.csv,"exact latitude, longitude (city)",USMOR,US MARSHALS (OREGON),US MARSHAL'S OFFICE,PORTLAND,MULTNOMAH,OR,97204,SEA,,,45.51611,-122.67626
locations.csv,"exact latitude, longitude (city)",USMS3TX,"US MARSHALS (SOUTH DISTRICT, TEXAS)","BENTSEN TOWER, 1701 W BUS HWY 83",MCALLEN,HIDALGO,TX,78501,SNA,2002-05-16,26/06/2005,26.204134,-98.238362
locations.csv,"exact latitude, longitude (city)",USMSDFL,US MARSHALS DISTRICT,205 FEDERAL COURTHOUSE SQUARE,MIAMI,MIAMI-DADE,FL,33128,MIA,2002-06-10,23/08/1996,25.778364,-80.194558
locations.csv,"exact latitude, longitude (city)",USMSDMS,"US MARSHALS, S. DISTRICT, MS",504 EAST COURT STREET,JACKSON,HINDS COUNTY,MS,39201,NOL,,,32.29535235,-90.18233068
locations.csv,"exact latitude, longitude (city)",USMVT,"US MARSHALS, VERMONT",UNAVAILABLE,BURLINGTON,CHITTENDEN,VT,5401,BOS,24/08/2015,2009-02-10,44.480721,-73.213906
locations.csv,"exact latitude, longitude (city)",USMW1TX,"US MARSHALS (WESTERN DISTRICT, TEXAS)","655 E. DURANGO BLVD, STE 235",SAN ANTONIO,BEXAR,TX,78206,SNA,16/04/2007,29/03/2007,29.412854,-98.477603
locations.csv,"exact latitude, longitude (city)",USMWDLA,"US MARSHALS, W.D. L.A.",300 FANIN ST. #1202,SHREVEPORT,CADDO PARISH,LA,71101,NOL,,,32.515997,-93.75043
locations.csv,"exact latitude, longitude (city)",USMWDTN,US MARSHALS (WEST TENNESSEE DISTRICT),167 NORTH MAIN STREET,MEMPHIS,SHELBY,TN,38103,NOL,,,35.14941617,-90.05124534
locations.csv,"exact latitude, longitude (city)",UTAHCUT,UTAH COUNTY JAIL,3075 NORTH MAIN STREET,SPANISH FORK,UTAH,UT,84660,SLC,2006-12-16,1/3/93,40.14825555,-111.6569065
sarahs research,"exact latitude, longitude (city)",UVACVVA,,,,,VA,,,,,37.7693,-78.17
sarahs research,"county approximate center only (latitude, longitude)",UVALDTX,UVALDE COUNTY JAIL,,,Uvalde,TX,,,,,29.2152,-99.7782
sarahs research,Latitude Longitude based only on state,UVHSATX,UNIVERSITY HOSPITAL,,,,TX,,,,,31.0545,-97.5635
locations.csv,"exact latitude, longitude (city)",VADCORR,VIRGINIA DEPARTMENT OF CORRECTIONS (RICHMOND),6900 ATMORE DRIVE,RICHMOND,HENRICO,VA,23225,WAS,2007-05-02,25/11/1992,37.504516,-77.525142
locations.csv,"exact latitude, longitude (city)",VALJUTX,VAL VERDE COUNTY JUVENILE,200 GRINER,DEL RIO,VAL VERDE,TX,78840,SNA,2007-02-11,19/08/2010,29.356175,-100.899824
locations.csv,"exact latitude, longitude (city)",VALVETX,VAL VERDE CORRECTIONAL FACILITY,253 FARM TO MARKET 2523,DEL RIO,VAL VERDE,TX,78840,SNA,2004-11-17,10/2/99,29.373265,-100.847867
locations.csv,"exact latitude, longitude (city)",VANBUMI,VAN BUREN COUNTY JAIL (MICHIGAN),205 SOUTH KALAMAZOO,KALAMAZOO,VAN BUREN,MI,49079,DET,2011-11-03,4/6/91,42.216279,-85.890688
locations.csv,"exact latitude, longitude (city)",VANCCO,VAN CISE SIMONET DETENTION CENTER,490 COLFAX STREET,DENVER,DENVER,CO,80202,DEN,,,39.7392141,-104.993557
locations.csv,"exact latitude, longitude (city)",VBHOSTX,VALLEY BAPTIST HOSPITAL,2101 PEASE ST,HARLINGEN,CAMERON,TX,78550,SNA,2004-11-17,5/3/97,26.17524635,-97.67025575
sarahs research,Latitude Longitude based only on state,VCUHOVA,VCU HEALTH TAPPAHANNOCK HOSPITAL,,,,VA,,,,,37.7693,-78.17
locations.csv,"exact latitude, longitude (city)",VENHOLD,VENTURA CUSTODY CASE,275 SKYWAY DRIVE,CAMARRILLO,VENTURA,CA,93010,LOS,2003-11-17,2009-05-01,34.206389,-119.077197
locations.csv,"exact latitude, longitude (city)",VENTUCA,VENTURA COUNTY JAIL,800 SOUTH VICTORIA AVENUE,VENTURA,VENTURA,CA,93009,LOS,2001-11-17,10/6/91,34.26755765,-119.2107845
locations.csv,"exact latitude, longitude (city)",VERMILA,VERMILLION PARISH JAIL,"14202 SAVORY ROAD, PO BOX 307",ABBEVILLE,VERMILLION,LA,70511,NOL,26/09/2002,19/12/1987,29.947055,-92.092147
locations.csv,"exact latitude, longitude (city)",VICTOTX,VICTORIA COUNTY JAIL,101 NORTH GLASS STREET,VICTORIA,VICTORIA,TX,77901,HOU,24/06/2001,2/12/94,28.8005408,-97.00854716
locations.csv,"exact latitude, longitude (city)",VIRBEVA,VIRGINIA BEACH,2501 JAMES MADISON BOULEVARD,VIRGINIA BEACH,VIRGINIA BEACH CITY,VA,23456,WAS,2010-10-17,19/08/1994,36.753146,-76.060064
locations.csv,"exact latitude, longitude (city)",VISTACA,VISTA DETENTION FACILITY,VISTA COUNTY JAIL,VISTA,SAN DIEGO,CA,92083,SND,2011-08-17,2005-06-09,33.192194,-117.256901
locations.csv,"exact latitude, longitude (city)",VNBRNMI,VAN BUREN TOWNSHIP POLICE DEPARTMENT,46425 TYLER ROAD,BELLEVILLE,WAYNE,MI,48111,DET,2007-02-10,17/04/2001,42.233207,-83.494673
locations.csv,"exact latitude, longitude (city)",VPREGVA,VIRGINIA PENINSULA REGIONAL JAIL,9320 MERRIMAC TRAIL,WILLIAMSBURG,JAMES CITY,VA,23185,WAS,2004-11-17,22/10/1997,37.259815,-76.670935
locations.csv,"exact latitude, longitude (city)",VRK,VARICK STREET DETENTION CENTER,201 VARICK STREET,NEW YORK,NEW YORK,NY,10014,NYC,2002-11-17,1/1/83,40.72829055,-74.00626961
locations.csv,"exact latitude, longitude (city)",VTCHTDN,CHITTENDEN REGIONAL CORRECTIONAL FACILITY,7 FARRELL STREET,SOUTH BURLINGTON,CHITTENDEN,VT,5403,BOS,16/10/2017,17/08/2002,44.44590655,-73.20459247
locations.csv,"exact latitude, longitude (city)",VTDCOR2,NORTHERN STATE BOSTON (VERMONT DEPARTMENT OF CORRE,2559 GLEN ROAD,NEWPORT,ORLEANS,VT,5855,BOS,,,44.90379109,-72.19242543
locations.csv,"exact latitude, longitude (city)",VTDCORR,DALE CORRECTIONAL FACILITY (VERMONT DEPARTMENT OF,103 SOUTH MAIN STREET,WATERBURY,WASHINGTON,VT,5671,BOS,2011-01-17,31/07/1996,44.33331582,-72.75174172
locations.csv,"exact latitude, longitude (city)",VTSTALB,NORTHWEST STATE CORRECTIONAL CENTER,3649 LOWER NEWTON ROAD,SWANTON,FRANKLIN,VT,5488,BOS,2002-11-17,2009-03-04,44.850138,-73.132435
locations.csv,"exact latitude, longitude (city)",VVGMCCA,VICTOR VALLEY GLOBAL MED CENTER,15248 ELEVENTH STREET,VICTORVILLE,COUNTY,CA,92395,LOS,2004-11-17,19/06/2014,34.527953,-117.293781
locations.csv,"exact latitude, longitude (city)",VVSHOLD,SHREVEPORT HOLD ROOM,"400 TEXAS STREET, SUITE 900",SHREVEPORT,CADDO PARISH,LA,71101,NOL,2007-02-16,2009-11-15,32.513789,-93.749198
sarahs research,Latitude Longitude based only on state,VWHMCAZ,VALLEYWISE HEALTH MED CTR,,,,AZ,,,,,33.7298,-111.4312
locations.csv,"exact latitude, longitude (city)",WACLATX,CENTRAL TEXAS DETENTION FACILITY,218 S. LAREDO ST,SAN ANTONIO,BEXAR,TX,78207,SNA,24/10/2017,7/4/97,29.42353235,-98.49698216
locations.csv,"exact latitude, longitude (city)",WAJAIMN,WASHINGTON COUNTY JAIL,14900 NORTH 612ST. STREET,STILLWATER,WASHINGTON,MN,55082,SPM,2004-11-17,16/02/1997,45.03786,-92.801712
locations.csv,"exact latitude, longitude (city)",WAJUVMN,WASHINGTON COUNTY,14900 NORTH 612ST STREET,STILLWATER,WASHINGTON,MN,55082,SPM,22/03/2005,6/3/97,45.03784,-92.801411
locations.csv,"exact latitude, longitude (city)",WAKECNC,WAKE COUNTY SHERIFF DEPARTMENT,330 SOUTH SALISBURY STREET,RALEIGH,WAKE,NC,27601,ATL,2004-11-17,23/09/2008,35.777722,-78.6402216
locations.csv,"exact latitude, longitude (city)",WAKULFL,WAKULLA COUNTY JAIL,15 OAK STREET,CRAWFORDVILLE,WAKULLA,FL,32327,MIA,2004-11-17,6/1/99,30.19608881,-84.37692095
locations.csv,"exact latitude, longitude (city)",WALDOME,WALDO COUNTY JAIL,19 CONGRESS STREET,BELFAST,WALDO,ME,4915,BOS,20/12/2005,20/12/2005,44.40603124,-69.00432653
locations.csv,"exact latitude, longitude (city)",WALKEGA,WALKER COUNTY JAIL,105 SOUTH DUKE STREET,LAFAYETTE,WALKER,GA,30728,ATL,2012-03-03,2003-01-01,34.70454677,-85.28081662
locations.csv,"exact latitude, longitude (city)",WALKETX,WALKER COUNTY JAIL,751 FM 2821 RD W,HUNTSVILLE,WALKER,TX,77320,HOU,2002-10-02,20/07/1990,30.74208485,-95.53325594
locations.csv,"exact latitude, longitude (city)",WALSHND,WALSH COUNTY JAIL,638 COOPER AVENUE,GRAFTON,WALSH,ND,58237,SPM,2012-12-11,19/11/1997,48.41792857,-97.40538384
sarahs research,"county approximate center only (latitude, longitude)",WALTNFL,WALTON COUNTY D.O.C.,,,Walton,FL,,,,,30.3854,-86.3442
locations.csv,"exact latitude, longitude (city)",WALWOWI,WALWORTH COUNTY JAIL,1770 COUNTY ROAD NN,ELKHORN,WALWORTH,WI,53121,CHI,2003-08-12,7/8/92,42.663594,-88.499621
locations.csv,"exact latitude, longitude (city)",WAMCNEI,MCNEIL ISLAND CORRECTIONS,1403 COMMERCIAL ST.,STEILACOOM,PIERCE,WA,98388,SEA,,,47.17192533,-122.6025513
locations.csv,"exact latitude, longitude (city)",WAPLOIA,WAPELLO COUNTY JAIL,330 2ND STREET WEST,OTTUMWA,WAPELLO,IA,52501,SPM,16/01/2003,2008-02-01,41.020869,-92.41553
locations.csv,"exact latitude, longitude (city)",WARCOTX,WARD COUNTY JAIL,300 EAST 4TH,MONAHANS,WARD,TX,79756,ELP,2003-04-15,11/3/97,31.592471,-102.889754
locations.csv,"exact latitude, longitude (city)",WARDCND,WARD COUNTY JAIL,"315 3rd St SE, Minot, ND 58701",MINOT,WARD,ND,58701,SPM,18/10/2017,12/10/96,48.232976,-101.287401
locations.csv,"exact latitude, longitude (city)",WARREKY,WARREN COUNTY REGIONAL,439 TENTH STREET,BOWLING GREEN,WARREN,KY,42101,CHI,13/06/2006,12/12/97,36.962433,-86.427106
locations.csv,"exact latitude, longitude (city)",WARREMO,WARREN COUNTY JUSTICE CENTER,104 W. MAIN,WARRENTON,WARREN,MO,63383,CHI,14/05/2004,5/8/98,38.810906,-91.149336
locations.csv,"exact latitude, longitude (city)",WASATUT,WASATCH COUNTY JAIL,1361 SOUTH UNITED STATES HIGHWAY 40,HEBER,WASATCH,UT,84032,SLC,2008-01-08,23/07/1996,40.490702,-111.409124
locations.csv,"exact latitude, longitude (city)",WASCONY,WASHINGTON COUNTY JAIL,339 BROADWAY,FORT EDWARD,WASHINGTON,NY,12865,BUF,2009-09-15,26/10/1989,43.282203,-73.58658719
locations.csv,"exact latitude, longitude (city)",WASHAWY,WASHAKIE COUNTY JAIL,100 NORTH 10TH STREET,WORLAND,WASHAKIE,WY,82401,DEN,26/06/2008,10/9/92,44.016954,-107.955651
locations.csv,"exact latitude, longitude (city)",WASHCIA,WASHINGTON COUNTY JAIL,2179 LEXINGTON BOULEVARD,WASHINGTON,WASHINGTON,IA,52353,SPM,2001-07-02,26/06/2002,41.31279986,-91.72466343
locations.csv,"exact latitude, longitude (city)",WASHCUT,WASHINGTON COUNTY JAIL (PURGATORY CORRECTIONAL FAC,750 SOUTH 5400 WEST,HURRICANE,WASHINGTON,UT,84737,SLC,2004-11-17,2012-02-02,37.158273,-113.412336
locations.csv,"exact latitude, longitude (city)",WASHIAR,WASHINGTON COUNTY DETENTION CENTER,1155 WEST CLYDESDALE DRIVE,FAYETTEVILLE,WASHINGTON,AR,72701,NOL,27/01/2010,24/07/1997,36.0335036,-94.17710882
locations.csv,"exact latitude, longitude (city)",WASHICO,WASHINGTON COUNTY JAIL,26861 UNITED STATES HIGHWAY 34,AKRON,WASHINGTON,CO,80720,DEN,19/03/2017,2005-07-06,40.158087,-103.192253
locations.csv,"exact latitude, longitude (city)",WASHIMD,WASHINGTON COUNTY,500 WESTERN MARYLAND PARKWAY,HAGERSTOWN,WASHINGTON,MD,21740,BAL,,,39.63705804,-77.76627425
locations.csv,"exact latitude, longitude (city)",WASHIME,WASHINGTON COUNTY JAIL,83 COURT STREET,MACHIAS,WASHINGTON,ME,4654,BOS,2008-03-11,1/8/95,44.71588969,-67.45938013
locations.csv,"exact latitude, longitude (city)",WASHINE,WASHINGTON CO JAIL (BLAIR),1555 COLFAX STREET,BLAIR,WASHINGTON,NE,68008,SPM,13/03/2003,10/2/97,41.5406519,-96.13536694
locations.csv,"exact latitude, longitude (city)",WASHIPA,WASHINGTON COUNTY,100 WEST CHERRY AVENUE,WASHINGTON,WASHINGTON,PA,15301,PHI,2005-09-05,26/05/1996,40.169587,-80.247893
locations.csv,"exact latitude, longitude (city)",WASHOLD,WASHINGTON FIELD OFFICE,2675 PROSPERITY AVE.,FAIRFAX,FAIRFAX,VA,22031,WAS,20/10/2017,2007-02-05,38.8807191,-77.2291803
locations.csv,"exact latitude, longitude (city)",WASHONV,WASHOE COUNTY JAIL,911 PARR BOULEVARD,RENO,WASHOE,NV,89512,SLC,2004-11-17,12/8/93,39.572885,-119.8106322
locations.csv,"exact latitude, longitude (city)",WASHTMI,"WASHTENAW COUNTY JAIL (ANN ARBOR, MICHIGAN)",2201 HOGBACK ROAD,ANN ARBOR,STEVENS,MI,48105,DET,30/05/2016,13/07/1990,42.255773,-83.678579
locations.csv,"exact latitude, longitude (city)",WAUKEIL,WAUKEGAN CITY JAIL,420 ROBERT SABONJIAN STREET,WAUKEGAN,LAKE,IL,60085,CHI,18/01/2005,17/12/1991,42.36101864,-87.83477609
locations.csv,"exact latitude, longitude (city)",WAUKEWI,WAUKESHA COUNTY JAIL,515 WEST MORELAND,WAUKESHA,WAUKESHA,WI,53186,CHI,2008-02-06,8/1/86,43.02452089,-88.23054055
locations.csv,"exact latitude, longitude (city)",WAYNEMI,WILLIAM DICKERSON FACILITY,3501 HAMTRAMCK DRIVE,DETROIT,WAYNE,MI,48221,DET,13/12/2009,2/8/90,42.388288,-83.044576
locations.csv,"exact latitude, longitude (city)",WAYNENY,WAYNE COUNTY JAIL,7368 STATE ROUTE 31,LYONS,WAYNE,NY,14489,BUF,2001-03-17,20/01/1995,43.06726931,-77.03098777
locations.csv,"exact latitude, longitude (city)",WAYNEOH,WAYNE COUNTY JAIL,201 WEST NORTH STREET,WOOSTER,WAYNE,OH,44691,DET,2009-06-03,18/04/2002,40.799209,-81.942459
locations.csv,"exact latitude, longitude (city)",WBATOLA,WEST BATON ROUGE DETENTION CENTER,1150 NORTHWEST DRIVE,PORT ALLEN,WEST BATON ROUGE,LA,70767,NOL,30/04/2009,30/07/1998,30.500795,-91.215863
locations.csv,"exact latitude, longitude (city)",WCCBXTX,BEXAR COUNTY WACKENHUT ANNUAL DETENTION,1211 WEST TRAVIS STREET,SAN ANTONIO,BEXAR,TX,78207,SNA,21/09/2011,30/09/2007,29.42822737,-98.50754839
locations.csv,"exact latitude, longitude (city)",WCCPBFL,BROWARD TRANSITIONAL CENTER,3900 NORTH POWERLINE ROAD,POMPANO BEACH,BROWARD,FL,33073,MIA,2004-11-17,26/08/2002,26.27477215,-80.15197145
locations.csv,"exact latitude, longitude (city)",WCCSDCA,WACKENHUT CORRECTIONS CORPORATION OF AMERICA,WESTERN REG DET FAC 220 WEST C ST,SAN DIEGO,SAN DIEGO,CA,92101,SND,15/09/2015,17/02/2002,32.717065,-117.165104
locations.csv,"exact latitude, longitude (city)",WCJUVOH,WEST CENTRAL JUVENILE,2044 N COUNTY ROAD 25A,TROY,MIAMI,OH,45373,DET,2001-09-03,21/09/1999,40.0557223,-84.2131761
locations.csv,"exact latitude, longitude (city)",WCRDFTX,WILLACY CO REGIONAL DETENTION FACILITY,1601 BUFFALO DRIVE,RAYMONDVILLE,WILLACY,TX,78580,SNA,2004-11-17,2011-07-14,26.47115705,-97.75848478
locations.csv,"exact latitude, longitude (city)",WCTHOLD,WACO DRO HOLD ROOM,800 FRANKLIN AVENUE,WACO,MCLENNAN,TX,76701,SNA,2004-09-17,2010-09-10,31.553515,-97.133522
locations.csv,"exact latitude, longitude (city)",WDMIAFL,WOMENS DETENTION CENTER,1401 NW 7TH AVE.,MIAMI,MIAMI-DADE,FL,33127,MIA,30/06/2004,20/12/2000,25.8147142,-80.2075708
locations.csv,"exact latitude, longitude (city)",WEBCOTX,WEBB COUNTY (SHERIFF) JAIL,902 VICTORIA STREET,LAREDO,WEBB,TX,78040,SNA,20/05/2007,1/4/88,27.50793225,-99.50475771
locations.csv,"exact latitude, longitude (city)",WEBDCTX,WEBB COUNTY DETENTION CENTER (CCA),9998 SOUTH HIGHWAY 83,LAREDO,WEBB,TX,78046,SNA,2004-11-17,2002-11-16,27.370089,-99.489808
locations.csv,"exact latitude, longitude (city)",WEBERUT,WEBER COUNTY JAIL,721 WEST 12TH STREET,OGDEN,WEBER,UT,84404,SLC,14/02/2013,4/10/94,41.2400904,-111.9932984
locations.csv,"exact latitude, longitude (city)",WELDJCO,WELD COUNTY JAIL,2110 O STREET,GREELEY,WELD,CO,80631,DEN,23/03/2008,16/05/1991,40.45196636,-104.7132707
locations.csv,"exact latitude, longitude (city)",WESHOLD,WESTMINSTER CUSTODY,8200 WESTMINSTER BOULEVARD,WESTMINSTER,ORANGE,CA,92683,LOS,2002-06-17,30/11/1989,33.75919,-117.9919216
locations.csv,"exact latitude, longitude (city)",WESPDIL,WESTERN SPRINGS POLICE DEPARTMENT,740 HILLGROVE AVE,WESTERN SPRINGS,COOK,IL,60588,CHI,14/05/2000,31/07/1986,41.810385,-87.898255
locations.csv,"exact latitude, longitude (city)",WHARTTX,WHARTON COUNTY JAIL,605 EAST CALHOUN STREET,EL CAMPO,WHARTON,TX,77437,HOU,2007-01-03,8/7/86,29.20186553,-96.26613953
locations.csv,"exact latitude, longitude (city)",WHICOWA,WHITMAN COUNTY JAIL,411 NORTH MILL,COLFAX,WHITMAN,WA,99111,SEA,14/06/2004,2009-02-04,46.857522,-117.4123201
locations.csv,"exact latitude, longitude (city)",WHITEMT,WHITEFISH CITY JAIL,"275 Flathead Ave, Whitefish, MT 59937",WHITEFISH,FLATHEAD,MT,59937,SLC,2001-02-07,29/05/1991,48.397767,-114.340172
locations.csv,"exact latitude, longitude (city)",WHITFGA,WHITFIELD COUNTY JAIL,805 PROFESSIONAL BLVD,DALTON,WHITFIELD,GA,30720,ATL,2002-11-17,18/09/2010,34.7929769,-84.98450303
locations.csv,"exact latitude, longitude (city)",WICHOLD,WICHITA HOLDROOM,217 W 3RD ST. NORTH,WICHITA,SEDGWICK,KS,67201,CHI,13/08/2017,2002-10-10,37.69151228,-97.33959072
locations.csv,"exact latitude, longitude (city)",WICOMMD,WICOMICO COUNTY DETENTION CENTER,411 NAYLOR MILL ROAD,SALISBURY,WICOMICO,MD,21801,BAL,2010-07-08,1/9/88,38.3939896,-75.6348642
locations.csv,"exact latitude, longitude (city)",WIDODGE,"DODGE CORR INSTITUTE, WAU",1 WEST LINCOLN STREET,WAUPUN,DODGE,WI,53963,CHI,15/11/2015,18/05/2011,43.626618,-88.740012
locations.csv,"exact latitude, longitude (city)",WILLCTX,WILLACY DETENTION CENTER,1800 INDUSTRIAL DRIVE,RAYMONDVILLE,WILLACY,TX,78580,SNA,2009-08-11,2001-08-06,26.469951,-97.762165
locations.csv,"exact latitude, longitude (city)",WILLITN,WILLIAMSON COUNTY JAIL,408 CENTURY COURT,FRANKLIN,WILLIAMSON,TN,37064,NOL,2002-02-09,12/3/97,35.89840496,-86.88485855
locations.csv,"exact latitude, longitude (city)",WILLITX,WILLIAMSON COUNTY JAIL,306 WEST 4TH STREET,GEORGETOWN,WILLIAMSON,TX,78626,SNA,14/10/2008,30/03/1999,30.63986861,-97.67981763
locations.csv,"exact latitude, longitude (city)",WILSOTX,WILSON COUNTY JAIL,"800 10th St, Floresville, TX 78114",FLORESVILLE,WILSON,TX,78114,SNA,23/09/2007,3/10/97,29.147472,-98.158893
locations.csv,"exact latitude, longitude (city)",WIMILSD,MILWAUKEE SECURE DETENTION,1015 NORTH 10TH STREET,MILWAUKEE,MILWAUKEE,WI,53205,CHI,,,43.0436078,-87.9250826
locations.csv,"exact latitude, longitude (city)",WINCOTX,WINKLER COUNTY JAIL,1300 SOUTH BELLAIRE STREET,KERMIT,WINKLER,TX,79745,ELP,14/07/2017,2008-07-17,31.8485191,-103.0913866
sarahs research,"county approximate center only (latitude, longitude)",WKBHMFL,WEST KENDALL BAPTIST HOSP,,,Miami-Dade,FL,,,,,25.784,-80.2101
sarahs research,"county approximate center only (latitude, longitude)",WLTSOFL,WALTON COUNTY JAIL,,,Walton,FL,,,,,30.3854,-86.3442
sarahs research,"county approximate center only (latitude, longitude)",WMDBHFL,WEST MIAMI DADE BAPT HEALTH EMERG,,,Miami-Dade,FL,,,,,25.784,-80.2101
locations.csv,"exact latitude, longitude (city)",WMHOSCA,WHITE MEMORIAL HOSPITAL,1720 E CESAR CHAVEZ,LOS ANGELES,LOS ANGELES,CA,90033,LOS,26/10/2017,2002-08-08,34.051291,-118.217121
locations.csv,"exact latitude, longitude (city)",WMLNDPA,WESTMORELAND COUNTY JAIL,2 NORTH MAIN STREET,GREENSBURG,WESTMORELAND,PA,15601,PHI,21/06/2009,31/08/1997,40.304747,-79.545188
locations.csv,"exact latitude, longitude (city)",WNBGOIL,WINNEBAGO COUNTY SHERIFF'S OFFICE,650 W. STATE STREET,ROCKFORD,WINNEBAGO,IL,61102,CHI,,,42.2778702,-89.1472689
sarahs research,"exact latitude, longitude (city)",WNTHOLD,WENATCHEE HOLD ROOM,,Wenatchee,Chelan,WA,,,,,47.436,-120.3295
locations.csv,"exact latitude, longitude (city)",WOAKSTX,WEST OAKS HOSPITAL,3814 UNIVERSITY BOULEVARD,HOUSTON,HARRIS,TX,77005,HOU,26/02/2014,25/08/2000,29.711436,-95.4009096
locations.csv,"exact latitude, longitude (city)",WOJUVIA,WOODBURY COUNTY JUVENILE DETENTION CENTER,822 DOUGLAS ST,SIOUX CITY,WOODBURY,IA,51101,SPM,13/11/2003,15/01/1997,42.4987607,-96.40658673
locations.csv,"exact latitude, longitude (city)",WOODBIA,WOODBURY COUNTY JAIL,407 7TH STREET,SIOUX CITY,WOODBURY,IA,51101,SPM,16/03/2003,31/03/1992,42.49750212,-96.40627378
sarahs research,"exact latitude, longitude (city)",WOODFKY,,,,,KY,,,,,37.8393,-84.27
locations.csv,"exact latitude, longitude (city)",WORCEMD,WORCESTER COUNTY JAIL,5022 JOYNER ROAD,SNOW HILL,WORCESTER,MD,21863,BAL,2004-11-17,4/1/00,38.170007,-75.375834
sarahs research,Latitude Longitude based only on state,WPOHOLD,WILLIAMSPORT HOLD ROOM,,,,PA,,,,,40.5908,-77.2098
locations.csv,"exact latitude, longitude (city)",WRIGHIA,WRIGHT COUNTY JAIL,719 2ND STREET SOUTHWEST,CLARION,WRIGHT,IA,50525,SPM,2002-09-03,10/8/00,42.724589,-93.7353441
locations.csv,"exact latitude, longitude (city)",WRIGHMN,WRIGHT COUNTY,10 2ND ST NORTHWEST,BUFFALO,WRIGHT,MN,55313,SPM,28/07/2002,28/12/1991,45.174004,-93.877068
sarahs research,"exact latitude, longitude (city)",WRMEDWI,,,,,WI,,,,,43.7844,88.7879
locations.csv,"exact latitude, longitude (city)",WSTMCCA,WESTERN MEDICAL CENTER,1001 N. TUSTIN AVENUE,SANTA ANA,ORANGE,CA,92705,LOS,24/06/2015,15/01/2009,33.7539445,-117.8330274
locations.csv,"exact latitude, longitude (city)",WSYOUMI,WASHTENAW COUNTY YOUTH FACILITY,2270 PLATT RD,ANN ARBOR,WASHTENAW,MI,48104,DET,22/07/2007,30/05/2006,42.25465111,-83.70044665
locations.csv,"exact latitude, longitude (city)",WTREGVA,WESTERN TIDEWATER REGIONAL JAIL,2402 GODWIN BOULEVARD,SUFFOLK,SUFFOLK CITY,VA,23434,WAS,30/04/2017,29/01/2011,36.76265318,-76.58661529
locations.csv,"exact latitude, longitude (city)",WTXDFTX,WEST TEXAS DETENTION FACILITY,401 S. VAQUERO AVE.,SIERRA BLANCA,HUDSPETH,TX,79851,ELP,2004-11-17,18/07/2007,31.166718,-105.351651
locations.csv,"exact latitude, longitude (city)",WVEASTR,EASTERN REGIONAL JAIL,1406 CHARLES TOWN ROAD,MARTINSBURG,BERKELEY,WV,25401,PHI,20/09/2017,19/08/2006,39.437643,-77.96108
sarahs research,Latitude Longitude based only on state,WVIRGVA,WESTERN VIRGINIA REGIONAL JAIL,,,,VA,,,,,37.7693,-78.17
locations.csv,"exact latitude, longitude (city)",WVNORTH,NORTHERN REGIONAL JAIL,RD #2,MOUNDSVILLE,MARSHALL,WV,26041,PHI,27/09/2017,22/04/2007,39.92285025,-80.73635876
sarahs research,Latitude Longitude based only on state,WVPTMAC,POTOMAC HIGHLANDS REGIONAL JAIL,,,,WV,,,,,38.4912,-80.9545
locations.csv,"exact latitude, longitude (city)",WVREGWV,WEST VIRGINIA REGIONAL CORRECTIONAL INSTITUTE,409 VIRGINIA STREET EAST,CHARLESTON,KANAWHA,WV,25301,PHI,22/10/2017,20/08/1992,38.35163333,-81.63902639
locations.csv,"exact latitude, longitude (city)",WVSCENT,SOUTH CENTRAL REGIONAL JAIL,1001 CENTRE WAY,CHARLESTON,KANAWHA,WV,25309,PHI,2004-11-17,30/08/2004,38.31210189,-81.71040225
sarahs research,Latitude Longitude based only on state,WWDHDNH,WENTWORTH DOUGLAS HOSPITAL,,,,NH,,,,,43.4525,-71.5639
locations.csv,"exact latitude, longitude (city)",WYATTRI,WYATT DETENTION CENTER,950 HIGH STREET,CENTRAL FALLS,PROVIDENCE,RI,2863,BOS,28/10/2010,1/10/97,41.89281058,-71.38319984
locations.csv,"exact latitude, longitude (city)",WYMCONY,WYOMING COUNTY JAIL,151 NORTH MAIN STREET,WARSAW,WYOMING,NY,14569,BUF,14/01/2008,16/02/1993,42.7430713,-78.1331127
locations.csv,"exact latitude, longitude (city)",YAKHOLD,YAKIMA HOLDING ROOM,3701 RIVER ROAD,YAKIMA,YAKIMA,WA,98902,SEA,2004-11-17,17/06/2010,46.61803443,-120.5579912
locations.csv,"exact latitude, longitude (city)",YAMCOOR,YAMHILL COUNTY CORRECTION,YAMHILL COUNTY COURTHOUSE,MCMINNVILLE,YAMHILL,OR,97128,SEA,2008-06-04,20/11/1990,45.211831,-123.192876
locations.csv,"exact latitude, longitude (city)",YANCOSD,YANKTON COUNTY JAIL,410 WALNUT STREET,YANKTON,YANKTON,SD,57078,SPM,2002-11-17,25/04/1995,42.8712602,-97.39367014
locations.csv,"exact latitude, longitude (city)",YATESNY,YATES COUNTY JAIL,227 MAIN STREET,PENN YAN,YATES,NY,14527,BUF,2010-06-14,6/11/87,42.665296,-77.056251
locations.csv,"exact latitude, longitude (city)",YAVAPAZ,YAVAPAI COUNTY JAIL,255 EAST GURLEY STREET,PRESCOTT,YAVAPAI,AZ,86301,PHO,31/05/2016,4/1/92,34.54176633,-112.4661021
locations.csv,"exact latitude, longitude (city)",YAVCVAZ,YAVAPAI COUNTY DETENTION CENTER,2830 COMMONWEALTH DR #105,CAMP VERDE,YAVAPAI,AZ,86322,PHO,13/08/2017,13/10/2008,34.61063,-111.916596
locations.csv,"exact latitude, longitude (city)",YELLOMT,YELLOWSTONE COUNTY JAIL,3165 KING AVENUE EAST,BILLINGS,YELLOWSTONE,MT,59101,SLC,2002-11-17,4/3/91,45.7553867,-108.5025368
locations.csv,"exact latitude, longitude (city)",YELYSMT,YELLOWSTONE COUNTY YOUTH SERVICES,410 SOUTH 26TH ST.,BILLINGS,YELLOWSTONE,MT,59101,SLC,2002-01-07,2009-07-05,45.77795238,-108.4981903
locations.csv,"exact latitude, longitude (city)",YIKIMWA,YAKIMA COUNTY DEPARTMENT OF CORRECTIONS,111 NORTH FRONT STREET,YAKIMA,YAKIMA,WA,98901,SEA,2004-11-17,31/05/1996,46.60340058,-120.5081747
locations.csv,"exact latitude, longitude (city)",YORCOPA,YORK COUNTY PRISON,3400 CONCORD ROAD,YORK,YORK,PA,17402,PHI,2004-11-17,27/01/1988,39.9875974,-76.66360293
locations.csv,"exact latitude, longitude (city)",YORCOSC,YORK COUNTY DETENTION CENTER,1675-3A YORK HWY,YORK,YORK,SC,29745,ATL,2004-11-17,2002-01-02,34.98489908,-81.20403402
locations.csv,"exact latitude, longitude (city)",YORKCME,YORK COUNTY JAIL,1 LAYMAN WAY,ALFRED,YORK,ME,4002,BOS,31/05/2011,26/12/1997,43.454148,-70.71837
sarahs research,"exact latitude, longitude (city)",YRKHOLD,YORK HOLD ROOM,,York,York,PA,,,,,39.9651,-76.7315
sarahs research,"exact latitude, longitude (city)",YRMDCAZ,,,,,AZ,,,,,33.7298,-111.4312
locations.csv,"exact latitude, longitude (city)",YUBAJCA,YUBA COUNTY JAIL,215 5TH STREET,MARYSVILLE,YUBA,CA,95901,SFR,2004-11-17,3/1/96,39.14059756,-121.5868946
locations.csv,"exact latitude, longitude (city)",YUJUVAZ,YUMA COUNTY JUVENILE CENTER,2795 SOUTH AVENUE B,YUMA,YUMA,AZ,85364,PHO,27/05/2004,20/05/1992,32.67691494,-114.650199
locations.csv,"exact latitude, longitude (city)",YUMAJAZ,YUMA COUNTY JAIL - ADULTS,141 SOUTH 3RD AVENUE,YUMA,YUMA,AZ,85364,PHO,31/03/2008,15/03/1993,32.7243389,-114.6228545
locations.csv,"exact latitude, longitude (city)",YUMAJCO,YUMA COUNTY JAIL,310 ASH STREET,WRAY,YUMA,CO,80758,DEN,2012-02-07,28/08/1991,40.07814641,-102.2206236
locations.csv,"exact latitude, longitude (city)",YUMHOLD,YUMA HOLDROOM,3911 S. PICO AVE.,YUMA,YUMA,AZ,85365,PHO,2004-11-17,2007-04-08,32.65579891,-114.6121807
locations.csv,"exact latitude, longitude (city)",ZAPCOTX,ZAPATA COUNTY JAIL,2311 STOP 23A,ZAPATA,ZAPATA,TX,78076,SNA,2001-06-04,13/05/2004,26.902042,-99.266226
locations.csv,"exact latitude, longitude (city)",ZAVCOTX,ZAVALA COUNTY JAIL,200 E UVALDE STREET #5,CRYSTAL CITY,ZAVALA,TX,78839,SNA,17/11/2009,9/4/92,28.679507,-99.82698
locations.csv,"exact latitude, longitude (city)",,FORT CHAFFEE,,Fort Chaffee,ARKANSAS,AK,72936,,1905-06-02,1905-06-04,35.210449,-94.260284
